-- Database Manager 4.2.5 dump

SET NAMES utf8;
SET time_zone = '+00:00';
SET foreign_key_checks = 0;
SET sql_mode = 'NO_AUTO_VALUE_ON_ZERO';

DROP TABLE IF EXISTS `academicprofiles`;
CREATE TABLE `academicprofiles` (
  `id` int(10) unsigned NOT NULL AUTO_INCREMENT,
  `user_id` bigint(20) unsigned DEFAULT NULL,
  `examination_passed` varchar(512) COLLATE utf8_unicode_ci NOT NULL,
  `university` varchar(512) COLLATE utf8_unicode_ci NOT NULL,
  `passed_out_year` varchar(4) COLLATE utf8_unicode_ci NOT NULL,
  `marks_obtained` varchar(50) COLLATE utf8_unicode_ci NOT NULL,
  `class` varchar(100) COLLATE utf8_unicode_ci NOT NULL,
  `created_at` timestamp NULL DEFAULT NULL,
  `updated_at` timestamp NULL DEFAULT NULL,
  PRIMARY KEY (`id`)
) ENGINE=InnoDB DEFAULT CHARSET=utf8 COLLATE=utf8_unicode_ci;

INSERT INTO `academicprofiles` (`id`, `user_id`, `examination_passed`, `university`, `passed_out_year`, `marks_obtained`, `class`, `created_at`, `updated_at`) VALUES
(2,	7,	'M.Tech',	'University of Hyderabad',	'2017',	'91',	'A',	'2019-06-10 05:51:41',	'2019-06-10 05:51:41');

DROP TABLE IF EXISTS `activities`;
CREATE TABLE `activities` (
  `id` int(10) unsigned NOT NULL AUTO_INCREMENT,
  `user_id` bigint(20) unsigned DEFAULT NULL,
  `activity_description` text COLLATE utf8_unicode_ci,
  `created_at` timestamp NULL DEFAULT NULL,
  `updated_at` timestamp NULL DEFAULT NULL,
  PRIMARY KEY (`id`)
) ENGINE=InnoDB DEFAULT CHARSET=utf8 COLLATE=utf8_unicode_ci;

INSERT INTO `activities` (`id`, `user_id`, `activity_description`, `created_at`, `updated_at`) VALUES
(6,	7,	'Greeted and proactively assisted visitors in a timely manner\n    Guaranteed prompt delivery of incoming mail to appropriate recipients\n    Streamlined processes to effectively track, order, and maintain inventory',	'2019-06-10 05:51:41',	'2019-06-10 05:51:41');

DROP TABLE IF EXISTS `activity_log`;
CREATE TABLE `activity_log` (
  `id` int(10) unsigned NOT NULL AUTO_INCREMENT,
  `log_name` varchar(255) COLLATE utf8_unicode_ci DEFAULT NULL,
  `description` varchar(255) COLLATE utf8_unicode_ci NOT NULL,
  `subject_id` int(11) DEFAULT NULL,
  `subject_type` varchar(255) COLLATE utf8_unicode_ci DEFAULT NULL,
  `causer_id` int(11) DEFAULT NULL,
  `causer_type` varchar(255) COLLATE utf8_unicode_ci DEFAULT NULL,
  `properties` text COLLATE utf8_unicode_ci,
  `created_at` timestamp NULL DEFAULT NULL,
  `updated_at` timestamp NULL DEFAULT NULL,
  PRIMARY KEY (`id`)
) ENGINE=InnoDB DEFAULT CHARSET=utf8 COLLATE=utf8_unicode_ci;


DROP TABLE IF EXISTS `blogs`;
CREATE TABLE `blogs` (
  `id` int(10) unsigned NOT NULL AUTO_INCREMENT,
  `title` varchar(512) COLLATE utf8_unicode_ci NOT NULL,
  `slug` varchar(1000) COLLATE utf8_unicode_ci NOT NULL,
  `image` varchar(199) COLLATE utf8_unicode_ci DEFAULT NULL,
  `content` text COLLATE utf8_unicode_ci NOT NULL,
  `status` tinyint(4) NOT NULL DEFAULT '0',
  `tags` varchar(50) COLLATE utf8_unicode_ci NOT NULL,
  `created_at` timestamp NULL DEFAULT NULL,
  `updated_at` timestamp NULL DEFAULT NULL,
  PRIMARY KEY (`id`)
) ENGINE=InnoDB DEFAULT CHARSET=utf8 COLLATE=utf8_unicode_ci;

INSERT INTO `blogs` (`id`, `title`, `slug`, `image`, `content`, `status`, `tags`, `created_at`, `updated_at`) VALUES
(1,	'Menorah Exam introduces new feature to add “video link” in “solution report”',	'menorah-exam-introduces-new-feature-to-add-video-link-in-solution-report',	'1_7447592.png',	'<p><a href=\"http://phpstack-127383-482309.cloudwaysapps.com/menorah-oes/\"><strong>Menorah Exam</strong></a>&nbsp;is a leading online assessment platform by&nbsp;<strong>Conquerors</strong>&nbsp;that has been specifically designed to simplify the assessment cycle. Its vast functionalities are created to serve various user needs and are regularly updated in accordance with the ever changing trend in online assessment technology.</p>\r\n\r\n<p><strong>&ldquo;Menorah&nbsp;Exam has introduced its very latest feature that gives choice to the admin to provide&nbsp;&ldquo;video link&rdquo;&nbsp;in the&nbsp;solution report&ldquo;</strong></p>\r\n',	1,	'ONLINE ASSESSMENT PLATFORM',	'2019-05-29 01:09:56',	'2019-05-29 05:42:59'),
(2,	'Online Assessment Software, Menorah  Exam  introduces “Subjective” and “Image type” question choice',	'online-assessment-software-menorah-exam-introduces-subjective-and-image-type-question-choice-1',	'2_1761092.png',	'<p><a href=\"http://phpstack-127383-482309.cloudwaysapps.com/menorah-oes/\"><strong>&nbsp;Menorah Exam</strong></a>&nbsp;is a renowned online assessment as well as&nbsp;<a href=\"http://phpstack-127383-482309.cloudwaysapps.com/practice-exams\">online quiz maker platform</a>&nbsp;by <strong>Conquerors</strong>, the pioneers of innovating best online/offline assessment solutions. It has got its presence in many different sectors such as corporates, government and educational industries, simplifying their assessment process with its multifaceted tech-based solutions</p>\r\n',	1,	'ONLINE ASSESSMENT PLATFORM',	'2019-05-29 01:56:10',	'2019-05-29 05:43:20'),
(3,	'5 Ways to convert conventional classrooms into high-tech classrooms',	'5-ways-to-convert-conventional-classrooms-into-high-tech-classrooms-2',	'3_5973194.png',	'<p><em><strong>&ldquo;We need technology in every classroom and in every student and teachers hand, because it is the pen and paper of our time, and it is the lens through which we experience most of our world.&rdquo;</strong></em></p>\r\n\r\n<p>&nbsp;</p>\r\n\r\n<p>These days everybody is a tech-geek with mobile phones in their hands and technology based ideas in their mind. When nothing is being left without the influence of technology, then how can we not expect it to get into the main stream of learning too? Keeping in line with the innovation of&nbsp;<strong>new technology trends</strong>, teachers are offering students the privilege of education they truly want and need.</p>\r\n\r\n<p>&nbsp;</p>\r\n\r\n<p><img alt=\"Hitech classroom\" src=\"https://blog.thinkexam.com/wp-content/uploads/2019/04/High-tech-classrooms-1024x576.png\" style=\"height:576px; width:1024px\" /></p>\r\n\r\n<p>&nbsp;</p>\r\n\r\n<p>&nbsp;</p>\r\n\r\n<p>Schools have started to recognize the importance of wireless gadgets and its significance in shaping the brand new tech enhanced learning ecosystem in the classroom setting. More and more classrooms at K12 level and even in higher education are adopting this meaningful change and it is only subject to rise in the coming years.</p>\r\n\r\n<p>It was way earlier prophesized by Market research firm Global Industry Analysts that &ldquo;E Learning&rdquo; would reach $107 Billion in 2015 and it did. Now, Research and Markets forecasts show triple the revenue of 2015 &ndash; e-learning will grow to $325 Billion by 2025.&rdquo;</p>\r\n\r\n<p>With all the jargon regarding the rise of technology in the educational sector, what exactly are the educational technology trends that are gaining fame amongst the students as well as the teachers?</p>\r\n\r\n<p>&nbsp;</p>\r\n\r\n<p>&nbsp;</p>\r\n\r\n<h3>Here is a list of top 5 technology trends that are bringing a fresh wave of change to our ever existing conventional classrooms:</h3>\r\n\r\n<p>&nbsp;</p>\r\n\r\n<p><strong>Flipped Learning</strong></p>\r\n\r\n<p>This is an evolved form of blended learning in which the students initiate into learning activities from the space of their home. The technology behind flipped learning is the advent of E Learning apps and studying content online. Many learning apps provide various descriptive videos and solutions that make learning instant, easy and fun. The role of classroom in flipped learning is to assess what students have learned, and do their homework in class (as goes the name &ldquo;flipped&rdquo;). This type of learning eliminates the restriction of teacher being the only source of knowledge provider; instead students can learn from each other in groups created on the eLearning apps and other similar platforms.</p>\r\n\r\n<p>&nbsp;</p>\r\n\r\n<p><strong>Online Assessment Platform</strong></p>\r\n\r\n<p>Not just classroom learning but classroom assessments are also experiencing a vast change in terms of technology. Specially designed&nbsp;<a href=\"https://www.thinkexam.com/\"><strong>online exam platform for schools</strong></a>&nbsp;are simplifying the assessment task both for teachers and students making it much more efficient, accurate and prevalent than before. With the integration of a single online test platform in the classroom system, teachers can create, conduct and evaluate assessments all at once. It completely eliminates the hassle of manual assessments and augments the core value of examination with a twist of innovative creativity.</p>\r\n\r\n<p>&nbsp;</p>\r\n\r\n<p><strong>Gamification</strong></p>\r\n\r\n<p>Long gone have those days when games used to be abhorred by parents and teachers! Now games are the most significant part of our recent times learning methods. Gamification uses the basics of game system that involves providing reward winners, challenges, increasing the level of challenges with accordingly bigger rewards. This makes various classroom tasks fun and more engaging in comparison to any other type of method for learning.</p>\r\n\r\n<p>All types of games are created on the concept of intense release of dopamine which is a chemical in the brain that gets triggered when you win at a game. This gives a positive experience to the students related to learning and naturally increases their interest in gaining more of knowledge.</p>\r\n\r\n<p>&nbsp;</p>\r\n\r\n<p><strong>Social Media</strong></p>\r\n\r\n<p>Social media such as Facebook, Twitter and YouTube are quite popular amongst today&rsquo;s generation but it still considered as a distraction in the classroom setting. No doubt that it has made its way in the domain of education but it is still not much acceptable. It is important to put light on the fact that students these days are more comfortable with social media platforms and so it can be powerful tool for both students and teachers.</p>\r\n\r\n<p>There are many platforms in the educational market that are replicas of social media but are solely used for the purpose of education. One of which is&nbsp;<strong>Study24x7, platform created for both learners and educators</strong>&nbsp;to augment learning and knowledge sharing process in a real time environment. Such platforms serve various purposes and provide courses and varied educational materials. Connecting with mentors or discussing with similar aspirants all in all is possible through Social media platforms for learning.</p>\r\n\r\n<p>&nbsp;</p>\r\n\r\n<p><strong>Mind Mapping</strong></p>\r\n\r\n<p><em><strong>&ldquo;Just as in every great idea, its power lies in its simplicity&rdquo;</strong></em>. Mind Mapping is a way to represent ideas and concepts in a graphical manner. It is a tool that uses visual thinking factor that helps in structuring information, helping students to better understand, comprehend and recall existing ideas and generating new ideas as well.</p>\r\n\r\n<p>It has been developed to take place of traditional note taking methods replacing it with a technique that resembles more closely to how the brain actually works. Since it is a task that is both artistic and analytical in nature it engages the brain in a more active manner and best of all it is fun!</p>\r\n',	1,	'ONLINE ASSESSMENT PLATFORM',	'2019-05-29 02:04:15',	'2019-05-29 05:43:39'),
(4,	'Should Aptitude Tests be trusted in foretelling candidate’s competency?',	'should-aptitude-tests-be-trusted-in-foretelling-candidates-competency-3',	'4_5852158.png',	'<p>It is becoming a standard practice across varied sectors to integrate aptitude and knowledge tests while screening potential applicants for any job opening. But what makes it an inevitable trend? Is it all an overestimated hoax or does it actually stand a chance to work wonders in the recruitment process?</p>\r\n\r\n<p>With each passing day count of job applicants are largely increasing in number and to narrow down their&nbsp;approach is a cumbersome task until and unless recruiters are using some sort of filtration technique. Now to answer the above mentioned questions, aptitude tests efficiently work as one of the most important filters in the initial phase of recruitment. And if we talk about its accuracy, then that depends, but on what? It entirely depends upon how precisely, it has been customized and the standard of its validity and norms.</p>\r\n\r\n<p>&nbsp;</p>\r\n\r\n<h2><strong>Correlation between aptitude test and job competency</strong></h2>\r\n\r\n<p>It has been significantly observed that IQ level is what matters when it comes to aptitude test scores, job performance and trainability. The basic factor that is taken into consideration while assessing a candidate is the fluid intelligence. Fluid intelligence is the ability of reasoning, flexible thinking and problem solving.</p>\r\n\r\n<p>So this proves that your IQ level is the most eminent predictor of job competency. The higher your IQ is the more eligible you will be for a complex job profile through the attempted aptitude test. A correlation exists of&nbsp;0.80 (a standard measure ranging from 0 to 1) between IQ level and job performance in regards to higher level jobs. The better one performs at work the faster he/she can progress in career hence, a positive link appears between IQ level and career status.</p>\r\n\r\n<h3><strong>Types of candidate Aptitude tests</strong></h3>\r\n\r\n<p>&nbsp;</p>\r\n\r\n<p>&nbsp;</p>\r\n\r\n<p><strong>&ndash; Knowledge Tests</strong>&ndash; These tests are designed to measure the knowledge of the candidates that is specifically related to the respective job profile. Knowledge test is customized to match the relevancy of the job responsibilities and to ensure that the candidate meets the criteria of minimum required knowledge.</p>\r\n\r\n<p><strong>&nbsp;&ndash; Skills Tests</strong>&ndash; These tests are specially designed to objectively measure a candidates job related abilities that are mandatory to assess before.</p>\r\n\r\n<p><strong>&nbsp;&ndash; Personality Tests</strong>&ndash; There are many types of personality tests, but in the process of screening mostly four factors are assessed of a candidates personality:</p>\r\n\r\n<ul>\r\n	<li>&ndash; Thought process</li>\r\n	<li>&nbsp;&ndash; Introversion vs. Extroversion</li>\r\n	<li>&nbsp;&ndash; Intuition</li>\r\n	<li>&nbsp;&ndash; Perception</li>\r\n</ul>\r\n\r\n<p>&nbsp;</p>\r\n\r\n<h3>Aptitude tests and hiring process</h3>\r\n\r\n<p>Aptitude tests are a highly recommended tool to classify right talent. Every job role irrespective of how miscellaneous is its presence in an organization, definitely requires a certain level of intelligence and cognitive skills. The best interpreter of on job proficiency is cognitive intelligence that can be best judged by the application of aptitude tests.</p>\r\n\r\n<p><strong>&ldquo;The Harvard Business Review reports that as much as 80 percent of staff turnover is attributed to poor hiring decisions.&rdquo;&nbsp;</strong>Incurring such a huge loss on a&nbsp;<strong>regular basis can result in a non-avoidable demise for the organization.</strong></p>\r\n\r\n<p><a href=\"http://phpstack-127383-482309.cloudwaysapps.com/practice-exams/\">Integrating aptitude tests</a>&nbsp;in your recruitment process, not only precisely assess if a candidate has got the right expertise to perform in a particular job role, but also predict if a candidate has got the possibility to be further trained and prepared for a leadership role. Moreover, using an aptitude test gives the benefit to HR&rsquo;s in coordinating with a structured hiring process that helps them in pre-deciding assessments that can yield optimum results during the time of screening.</p>\r\n',	1,	'ONLINE ASSESSMENT PLATFORM',	'2019-05-29 02:06:18',	'2019-05-29 05:44:06'),
(5,	'Add color to your Menorah Exam panel! “Attractive themes” to brighten your assessments!',	'add-color-to-your-menorah-exam-panel-attractive-themes-to-brighten-your-assessments-4',	'5_9243390.png',	'<p><strong>MenorahExam</strong>, the leading&nbsp;<a href=\"http://phpstack-127383-482309.cloudwaysapps.com/practice-exams\">online assessment software</a>&nbsp;is a product of Ginger Webs, the company which prides in providing technology based testing and assessment solutions to the world of education. With regular enhancements to the Menroah Exam platform, it has very recently introduced the functionality of&nbsp;<strong>&ldquo;Theme Manager&rdquo;</strong>&nbsp;and the option to change text and icon color from black to white and vice-versa.</p>\r\n\r\n<p><strong>&ldquo;We are thrilled to announce this new functionality to our users as we&nbsp;</strong>continuously<strong>&nbsp;strive to bring the best of our efforts to the convenience of our clients&rdquo;</strong>. Adding the&nbsp;<strong>&ldquo;Theme Manager&rdquo;</strong>&nbsp;option gives a new innovative side to the panel, making it more attractive and bright to the users- both administrators as well as candidates.</p>\r\n\r\n<p>Accordingly the text and icon color can also be changed from black to white and vise-versa whichever is suitable in contrast with the header and footer theme.</p>\r\n\r\n<p>Menorah Exam has been rendering best of its service in the field of automating assessments since the year 2010. The product has been praised and&nbsp;<strong>trusted by 500+ clients</strong>&nbsp;from around the globe, making it by far the best online assessment platform. The clientele ratio ranges from various educational and corporate backgrounds, thus Think Exam is the most recognized online exam software in schools, colleges, institutes, Government/ PSU&rsquo;s and even corporate.</p>\r\n\r\n<p>&nbsp;</p>\r\n',	1,	'ONLINE ASSESSMENT PLATFORM',	'2019-05-29 02:09:30',	'2019-05-29 05:44:25'),
(6,	'What is the Role and Scope of AI in Online Assessments?',	'what-is-the-role-and-scope-of-ai-in-online-assessments-5',	'6_2677728.jpeg',	'<p>Introduction of AI in Online Assessment</p>\r\n\r\n<p>Artificial Intelligence (AI) does sound like a new term that has recently started to take control over various aspects of assessments, but the very first time AI made its initial move in this sector was in the&nbsp;<strong>era of 1990s</strong>. It was the time when paper-based assessments took a turn towards technology moving the conventional exam system to the&nbsp;<a href=\"http://phpstack-127383-482309.cloudwaysapps.com/practice-exams\"><strong>online examination platform</strong></a>.</p>\r\n\r\n<p>Functionalities such as automated scoring and computer generative easy to interpret reports started coming in trend. It was one of the most significant routine tasks that got transformed with technology, producing a candidate report with the use of algorithms.</p>\r\n\r\n<p>With time the use of AI has greatly amplified in terms of completely automating the whole of the&nbsp;assessment process and totally eliminating even the slightest manual interference.</p>\r\n\r\n<h3>But with the application of AI comes along a few challenges that need to be overcome for a&nbsp;better experience while using it-</h3>\r\n\r\n<ul>\r\n	<li>\r\n	<ul>\r\n		<li><strong>➢ Issues related to defensibility&nbsp;</strong>&ndash; AI evolves on the concept of &ldquo;deep learning networks&rdquo; which means that it learns as the data increases on the online test software. If the same systems are used by your competitors, then more or less you all will be on the same page of chasing similar talent. Another issue is that AI develops and learns based on data collected over time which makes it possible to take decisions. So sometimes it becomes hard to analyze its reasoning and to comprehend that the decision is based on which algorithm. Only the AI system which comes with the scope of customization can provide transparent decisions.</li>\r\n	</ul>\r\n	</li>\r\n</ul>\r\n\r\n<p>&nbsp;</p>\r\n\r\n<ul>\r\n	<li>\r\n	<ul>\r\n		<li><strong>➢ Time&nbsp;Taking</strong>&ndash; As mentioned in the above point, AI develops over the course of time. The concept of AI is to replicate human behavior and develop on the data acquired from your assessors and raters. To train your AI you need to pre-feed the online test platform system on which the AI can base its concepts, which is a time taking process.</li>\r\n	</ul>\r\n	</li>\r\n</ul>\r\n\r\n<p>&nbsp;</p>\r\n\r\n<ul>\r\n	<li>\r\n	<ul>\r\n		<li><strong>➢ Ethical issues</strong>&nbsp;&ndash; It is an ethical point that how much you depend on the support of AI. You need to decide if AI should take complete hold on the procedure or it has to be used only for additional information or augmenting efficiency. Depending completely on AI can be problematic somewhere, but using it as a companion in helping you making decisions is much better.</li>\r\n	</ul>\r\n	</li>\r\n</ul>\r\n\r\n<p>&nbsp;</p>\r\n\r\n<ul>\r\n	<li>\r\n	<ul>\r\n		<li><strong>➢ Data handling</strong>&nbsp;&ndash; AI is an efficient system to handle large data at hand with perfect ease. But when it comes to interpreting the results and making decisions, then misinterpretation of data can be a problem. AI should be used in a careful manner and its functioning needs to be supervised to predict the outcomes.</li>\r\n	</ul>\r\n	</li>\r\n</ul>\r\n\r\n<p>&nbsp;</p>\r\n\r\n<p>Artificial intelligence has become a significant part of the&nbsp;<a href=\"http://phpstack-127383-482309.cloudwaysapps.com/\"><strong>online test platform</strong></a>&nbsp;as it is the most effective way to counter the drawbacks that are otherwise disrupting the assessment process in manual methods. Its part in guiding the online assessments and making them accurate at best is one of the many roles that AI plays.</p>\r\n\r\n<h3><strong>Other than this some of its other benefits are:</strong></h3>\r\n\r\n<p>&nbsp;</p>\r\n\r\n<ul>\r\n	<li>\r\n	<ul>\r\n		<li><strong>➢ Precision&nbsp;</strong>&nbsp;&ndash; Handling huge data at hand is a brainstorming task for humans and is subject to some serious errors that can disrupt the outcome. With the presence of AI, the benefit is that it can analyze any amount of data with precision and perfection. Every day the efficiency and application of AI are growing while being used in software this is the reason why it can be depended upon more than human calculation when making decisions.</li>\r\n	</ul>\r\n	</li>\r\n</ul>\r\n\r\n<p>&nbsp;</p>\r\n\r\n<ul>\r\n	<li>\r\n	<ul>\r\n		<li><strong>➢ Efficiency</strong>&nbsp;&ndash; Whenever any process is automated, it becomes efficient in comparison to manual methods. Integration of AI in the online test software enables the administrator to conduct objective and consistent assessments with efficiency. AI also adds to the feature of online proctoring by giving detailed analysis on individual candidates in real-time scenario.</li>\r\n	</ul>\r\n	</li>\r\n</ul>\r\n\r\n<p>&nbsp;</p>\r\n\r\n<ul>\r\n	<li>\r\n	<ul>\r\n		<li><strong>➢ Eliminates bias factor</strong>&nbsp;&ndash; In general humans are inclined towards stereotypes and biases, but this is not the case with AI. It does not perceive any irrelevant factor while making decisions and solely rely on the installed programming and acquired data.</li>\r\n	</ul>\r\n	</li>\r\n</ul>\r\n\r\n<p>&nbsp;</p>\r\n\r\n<ul>\r\n	<li>\r\n	<ul>\r\n		<li><strong>➢ Engagement</strong>&nbsp;&ndash; AI improves the quality of the&nbsp;online examination platform giving the best of experience to its users making it interesting software to use. Especially when online assessments are used for recruiting purposes, AI enhances the process of selection for both candidates as well as recruiters and makes better decisions.</li>\r\n	</ul>\r\n	</li>\r\n</ul>\r\n\r\n<p>&nbsp;</p>\r\n\r\n<h2><strong>Future of AI in Online Assessment</strong></h2>\r\n\r\n<p>&nbsp;</p>\r\n\r\n<p>In the end it is important to take a glance on its future scope in online test software and how it is supposed to improve with time. Technology has got no limitations on its growth and is only moving towards more superior level in terms of rendering perfection. In this light it is important to note that assessment developers are coming up with new ideas every other day and are looking forward to implement AI on a much broader platform.</p>\r\n\r\n<p>Open ended questions are the next move that needs to be effectively integrated with the online test platform which can also be evaluated using AI instead of manual evaluation. Carrying out real time interviews during recruiting assessments is another growth that the online assessment world is looking up to.</p>\r\n\r\n<p>&nbsp;</p>\r\n\r\n<h3>Think Exam Advanced AI enabled platform</h3>\r\n\r\n<p><img alt=\"Menorah exam\" src=\"http://phpstack-127383-482309.cloudwaysapps.com/menorah-oes/images/logo.png\" style=\"height:74px; width:288px\" /><br />\r\nArtificial Intelligence plays a significant role in augmenting the quality of tech-enhanced features of&nbsp;<strong>Think Exam online assessment platform</strong>. It has given a new meaning to the concept of online proctoring by giving precision like never before. Other than proctoring, AI has also been integrated with basic necessities of the platform such as test creation and test conducting features. To know more on how AI backs the excellence of Think Exam assessment platform,&nbsp;<a href=\"http://phpstack-127383-482309.cloudwaysapps.com/\"><strong>sign up</strong></a>&nbsp;to the platform.</p>\r\n\r\n<p>&nbsp;</p>\r\n',	1,	'ONLINE ASSESSMENT PLATFORM',	'2019-05-29 02:17:23',	'2019-06-06 12:26:41'),
(7,	'Tech tools enhancing the implementation of Formative Assessments!',	'tech-tools-enhancing-the-implementation-of-formative-assessments-6',	'7_7897761.jpeg',	'<p><strong>&ldquo;Formative Assessments are the way a classroom teacher can check to make sure everyone arrives at the destination of learning.&rdquo;</strong></p>\r\n\r\n<p>&nbsp;</p>\r\n\r\n<p>Teaching methodology is a significant part of the education system that needs to be reformed time and again in order to cater to the increasing demands of the K-12 curriculum. To avoid stagnation in the methods of imparting knowledge, formative assessments are conducted to elicit, interpret and derive the evidence from student performance to inculcate changes in the instruction and learning techniques. Formative assessments are an integral component of effective classroom learning, serving the purpose of being an operative teaching tool unlike summative tests that are used as accountability metric.</p>\r\n\r\n<p>&nbsp;</p>\r\n\r\n<p><strong>Some of the basic characteristics of formative assessments are:</strong></p>\r\n\r\n<ul>\r\n	<li>&nbsp;&ndash; Illustrating and sharing the learning objectives.</li>\r\n	<li>&nbsp;&ndash; Evaluate learning while it is developing.</li>\r\n	<li>&nbsp;&ndash; Inaugurate productive classroom discussions and delivering consistent feedback.</li>\r\n	<li>&nbsp;&ndash; Encouraging students to become the drivers of their own learning and instructional resources.</li>\r\n</ul>\r\n\r\n<p>In 1998, Black and William conducted a research on formative assessment in which they synthesized over 250 publications by age groups ranging from 5 year olds to undergraduates, spread across several schools and several countries. This research concluded that formative assessment is indeed the most effective strategy to improve academic achievements. Being a critical element in gaining insight into student progress, highlighting the areas of lag and refining the methods of teaching,&nbsp;<a href=\"http://phpstack-127383-482309.cloudwaysapps.com/\">formative assessments are a useful tool for teachers</a>&nbsp;to personalize learning and improve it for the betterment of their students.</p>\r\n\r\n<p><em><strong>As goes the line by Grant Wiggins,</strong></em></p>\r\n\r\n<blockquote>\r\n<p><strong>&ldquo;Learners need endless feedback more than they need endless teaching.&rdquo;</strong></p>\r\n</blockquote>\r\n\r\n<p>Formative assessment is an ideal method to cater the demand of providing endless feedback but doing so with a manual procedure can be tedious. This is where technology surpasses the limitations assigned by standard methods and take over the assessment procedure in a whole new way.</p>\r\n\r\n<p><strong>Tech Tools Empowering Teachers</strong></p>\r\n\r\n<p><strong>How technology tools are serving to the needs of teachers as well as students in the process of formative assessments?</strong></p>\r\n\r\n<p>Technology enhanced learning opens the door to unlimited possibilities for both teachers and students. It is an ideal way to increase productivity and maintain the authenticity of the approach towards assessing the instruction and learning techniques. The main tech tools used for the purpose of conducting impactful formative assessments are online quiz builder and different types of&nbsp;<a href=\"http://phpstack-127383-482309.cloudwaysapps.com/\">online quiz maker tool for teachers</a>&nbsp;that are specially designed to support and enhance the quality of formative assessments.&nbsp;<strong>They can be molded according to the specific needs in order to attain following advantages:</strong></p>\r\n\r\n<ul>\r\n	<li>&nbsp;&ndash; Provide altered support modes to each student</li>\r\n	<li>&nbsp;&ndash; Understand the areas of strength and weaknesses</li>\r\n	<li>&nbsp;&ndash; Personalize instructions to meet the need of every student</li>\r\n</ul>\r\n\r\n<p>Collecting the student&rsquo;s response in real time with the help of tech tools, teachers are better able to provide instant altered support modes to each student. It is not necessary that every student is following the same pace while gaining knowledge, hence altering the support modes to suit the convenience of a student is where the teacher excels in terms of effective teaching.</p>\r\n\r\n<p>Tech tools assist the teachers in pointing out the areas of strength and weakness for each student which enables the teacher to identify the ways in which the teaching practice can be revised and modified accordingly. Catering to such diverse needs in a classroom setting, manual approach can ruin the concerns of a teacher and can affect the efficiency of the strategy applied. With the integration of easy to use&nbsp;<a href=\"http://phpstack-127383-482309.cloudwaysapps.com/\">online quiz tool into formative assessments</a>, teachers can align their teaching methods that are in balance with the needs of the knowledge seekers.</p>\r\n\r\n<p><strong>Conclusion</strong></p>\r\n\r\n<p>Identifying the right tech-friendly tool to carry on with the process of formative assessments is a critical point for teachers. With numerous options accessible for teachers it can be an intimidating task to pick a right one that suits your needs. Variety of factors needs to be taken into consideration when deciding on a tech tool to implement on your students. Age and Ability of your students should be the first concern while planning to use a technology tool.</p>\r\n\r\n<p>Elementary students are more capable of showing what they know through their actions unlike older students who can answer to quiz questions and can write responses to the questions. Whatever the technology tool you decide upon should depend on the objectives as well as characteristics of the classroom, such as quantity of work and comprised students.</p>\r\n',	1,	'ONLINE ASSESSMENT PLATFORM',	'2019-05-29 02:22:29',	'2019-05-29 05:44:47'),
(8,	'How the advent of Tech-Tools is altering the pedagogy for Teachers?',	'how-the-advent-of-tech-tools-is-altering-the-pedagogy-for-teachers-7',	'8_6448895.jpeg',	'<p>&ldquo;74 percent of educator&rsquo;s surveyed said technology is the key to helping them expand on classroom content; the same percentage said technology is a motivational tool; and 73 percent said it helps teachers respond to different learning styles. Moreover, 69 percent said technology has helped do more than ever before for their students.&rdquo;&nbsp;</p>\r\n\r\n<p>&nbsp;</p>\r\n\r\n<p>Technology is emerging as a preferable possibility for elevating the concept of anti-oppressive education that is &ldquo;multiple approaches to learning that challenge forms of oppression&rdquo;. It is a point to be acknowledged that students these days are already on a familiar level with the changes that technology beholds for them. They have adapted to the new trends of automated world which creates a feasible opportunity to integrate various forms of technology in the classroom setting. But if we consider the minimal exposure of technology from the viewpoint of teachers then the situation gives rise to the concept of tech literacy.</p>\r\n\r\n<p>&nbsp;</p>\r\n\r\n<p>&nbsp;</p>\r\n\r\n<p><strong>Technological Literacy- Educating the educators</strong></p>\r\n\r\n<p>ITEA- International Technology Education Association illustrates technological literacy as the ability to &ldquo;use, manage, assess, and understand technology&rdquo;. Ceaseless innovations penetrating the education sector creates an increasing demand on teachers upon whom important decision lies as to when, where and how to use technology in classroom. It is imperative to impart these educators hands-on training in using classroom technology. A mere knowledge of how to counteract technical challenges is not enough, benefit lies in raising awareness amongst the teachers that how technology transforms relations, identities and complex power structures.</p>\r\n\r\n<h2>How tech-tools are changing the approach of teachers in classrooms?</h2>\r\n\r\n<p>A predictive quote goes to the credit of Thomas Edison that says:</p>\r\n\r\n<p><strong><em>&ldquo;Books will soon be obsolete in the public schools&hellip;our school system will be completely changed inside of 10 years&rdquo;.</em></strong></p>\r\n\r\n<p>Well it is not much affirmative if we have witnessed so much of change in 10 years since the inception of this quote but our school system has definitely evolved, say at a rather sluggish pace but yes it has. Tech-tools are proliferating the K-12 learning and assessment agenda and&nbsp;<em><strong><a href=\"http://phpstack-127383-482309.cloudwaysapps.com/\">online test maker software are being extensively used by the teachers</a>&nbsp;to conduct online tests</strong></em>&nbsp;that are creative and interactive, changing the traditional assessment system that was monotonous and less approachable. Some of the other benefits of technology in the classroom setting are:</p>\r\n\r\n<p><strong>Enhances engagement</strong></p>\r\n\r\n<p>Integration of technology into every day lessons increases the interest of students into grasping the knowledge. A research proves that<em><strong>&nbsp;around 74% of educators agree on the fact that tech tools are helpful in motivating the students to learn</strong></em>. Technology works as a privilege for the teachers in making classroom learning a fun and interactive activity. It transforms the concepts of same old lessons and represents in new ways. Online test maker software for teachers is another vertical to the technology in education system that enhances the assessment experience for both teachers as well as for students.</p>\r\n\r\n<p><strong>Inspire individual learning</strong></p>\r\n\r\n<p>Every student learns at different pace. No two students can be matched in terms of intelligence and reactiveness towards acquiring knowledge.&nbsp;<strong><em>Around 69% of educators believe that tech tools make them do much more than ever before for their students</em></strong>. Technology provides possible opportunities to target every single student in a classroom in a different manner. For instance, students can assimilate ideas at their own pace, can assess and re-learn the same whenever they wish to.</p>\r\n\r\n<p><strong>Boost retention of knowledge</strong></p>\r\n\r\n<p>Interesting methods of imparting knowledge increase the attention of students and generate better knowledge retention. With the use of technology every student gets a chance to interactively participate in the classroom directly raising the chances of better retention of the concepts learned. Amongst so many technologies available in the market teachers need to experiment with the ones that best suits the need in terms of retaining the knowledge of students.</p>\r\n\r\n<p><strong>Increased involvement of educators</strong></p>\r\n\r\n<p>Tech tools such as social learning platforms make it preferable for teachers to create and manage and groups. This increases the proximity of learning as the teachers are accessible even outside the classroom setting and can be approached on these social learning platforms easily. Teachers can use these platforms to upload videos and images related to their lessons and can initiate active participation on a broader spectrum.</p>\r\n',	1,	'ONLINE ASSESSMENT PLATFORM',	'2019-05-29 02:26:00',	'2019-05-29 05:45:06'),
(9,	'Quiz building software – A platform to create exclusive Quizzes for your students',	'quiz-building-software-a-platform-to-create-exclusive-quizzes-for-your-students-8',	'9_2619319.jpeg',	'<p><strong>&ldquo;The most important thing that schools can do is not to use technology in the curriculum more, but to use it more effectively.&rdquo;</strong></p>\r\n\r\n<p>&nbsp;</p>\r\n\r\n<p>Global Education System is a huge body in itself of which Indian education system constitutes the majority part. India is a hub of one of the most renowned schools and colleges, providing educational standards that the students wish to seek from all around the globe. According to the data of MHRD- Ministry of Human Resource Development, there are total of 1.3 million schools in India, and the count is only bound to increase with the heightened growth in student count. This automatically bends us towards the usage of technology in order to sustain the pedagogy that is effective in imparting quality education.</p>\r\n\r\n<p>&nbsp;</p>\r\n\r\n<p>&nbsp;</p>\r\n',	1,	'ONLINE ASSESSMENT PLATFORM',	'2019-05-29 02:27:58',	'2019-05-29 05:45:25'),
(10,	'You’re hired! – How Online Assessment takes HR closer to the End Deal?',	'youre-hired-how-online-assessment-takes-hr-closer-to-the-end-deal-9',	'10_3986589.jpeg',	'<p>India with a $154-billion of information technology sector is ranking globally in succession of drastically raising the market level of IT industry. A growth level of 30% on an annual basis is lending a steadfast grip to the IT companies, which are responsible for increasing employability rate in the Country by providing jobs to around 3.9 million people. With such a vast development of this sector in many verticals the only sector that needs to discard its rudimentary and mundane approach is undoubtedly, human resource.</p>\r\n\r\n<p>&nbsp;</p>\r\n\r\n<p>The sole body in an organization, responsible to appoint skilled employees is that of recruiters. With so much of dependency over recruiter&rsquo;s rational skills that are subject to bias and partiality, one can hardly expect to land a genuinely fair deal in the process of hiring. So does this mean that organizations are entitled to face this grave share of luck, like&hellip; forever!? Well not in the presence of technology that hasn&rsquo;t failed to create its eminence in every domain. With a sudden burgeon of&nbsp;<a href=\"http://phpstack-127383-482309.cloudwaysapps.com/\">online recruitment assessment tools</a>&nbsp;in the market&nbsp;<em><strong>business giants such as Macy&rsquo;s, Bloomingdales, Sears, Walmart and Burger King</strong></em>&nbsp;are already using it as a pre-employment testing tool.</p>\r\n\r\n<p>&nbsp;</p>\r\n\r\n<p>&nbsp;</p>\r\n\r\n<h2>How online Assessment platform is eliminating stake factor?</h2>\r\n\r\n<blockquote>\r\n<p><strong>Words of wisdom by Lawrence Bossidy</strong>&ndash;</p>\r\n\r\n<p><em>&ldquo;I am convinced that nothing we do is more important than hiring and developing people. At the end of the day you bet on people, not on strategies.&rdquo;</em></p>\r\n</blockquote>\r\n\r\n<p>&ldquo;You bet on people not on strategies&rdquo; this statement goes a long way into highlighting the part that the human resource plays into either creating heydays or sadly gray days for an organization. HR Executives and even the managers are under constant pressure of getting a certain vacant position occupied that earlier got occupied by a &ldquo;wrong hire&rdquo;. The onus lies on the HR&rsquo;s to embrace a technical approach and exploit the benefits that technology holds for them. But for this change to happen, the existing recruitment system needs to be altered.</p>\r\n\r\n<p>The dependency over rudimentary technique of paper- pen based test needs to be reformed as it eats up on physical logistics and is highly time consuming. It is high time to revolutionize these methods with the application of reliable and valid procedure of assessment. Taking a hint from online assessment platforms is an effective first step.</p>\r\n\r\n<p><strong>Online Assessments is a pocket friendly approach to ensure the right hiring in your organization. Here are few reasons how:</strong></p>\r\n\r\n<p><strong>Ensure smooth-running screening process</strong></p>\r\n\r\n<p>With a diversity of tools that include skills testing, personality assessments and pre-employment screening,&nbsp;<a href=\"http://phpstack-127383-482309.cloudwaysapps.com/\">online assessment platforms</a>&nbsp;helps recruiters in narrowing down their approach to selective candidates out of a swamp of applicants. Online assessment is convenient for both the recruiters as well as for the applicants. It saves them on effort of going through the first written round of interview that gets switched by online assessment round that can be attempted from their respective premises. It saves time of the recruiters that goes waste in making phone calls and arranging venues and schedule for written tests. This leads to effective procuring of selective skilled candidates that are more likely to be valid for the job.</p>\r\n\r\n<p><strong>Extracting right skills out of many skills</strong></p>\r\n\r\n<p>Tell me something about yourself? And you get a verbal display of his varied talents but you are unable to pin the one that you need&hellip; what now? Save yourself on knowing about your applicants&rsquo; participation in some school drama or some singing competition that got him a bronze. With the choice of&nbsp;<a href=\"http://phpstack-127383-482309.cloudwaysapps.com/\">online skills testing platform for recruiters</a>&nbsp;ease, you can totally avoid the verbal interview and let online skill assessment get you a measured outcome.</p>\r\n\r\n<p><strong>Streamlined approach to campus selection</strong></p>\r\n\r\n<p>Campus hiring is a seasonal process of majority organizations which gets them a great deal of good hires but undoubtedly they have a hard time landing on those deals all the while making a pratfall on wrong ones. A lot of time and money goes into this process with a limitation of reach to different campuses. Online assessment platforms come with the forte of online proctoring because of which many campuses can be covered at once without a need of any physical presence of an invigilator.</p>\r\n\r\n<p><strong>When it comes to hiring for an unfamiliar field</strong></p>\r\n\r\n<p>Many times it so happens that the HR&rsquo;s are not exactly sure for which specific field are they hiring or what are the specific skill sets needed for the opening of a job position. This is when online assessment comes handy as it gives you the option to customize your test. A standard online test can be created and sent to the candidates. To add extra filters, recruiters can easily create tests that can measure the job-fit and interest level of the candidates.</p>\r\n',	1,	'ONLINE ASSESSMENT PLATFORM',	'2019-05-29 02:30:07',	'2019-05-29 05:45:45');

DROP TABLE IF EXISTS `bookmarks`;
CREATE TABLE `bookmarks` (
  `id` int(10) unsigned NOT NULL AUTO_INCREMENT,
  `user_id` bigint(20) unsigned NOT NULL,
  `item_id` bigint(20) unsigned NOT NULL,
  `item_type` enum('questions') COLLATE utf8_unicode_ci NOT NULL DEFAULT 'questions',
  `created_at` timestamp NULL DEFAULT NULL,
  `updated_at` timestamp NULL DEFAULT NULL,
  PRIMARY KEY (`id`),
  KEY `user_id` (`user_id`),
  KEY `item_id` (`item_id`),
  CONSTRAINT `bookmarks_ibfk_1` FOREIGN KEY (`user_id`) REFERENCES `users` (`id`) ON DELETE CASCADE ON UPDATE CASCADE,
  CONSTRAINT `bookmarks_ibfk_2` FOREIGN KEY (`item_id`) REFERENCES `questionbank` (`id`)
) ENGINE=InnoDB DEFAULT CHARSET=utf8 COLLATE=utf8_unicode_ci;

INSERT INTO `bookmarks` (`id`, `user_id`, `item_id`, `item_type`, `created_at`, `updated_at`) VALUES
(1,	7,	7,	'questions',	'2018-04-03 12:11:24',	'2018-04-03 12:11:24'),
(2,	7,	8,	'questions',	'2018-04-03 12:11:26',	'2018-04-03 12:11:26');

DROP TABLE IF EXISTS `couponcodes`;
CREATE TABLE `couponcodes` (
  `id` bigint(20) unsigned NOT NULL AUTO_INCREMENT,
  `title` varchar(255) COLLATE utf8_unicode_ci NOT NULL,
  `slug` varchar(255) COLLATE utf8_unicode_ci NOT NULL,
  `coupon_code` varchar(255) COLLATE utf8_unicode_ci NOT NULL,
  `discount_type` enum('value','percent') COLLATE utf8_unicode_ci NOT NULL,
  `discount_value` decimal(10,2) NOT NULL,
  `minimum_bill` decimal(10,2) NOT NULL,
  `discount_maximum_amount` decimal(10,2) NOT NULL,
  `valid_from` date NOT NULL,
  `valid_to` date NOT NULL,
  `usage_limit` int(11) NOT NULL,
  `status` enum('Active','Inactive') COLLATE utf8_unicode_ci NOT NULL DEFAULT 'Active',
  `description` text COLLATE utf8_unicode_ci NOT NULL,
  `coupon_code_applicability` text COLLATE utf8_unicode_ci,
  `record_updated_by` int(11) NOT NULL,
  `created_at` timestamp NULL DEFAULT NULL,
  `updated_at` timestamp NULL DEFAULT NULL,
  PRIMARY KEY (`id`)
) ENGINE=InnoDB DEFAULT CHARSET=utf8 COLLATE=utf8_unicode_ci;

INSERT INTO `couponcodes` (`id`, `title`, `slug`, `coupon_code`, `discount_type`, `discount_value`, `minimum_bill`, `discount_maximum_amount`, `valid_from`, `valid_to`, `usage_limit`, `status`, `description`, `coupon_code_applicability`, `record_updated_by`, `created_at`, `updated_at`) VALUES
(1,	'OES Coupon',	'oes-coupon',	'OES',	'value',	20.00,	50.00,	15.00,	'2018-04-03',	'2019-01-01',	10,	'Active',	'',	'{\"categories\":[\"exam\",\"combo\",\"lms\"]}',	1,	'2018-04-03 09:10:24',	'2018-04-03 09:10:24'),
(2,	'TEST Coupon',	'test-coupon-1',	'TEST',	'percent',	5.00,	30.00,	20.00,	'2018-04-03',	'2019-02-01',	10,	'Active',	'',	'{\"categories\":[\"exam\",\"combo\",\"lms\"]}',	1,	'2018-04-03 09:11:05',	'2018-04-03 09:11:05'),
(3,	'PROMO Coupon',	'promo-coupon-2',	'PROMO',	'value',	30.00,	40.00,	20.00,	'2018-04-03',	'2018-10-11',	20,	'Active',	'',	'{\"categories\":[\"exam\",\"combo\",\"lms\"]}',	1,	'2018-04-03 09:11:58',	'2018-04-03 09:11:58');

DROP TABLE IF EXISTS `couponcodes_usage`;
CREATE TABLE `couponcodes_usage` (
  `id` bigint(20) NOT NULL AUTO_INCREMENT,
  `item_id` int(11) NOT NULL,
  `item_type` varchar(50) NOT NULL,
  `user_id` bigint(20) unsigned NOT NULL,
  `item_cost` decimal(10,2) NOT NULL,
  `total_invoice_amount` decimal(10,2) NOT NULL,
  `discount_amount` decimal(10,2) NOT NULL,
  `coupon_id` bigint(20) unsigned NOT NULL,
  `updated_at` datetime NOT NULL,
  PRIMARY KEY (`id`),
  KEY `user_id` (`user_id`),
  KEY `coupon_id` (`coupon_id`),
  CONSTRAINT `couponcodes_usage_ibfk_1` FOREIGN KEY (`user_id`) REFERENCES `users` (`id`) ON DELETE CASCADE ON UPDATE CASCADE,
  CONSTRAINT `couponcodes_usage_ibfk_2` FOREIGN KEY (`coupon_id`) REFERENCES `couponcodes` (`id`)
) ENGINE=InnoDB DEFAULT CHARSET=utf8;

INSERT INTO `couponcodes_usage` (`id`, `item_id`, `item_type`, `user_id`, `item_cost`, `total_invoice_amount`, `discount_amount`, `coupon_id`, `updated_at`) VALUES
(1,	2,	'exam',	7,	150.00,	142.50,	7.50,	2,	'2018-04-03 12:23:49');

DROP TABLE IF EXISTS `emailtemplates`;
CREATE TABLE `emailtemplates` (
  `id` int(10) unsigned NOT NULL AUTO_INCREMENT,
  `title` varchar(255) COLLATE utf8_unicode_ci NOT NULL,
  `slug` varchar(255) COLLATE utf8_unicode_ci NOT NULL,
  `type` enum('header','footer','content') COLLATE utf8_unicode_ci NOT NULL DEFAULT 'content',
  `subject` varchar(255) COLLATE utf8_unicode_ci NOT NULL,
  `content` text COLLATE utf8_unicode_ci NOT NULL,
  `from_email` varchar(50) COLLATE utf8_unicode_ci DEFAULT NULL,
  `from_name` varchar(50) COLLATE utf8_unicode_ci DEFAULT NULL,
  `record_updated_by` int(50) NOT NULL,
  `created_at` timestamp NULL DEFAULT NULL,
  `updated_at` timestamp NULL DEFAULT NULL,
  PRIMARY KEY (`id`)
) ENGINE=InnoDB DEFAULT CHARSET=utf8 COLLATE=utf8_unicode_ci;

INSERT INTO `emailtemplates` (`id`, `title`, `slug`, `type`, `subject`, `content`, `from_email`, `from_name`, `record_updated_by`, `created_at`, `updated_at`) VALUES
(1,	'header',	'header',	'header',	'header',	'<p>Email</p>\r\n\r\n<div class=\"block\"><!-- Start of preheader -->\r\n<table border=\"0\" cellpadding=\"0\" cellspacing=\"0\" id=\"backgroundTable\" style=\"width:100%\">\r\n	<tbody>\r\n		<tr>\r\n			<td>\r\n			<table align=\"center\" border=\"0\" cellpadding=\"0\" cellspacing=\"0\" class=\"devicewidth\" style=\"width:580px\">\r\n				<tbody><!-- Spacing -->\r\n					<tr>\r\n						<td>&nbsp;</td>\r\n					</tr>\r\n					<!-- Spacing -->\r\n					<tr>\r\n						<td>If you cannot read this email, please <a class=\"hlite\" href=\"#\" style=\"text-decoration: none; color: #0db9ea\"> click here </a></td>\r\n					</tr>\r\n					<!-- Spacing -->\r\n					<tr>\r\n						<td>&nbsp;</td>\r\n					</tr>\r\n					<!-- Spacing -->\r\n				</tbody>\r\n			</table>\r\n			</td>\r\n		</tr>\r\n	</tbody>\r\n</table>\r\n<!-- End of preheader --></div>\r\n\r\n<div class=\"block\"><!-- start of header -->\r\n<table border=\"0\" cellpadding=\"0\" cellspacing=\"0\" id=\"backgroundTable\" style=\"width:100%\">\r\n	<tbody>\r\n		<tr>\r\n			<td>\r\n			<table align=\"center\" border=\"0\" cellpadding=\"0\" cellspacing=\"0\" class=\"devicewidth\" style=\"border-bottom:1px solid #0db9ea; width:580px\">\r\n				<tbody>\r\n					<tr>\r\n						<td><!-- logo -->\r\n						<table align=\"left\" border=\"0\" cellpadding=\"0\" cellspacing=\"0\" class=\"devicewidth\" style=\"width:280px\">\r\n							<tbody>\r\n								<tr>\r\n									<td>\r\n									<div class=\"imgpop\"><a href=\"#\"><img alt=\"logo\" class=\"logo\" src=\"http://conquerorslabs.com/exam2/public/uploads/settings/eKFhxlkXcMtX5xW.png\" style=\"border:none; display:block; outline:none; text-decoration:none\" /> </a></div>\r\n									</td>\r\n								</tr>\r\n							</tbody>\r\n						</table>\r\n						<!-- End of logo --><!-- menu -->\r\n\r\n						<table align=\"right\" border=\"0\" cellpadding=\"0\" cellspacing=\"0\" class=\"devicewidth\" style=\"width:280px\">\r\n							<tbody>\r\n								<tr>\r\n									<td><a href=\"#\" style=\"text-decoration: none; color: #ffffff;\">HOME </a> | <a href=\"#\" style=\"text-decoration: none; color: #ffffff;\"> ABOUT </a> | <a href=\"#\" style=\"text-decoration: none; color: #ffffff;\"> SHOP </a></td>\r\n									<td>&nbsp;</td>\r\n								</tr>\r\n							</tbody>\r\n						</table>\r\n						<!-- End of Menu --></td>\r\n					</tr>\r\n				</tbody>\r\n			</table>\r\n			</td>\r\n		</tr>\r\n	</tbody>\r\n</table>\r\n<!-- end of header --></div>\r\n',	'no@noemail.com',	'Test',	1,	'2016-07-19 06:23:14',	'2016-10-18 14:24:33'),
(2,	'footer',	'footer',	'footer',	'footer',	'<div class=\"block\">\r\n    <!-- Start of preheader -->\r\n    <table bgcolor=\"#f6f4f5\" border=\"0\" cellpadding=\"0\" cellspacing=\"0\" id=\"backgroundTable\" st-sortable=\"postfooter\" width=\"100%\">\r\n        <tbody>\r\n            <tr>\r\n                <td width=\"100%\">\r\n                    <table align=\"center\" border=\"0\" cellpadding=\"0\" cellspacing=\"0\" class=\"devicewidth\" width=\"580\">\r\n                        <tbody>\r\n                            <!-- Spacing -->\r\n                            <tr>\r\n                                <td height=\"5\" width=\"100%\">\r\n                                </td>\r\n                            </tr>\r\n                            <!-- Spacing -->\r\n                            <tr>\r\n                                <td align=\"center\" st-content=\"preheader\" style=\"font-family: Helvetica, arial, sans-serif; font-size: 10px;color: #999999\" valign=\"middle\">\r\n                                    If you don\'t want to receive updates. please\r\n                                    <a class=\"hlite\" href=\"#\" style=\"text-decoration: none; color: #0db9ea\">\r\n                                        unsubscribe\r\n                                    </a>\r\n                                </td>\r\n                            </tr>\r\n                            <!-- Spacing -->\r\n                            <tr>\r\n                                <td height=\"5\" width=\"100%\">\r\n                                </td>\r\n                            </tr>\r\n                            <!-- Spacing -->\r\n                        </tbody>\r\n                    </table>\r\n                </td>\r\n            </tr>\r\n        </tbody>\r\n    </table>\r\n    <!-- End of preheader -->\r\n</div>',	'no@noemail.com',	'Test',	2,	'2016-07-19 06:24:08',	'2016-07-19 06:30:21'),
(3,	'exam-result',	'exam-result',	'content',	'Exam Result',	'<div class=\"block\">\r\n   <!-- Full + text -->\r\n   <table width=\"100%\" bgcolor=\"#f6f4f5\" cellpadding=\"0\" cellspacing=\"0\" border=\"0\" id=\"backgroundTable\" st-sortable=\"fullimage\">\r\n      <tbody>\r\n         <tr>\r\n            <td>\r\n               <table bgcolor=\"#ffffff\" width=\"580\" align=\"center\" cellspacing=\"0\" cellpadding=\"0\" border=\"0\" class=\"devicewidth\" modulebg=\"edit\">\r\n                  <tbody>\r\n                     <tr>\r\n                        <td width=\"100%\" height=\"20\"></td>\r\n                     </tr>\r\n                     <tr>\r\n                        <td>\r\n                           <table width=\"540\" align=\"center\" cellspacing=\"0\" cellpadding=\"0\" border=\"0\" class=\"devicewidthinner\">\r\n                              <tbody>\r\n                                 <!-- title -->\r\n                                 <tr>\r\n                                    <td style=\"font-family: Helvetica, arial, sans-serif; font-size: 18px; color: #333333; text-align:left;line-height: 20px;\" st-title=\"rightimage-title\"> LOREM IPSUM </td>\r\n                                 </tr>\r\n                                 <!-- end of title -->\r\n                                 <!-- Spacing -->\r\n                                 <tr>\r\n                                    <td width=\"100%\" height=\"10\"></td>\r\n                                 </tr>\r\n                                 <!-- Spacing -->\r\n                                 <!-- content -->\r\n                                 <tr>\r\n                                    <td style=\"font-family: Helvetica, arial, sans-serif; font-size: 13px; color: #666666; text-align:left;line-height: 24px;\" st-content=\"rightimage-paragraph\"> {{ $content }} </td>\r\n                                 </tr>\r\n                                 <!-- end of content -->\r\n                                 <!-- Spacing -->\r\n                                 <tr>\r\n                                    <td width=\"100%\" height=\"10\"></td>\r\n                                 </tr>\r\n                                 \r\n                                 <!-- Spacing -->\r\n                                 <tr>\r\n                                    <td width=\"100%\" height=\"10\"></td>\r\n                                 </tr>\r\n                                 <!-- button -->\r\n                                 <tr>\r\n                                    <td>\r\n                                       <table height=\"30\" align=\"left\" valign=\"middle\" border=\"0\" cellpadding=\"0\" cellspacing=\"0\" class=\"tablet-button\" st-button=\"edit\">\r\n                                          <tbody>\r\n                                             <tr>\r\n                                                <td width=\"auto\" align=\"center\" valign=\"middle\" height=\"30\" style=\" background-color:#0db9ea; border-top-left-radius:4px; border-bottom-left-radius:4px;border-top-right-radius:4px; border-bottom-right-radius:4px; background-clip: padding-box;font-size:13px; font-family:Helvetica, arial, sans-serif; text-align:center;  color:#ffffff; font-weight: 300; padding-left:18px; padding-right:18px;\"> <span style=\"color: #ffffff; font-weight: 300;\">\r\n                                                   <a style=\"color: #ffffff; text-align:center;text-decoration: none;\" href=\"#\">Read More</a>\r\n                                                   </span> \r\n                                                </td>\r\n                                             </tr>\r\n                                          </tbody>\r\n                                       </table>\r\n                                    </td>\r\n                                 </tr>\r\n                                 <!-- /button -->\r\n                                 <!-- Spacing -->\r\n                                 <tr>\r\n                                    <td width=\"100%\" height=\"20\"></td>\r\n                                 </tr>\r\n                                 <!-- Spacing -->\r\n                              </tbody>\r\n                           </table>\r\n                        </td>\r\n                     </tr>\r\n                  </tbody>\r\n               </table>\r\n            </td>\r\n         </tr>\r\n      </tbody>\r\n   </table>\r\n</div>',	'admin@gmail.com',	'Test',	2,	'2016-07-19 06:37:51',	'2016-07-19 06:37:51'),
(4,	'registration',	'registration',	'',	'Welcome',	'<!-- Full + text -->\r\n<table border=\"0\" cellpadding=\"0\" cellspacing=\"0\" style=\"width:100%\">\r\n	<tbody>\r\n		<tr>\r\n			<td>\r\n			<table align=\"center\" border=\"0\" cellpadding=\"0\" cellspacing=\"0\" style=\"width:580px\">\r\n				<tbody>\r\n					<tr>\r\n						<td>&nbsp;</td>\r\n					</tr>\r\n					<tr>\r\n						<td>\r\n						<table align=\"center\" border=\"0\" cellpadding=\"0\" cellspacing=\"0\" style=\"width:540px\">\r\n							<tbody><!-- title -->\r\n								<tr>\r\n									<td style=\"text-align:left\">&nbsp;</td>\r\n								</tr>\r\n								<!-- end of title --><!-- Spacing -->\r\n								<tr>\r\n									<td>&nbsp;</td>\r\n								</tr>\r\n								<!-- Spacing --><!-- content -->\r\n								<tr>\r\n									<td style=\"text-align:left\">\r\n									<p>Dear {{ $username }},<br />\r\n									You have successfully registered with Academia. Enjoy the facilities provided by our system.</p>\r\n\r\n									<p>Please contact admin for further details.</p>\r\n									</td>\r\n								</tr>\r\n								<!-- end of content --><!-- Spacing -->\r\n								<tr>\r\n									<td>&nbsp;</td>\r\n								</tr>\r\n								<!-- Spacing -->\r\n								<tr>\r\n									<td>&nbsp;</td>\r\n								</tr>\r\n								<!-- button -->\r\n								<tr>\r\n									<td>\r\n									<table align=\"left\" border=\"0\" cellpadding=\"0\" cellspacing=\"0\" style=\"height:30px\">\r\n										<tbody>\r\n											<tr>\r\n												<td style=\"background-color:#0db9ea; text-align:justify\"><a href=\"#\">Read More</a></td>\r\n											</tr>\r\n										</tbody>\r\n									</table>\r\n									</td>\r\n								</tr>\r\n								<!-- /button --><!-- Spacing -->\r\n								<tr>\r\n									<td>&nbsp;</td>\r\n								</tr>\r\n								<!-- Spacing -->\r\n							</tbody>\r\n						</table>\r\n						</td>\r\n					</tr>\r\n				</tbody>\r\n			</table>\r\n			</td>\r\n		</tr>\r\n	</tbody>\r\n</table>\r\n',	'admin@academia.com',	'Academia Admin',	1,	'2016-07-29 03:48:18',	'2016-10-19 20:10:05'),
(5,	'subscription',	'subscription',	'',	'Subscription Successfull',	'<div class=\"block\"><!-- Full + text -->\r\n<table border=\"0\" cellpadding=\"0\" cellspacing=\"0\" id=\"backgroundTable\" style=\"width:100%\">\r\n	<tbody>\r\n		<tr>\r\n			<td>\r\n			<table align=\"center\" border=\"0\" cellpadding=\"0\" cellspacing=\"0\" class=\"devicewidth\" style=\"width:580px\">\r\n				<tbody>\r\n					<tr>\r\n						<td>&nbsp;</td>\r\n					</tr>\r\n					<tr>\r\n						<td>\r\n						<table align=\"center\" border=\"0\" cellpadding=\"0\" cellspacing=\"0\" class=\"devicewidthinner\" style=\"width:540px\">\r\n							<tbody><!-- title -->\r\n								<tr>\r\n									<td style=\"text-align:left\">&nbsp;</td>\r\n								</tr>\r\n								<!-- end of title --><!-- Spacing -->\r\n								<tr>\r\n									<td>&nbsp;</td>\r\n								</tr>\r\n								<!-- Spacing --><!-- content -->\r\n								<tr>\r\n									<td style=\"text-align:left\">Dear {{ $username }},<br />\r\n									You have successfully subscribed to {{ ucfirst($plan)}} plan with transaction {{$id}}. Enjoy the facilities provided by our system.</td>\r\n								</tr>\r\n								<!-- end of content --><!-- Spacing -->\r\n								<tr>\r\n									<td>&nbsp;</td>\r\n								</tr>\r\n								<!-- Spacing -->\r\n								<tr>\r\n									<td>&nbsp;</td>\r\n								</tr>\r\n								<!-- button -->\r\n								<tr>\r\n									<td>\r\n									<table align=\"left\" border=\"0\" cellpadding=\"0\" cellspacing=\"0\" class=\"tablet-button\" style=\"height:30px\">\r\n										<tbody>\r\n											<tr>\r\n												<td style=\"background-color:#0db9ea; text-align:center\"><span style=\"color:#ffffff\"><a href=\"#\" style=\"color: #ffffff; text-align:center;text-decoration: none;\">Read More</a> </span></td>\r\n											</tr>\r\n										</tbody>\r\n									</table>\r\n									</td>\r\n								</tr>\r\n								<!-- /button --><!-- Spacing -->\r\n								<tr>\r\n									<td>&nbsp;</td>\r\n								</tr>\r\n								<!-- Spacing -->\r\n							</tbody>\r\n						</table>\r\n						</td>\r\n					</tr>\r\n				</tbody>\r\n			</table>\r\n			</td>\r\n		</tr>\r\n	</tbody>\r\n</table>\r\n</div>\r\n',	'admin@academia.com',	'Jack',	1,	'2016-08-03 01:00:58',	'2016-09-03 01:59:12'),
(6,	'offline_subscription_failed',	'offline-subscription-failed',	'',	'Offline Subscription Failed',	'<div class=\"block\"><!-- Full + text -->\r\n<table border=\"0\" cellpadding=\"0\" cellspacing=\"0\" id=\"backgroundTable\" style=\"width:100%\">\r\n	<tbody>\r\n		<tr>\r\n			<td>\r\n			<table align=\"center\" border=\"0\" cellpadding=\"0\" cellspacing=\"0\" class=\"devicewidth\" style=\"width:580px\">\r\n				<tbody>\r\n					<tr>\r\n						<td>&nbsp;</td>\r\n					</tr>\r\n					<tr>\r\n						<td>\r\n						<table align=\"center\" border=\"0\" cellpadding=\"0\" cellspacing=\"0\" class=\"devicewidthinner\" style=\"width:540px\">\r\n							<tbody><!-- title -->\r\n								<tr>\r\n									<td style=\"text-align:left\">&nbsp;</td>\r\n								</tr>\r\n								<!-- end of title --><!-- Spacing -->\r\n								<tr>\r\n									<td>&nbsp;</td>\r\n								</tr>\r\n								<!-- Spacing --><!-- content -->\r\n								<tr>\r\n									<td style=\"text-align:left\">\r\n									<p>Dear {{ $username }},<br />\r\n									Your attempt for offline subscription to {{ ucfirst($plan)}} plan is failed.</p>\r\n\r\n									<p>Please find the admin comment</p>\r\n\r\n									<p><u><strong>Admin Comment:</strong></u></p>\r\n\r\n									<p>&nbsp;{{$admin_comment}}.</p>\r\n\r\n									<p>Please contact admin for further details.</p>\r\n									</td>\r\n								</tr>\r\n								<!-- end of content --><!-- Spacing -->\r\n								<tr>\r\n									<td>&nbsp;</td>\r\n								</tr>\r\n								<!-- Spacing -->\r\n								<tr>\r\n									<td>&nbsp;</td>\r\n								</tr>\r\n								<!-- button -->\r\n								<tr>\r\n									<td>\r\n									<table align=\"left\" border=\"0\" cellpadding=\"0\" cellspacing=\"0\" class=\"tablet-button\" style=\"height:30px\">\r\n										<tbody>\r\n											<tr>\r\n												<td style=\"background-color:#0db9ea; text-align:center\"><span style=\"color:#ffffff\"><a href=\"#\" style=\"color: #ffffff; text-align:center;text-decoration: none;\">Read More</a> </span></td>\r\n											</tr>\r\n										</tbody>\r\n									</table>\r\n									</td>\r\n								</tr>\r\n								<!-- /button --><!-- Spacing -->\r\n								<tr>\r\n									<td>&nbsp;</td>\r\n								</tr>\r\n								<!-- Spacing -->\r\n							</tbody>\r\n						</table>\r\n						</td>\r\n					</tr>\r\n				</tbody>\r\n			</table>\r\n			</td>\r\n		</tr>\r\n	</tbody>\r\n</table>\r\n</div>\r\n',	'admin@academia.com',	'Admin',	1,	'2016-10-15 10:31:47',	'2016-10-18 14:36:14'),
(7,	'offline_subscription_success',	'offline-subscription-success',	'',	'Offline Subscription Success',	'<div class=\"block\"><!-- Full + text -->\r\n<table border=\"0\" cellpadding=\"0\" cellspacing=\"0\" id=\"backgroundTable\" style=\"width:100%\">\r\n	<tbody>\r\n		<tr>\r\n			<td>\r\n			<table align=\"center\" border=\"0\" cellpadding=\"0\" cellspacing=\"0\" class=\"devicewidth\" style=\"width:580px\">\r\n				<tbody>\r\n					<tr>\r\n						<td>&nbsp;</td>\r\n					</tr>\r\n					<tr>\r\n						<td>\r\n						<table align=\"center\" border=\"0\" cellpadding=\"0\" cellspacing=\"0\" class=\"devicewidthinner\" style=\"width:540px\">\r\n							<tbody><!-- title -->\r\n								<tr>\r\n									<td style=\"text-align:left\">&nbsp;</td>\r\n								</tr>\r\n								<!-- end of title --><!-- Spacing -->\r\n								<tr>\r\n									<td>&nbsp;</td>\r\n								</tr>\r\n								<!-- Spacing --><!-- content -->\r\n								<tr>\r\n									<td style=\"text-align:left\">\r\n									<p>Dear {{ $username }},<br />\r\n									Your attempt for offline subscription to {{ ucfirst($plan)}} plan is success. &nbsp;</p>\r\n\r\n									<p><u><strong>Admin Comment</strong></u></p>\r\n\r\n									<p>&nbsp;{{$admin_comment}}.</p>\r\n\r\n									<p>Please contact admin for further details.</p>\r\n									</td>\r\n								</tr>\r\n								<!-- end of content --><!-- Spacing -->\r\n								<tr>\r\n									<td>&nbsp;</td>\r\n								</tr>\r\n								<!-- Spacing -->\r\n								<tr>\r\n									<td>&nbsp;</td>\r\n								</tr>\r\n								<!-- button -->\r\n								<tr>\r\n									<td>\r\n									<table align=\"left\" border=\"0\" cellpadding=\"0\" cellspacing=\"0\" class=\"tablet-button\" style=\"height:30px\">\r\n										<tbody>\r\n											<tr>\r\n												<td style=\"background-color: rgb(13, 185, 234); text-align: justify;\"><span style=\"color:#ffffff\"><a href=\"#\" style=\"color: #ffffff; text-align:center;text-decoration: none;\">Read More</a> </span></td>\r\n											</tr>\r\n										</tbody>\r\n									</table>\r\n									</td>\r\n								</tr>\r\n								<!-- /button --><!-- Spacing -->\r\n								<tr>\r\n									<td>&nbsp;</td>\r\n								</tr>\r\n								<!-- Spacing -->\r\n							</tbody>\r\n						</table>\r\n						</td>\r\n					</tr>\r\n				</tbody>\r\n			</table>\r\n			</td>\r\n		</tr>\r\n	</tbody>\r\n</table>\r\n</div>\r\n',	'admin@academia.com',	'Admin',	1,	'2016-10-15 10:35:32',	'2016-10-18 14:27:15'),
(8,	'subscription_success',	'subscription-success',	'',	'Your Subscription was Success',	'<!-- Full + text -->\r\n<table border=\"0\" cellpadding=\"0\" cellspacing=\"0\" style=\"width:100%\">\r\n	<tbody>\r\n		<tr>\r\n			<td>\r\n			<table align=\"center\" border=\"0\" cellpadding=\"0\" cellspacing=\"0\" style=\"width:580px\">\r\n				<tbody>\r\n					<tr>\r\n						<td>&nbsp;</td>\r\n					</tr>\r\n					<tr>\r\n						<td>\r\n						<table align=\"center\" border=\"0\" cellpadding=\"0\" cellspacing=\"0\" style=\"width:540px\">\r\n							<tbody><!-- title -->\r\n								<tr>\r\n									<td style=\"text-align:left\">&nbsp;</td>\r\n								</tr>\r\n								<!-- end of title --><!-- Spacing -->\r\n								<tr>\r\n									<td>&nbsp;</td>\r\n								</tr>\r\n								<!-- Spacing --><!-- content -->\r\n								<tr>\r\n									<td style=\"text-align:left\">\r\n									<p>Dear {{ $username }},<br />\r\n									Your subscription to {{ ucfirst($plan)}} plan is success. &nbsp;</p>\r\n\r\n									<p>Please contact admin for further details.</p>\r\n									</td>\r\n								</tr>\r\n								<!-- end of content --><!-- Spacing -->\r\n								<tr>\r\n									<td>&nbsp;</td>\r\n								</tr>\r\n								<!-- Spacing -->\r\n								<tr>\r\n									<td>&nbsp;</td>\r\n								</tr>\r\n								<!-- button -->\r\n								<tr>\r\n									<td>\r\n									<table align=\"left\" border=\"0\" cellpadding=\"0\" cellspacing=\"0\" style=\"height:30px\">\r\n										<tbody>\r\n											<tr>\r\n												<td style=\"background-color:#0db9ea; text-align:justify\"><a href=\"#\">Read More</a></td>\r\n											</tr>\r\n										</tbody>\r\n									</table>\r\n									</td>\r\n								</tr>\r\n								<!-- /button --><!-- Spacing -->\r\n								<tr>\r\n									<td>&nbsp;</td>\r\n								</tr>\r\n								<!-- Spacing -->\r\n							</tbody>\r\n						</table>\r\n						</td>\r\n					</tr>\r\n				</tbody>\r\n			</table>\r\n			</td>\r\n		</tr>\r\n	</tbody>\r\n</table>\r\n',	'admin@academia.com',	'Admin',	1,	'2016-10-19 15:31:21',	'2016-10-19 15:31:21'),
(9,	'forgotpassword',	'forgotpassword',	'content',	'Forgot Password',	'<!-- Full + text -->\r\n<table border=\"0\" cellpadding=\"0\" cellspacing=\"0\" style=\"width:100%\">\r\n	<tbody>\r\n		<tr>\r\n			<td>\r\n			<table align=\"center\" border=\"0\" cellpadding=\"0\" cellspacing=\"0\" style=\"width:580px\">\r\n				<tbody>\r\n					<tr>\r\n						<td>&nbsp;</td>\r\n					</tr>\r\n					<tr>\r\n						<td>\r\n						<table align=\"center\" border=\"0\" cellpadding=\"0\" cellspacing=\"0\" style=\"width:540px\">\r\n							<tbody><!-- title -->\r\n								<tr>\r\n									<td style=\"text-align:left\">&nbsp;</td>\r\n								</tr>\r\n								<!-- end of title --><!-- Spacing -->\r\n								<tr>\r\n									<td>&nbsp;</td>\r\n								</tr>\r\n								<!-- Spacing --><!-- content -->\r\n								<tr>\r\n									<td style=\"text-align:left\">\r\n									<p>Dear {{ $username }},<br />\r\n									Please reset your password by&nbsp;&nbsp; <a href=\"{{ $changepassword_link }}\" target=\"_blank\"> Click Here </a></p>\r\n\r\n									<p>&nbsp;</p>\r\n\r\n									<p>{{ $site_title }}</p>\r\n									</td>\r\n								</tr>\r\n								<!-- end of content --><!-- Spacing -->\r\n								<tr>\r\n									<td>&nbsp;</td>\r\n								</tr>\r\n								<!-- Spacing -->\r\n								<tr>\r\n									<td>&nbsp;</td>\r\n								</tr>\r\n								<!-- button -->\r\n								<tr>\r\n									<td>\r\n									<table align=\"left\" border=\"0\" cellpadding=\"0\" cellspacing=\"0\" style=\"height:30px\">\r\n										<tbody>\r\n											<tr>\r\n												<td style=\"background-color:#0db9ea; text-align:justify\"><a href=\"#\">Read More</a></td>\r\n											</tr>\r\n										</tbody>\r\n									</table>\r\n									</td>\r\n								</tr>\r\n								<!-- /button --><!-- Spacing -->\r\n								<tr>\r\n									<td>&nbsp;</td>\r\n								</tr>\r\n								<!-- Spacing -->\r\n							</tbody>\r\n						</table>\r\n						</td>\r\n					</tr>\r\n				</tbody>\r\n			</table>\r\n			</td>\r\n		</tr>\r\n	</tbody>\r\n</table>\r\n',	'admin@academia.com',	'Admin',	0,	NULL,	NULL),
(10,	'usercontactus',	'usercontactus-9',	'content',	'User Contact',	'<!-- Full + text -->\r\n<table border=\"0\" cellpadding=\"0\" cellspacing=\"0\" style=\"width:100%\">\r\n	<tbody>\r\n		<tr>\r\n			<td>\r\n			<table align=\"center\" border=\"0\" cellpadding=\"0\" cellspacing=\"0\" style=\"width:580px\">\r\n				<tbody>\r\n					<tr>\r\n						<td>&nbsp;</td>\r\n					</tr>\r\n					<tr>\r\n						<td>\r\n						<table align=\"center\" border=\"0\" cellpadding=\"0\" cellspacing=\"0\" style=\"width:540px\">\r\n							<tbody><!-- title -->\r\n								<tr>\r\n									<td style=\"text-align:left\">&nbsp;</td>\r\n								</tr>\r\n								<!-- end of title --><!-- Spacing -->\r\n								<tr>\r\n									<td>&nbsp;</td>\r\n								</tr>\r\n								<!-- Spacing --><!-- content -->\r\n								<tr>\r\n									<td style=\"text-align:left\">\r\n									<p>Dear ,<br />\r\n									Your subscription to plan is success. &nbsp;</p>\r\n\r\n									<p>Please contact admin for further details.</p>\r\n									</td>\r\n								</tr>\r\n								<!-- end of content --><!-- Spacing -->\r\n								<tr>\r\n									<td>&nbsp;</td>\r\n								</tr>\r\n								<!-- Spacing -->\r\n								<tr>\r\n									<td>&nbsp;</td>\r\n								</tr>\r\n								<!-- button -->\r\n								<tr>\r\n									<td>\r\n									<table align=\"left\" border=\"0\" cellpadding=\"0\" cellspacing=\"0\" style=\"height:30px\">\r\n										<tbody>\r\n											<tr>\r\n												<td style=\"background-color:#0db9ea; text-align:justify\"><a href=\"#\">Read More</a></td>\r\n											</tr>\r\n										</tbody>\r\n									</table>\r\n									</td>\r\n								</tr>\r\n								<!-- /button --><!-- Spacing -->\r\n								<tr>\r\n									<td>&nbsp;</td>\r\n								</tr>\r\n								<!-- Spacing -->\r\n							</tbody>\r\n						</table>\r\n						</td>\r\n					</tr>\r\n				</tbody>\r\n			</table>\r\n			</td>\r\n		</tr>\r\n	</tbody>\r\n</table>\r\n',	'admin@admin.com',	'Admin',	21753,	'2018-04-02 03:51:17',	'2018-04-02 03:51:40');

DROP TABLE IF EXISTS `examlanguages`;
CREATE TABLE `examlanguages` (
  `id` bigint(20) NOT NULL AUTO_INCREMENT,
  `title` varchar(50) DEFAULT NULL,
  `created_at` datetime DEFAULT NULL,
  `updated_at` datetime DEFAULT NULL,
  PRIMARY KEY (`id`)
) ENGINE=InnoDB DEFAULT CHARSET=utf8;

INSERT INTO `examlanguages` (`id`, `title`, `created_at`, `updated_at`) VALUES
(1,	'Telugu',	NULL,	NULL),
(2,	'Hindi',	NULL,	NULL),
(3,	'Tamil',	NULL,	NULL);

DROP TABLE IF EXISTS `examseries`;
CREATE TABLE `examseries` (
  `id` bigint(20) unsigned NOT NULL AUTO_INCREMENT,
  `title` varchar(255) COLLATE utf8_unicode_ci NOT NULL,
  `slug` varchar(50) COLLATE utf8_unicode_ci NOT NULL,
  `category_id` bigint(20) unsigned NOT NULL,
  `is_paid` tinyint(1) NOT NULL DEFAULT '0',
  `cost` decimal(10,2) NOT NULL,
  `validity` int(11) NOT NULL,
  `total_exams` int(11) NOT NULL,
  `total_questions` int(11) NOT NULL,
  `image` varchar(50) COLLATE utf8_unicode_ci NOT NULL,
  `short_description` text COLLATE utf8_unicode_ci NOT NULL,
  `description` text COLLATE utf8_unicode_ci NOT NULL,
  `record_updated_by` int(11) NOT NULL,
  `start_date` date DEFAULT NULL,
  `end_date` date DEFAULT NULL,
  `created_at` timestamp NULL DEFAULT NULL,
  `updated_at` timestamp NULL DEFAULT NULL,
  PRIMARY KEY (`id`),
  KEY `category_id` (`category_id`),
  CONSTRAINT `examseries_ibfk_1` FOREIGN KEY (`category_id`) REFERENCES `quizcategories` (`id`)
) ENGINE=InnoDB DEFAULT CHARSET=utf8 COLLATE=utf8_unicode_ci;

INSERT INTO `examseries` (`id`, `title`, `slug`, `category_id`, `is_paid`, `cost`, `validity`, `total_exams`, `total_questions`, `image`, `short_description`, `description`, `record_updated_by`, `start_date`, `end_date`, `created_at`, `updated_at`) VALUES
(1,	'OES Free Series',	'oes-free-series-1',	3,	0,	0.00,	-1,	3,	56,	'1-image.jpeg',	'<p>What is Lorem Ipsum? Lorem Ipsum is simply&nbsp;<em>dummy text</em>&nbsp;of the printing and typesetting industry. Lorem Ipsum has been the industry&#39;s standard&nbsp;<em>dummy text</em>&nbsp;ever since the 1500s, when an unknown printer took a galley of type and scrambled it to make a type specimen book</p>\r\n',	'<p>What is Lorem Ipsum? Lorem Ipsum is simply&nbsp;<em>dummy text</em>&nbsp;of the printing and typesetting industry. Lorem Ipsum has been the industry&#39;s standard&nbsp;<em>dummy text</em>&nbsp;ever since the 1500s, when an unknown printer took a galley of type and scrambled it to make a type specimen bookWhat is Lorem Ipsum? Lorem Ipsum is simply&nbsp;<em>dummy text</em>&nbsp;of the printing and typesetting industry. Lorem Ipsum has been the industry&#39;s standard&nbsp;<em>dummy text</em>&nbsp;ever since the 1500s, when an unknown printer took a galley of type and scrambled it to make a type specimen book</p>\r\n',	1,	'2018-04-04',	'2019-01-30',	'2018-04-04 08:52:45',	'2018-04-04 08:54:32'),
(2,	'OES Paid Series',	'oes-paid-series-1',	3,	1,	150.00,	120,	3,	41,	'2-image.jpeg',	'<p>What is Lorem Ipsum? Lorem Ipsum is simply&nbsp;<em>dummy text</em>&nbsp;of the printing and typesetting industry. Lorem Ipsum has been the industry&#39;s standard&nbsp;<em>dummy text</em>&nbsp;ever since the 1500s, when an unknown printer took a galley of type and scrambled it to make a type specimen book</p>\r\n',	'<p>What is Lorem Ipsum? Lorem Ipsum is simply&nbsp;<em>dummy text</em>&nbsp;of the printing and typesetting industry. Lorem Ipsum has been the industry&#39;s standard&nbsp;<em>dummy text</em>&nbsp;ever since the 1500s, when an unknown printer took a galley of type and scrambled it to make a type specimen bookWhat is Lorem Ipsum? Lorem Ipsum is simply&nbsp;<em>dummy text</em>&nbsp;of the printing and typesetting industry. Lorem Ipsum has been the industry&#39;s standard&nbsp;<em>dummy text</em>&nbsp;ever since the 1500s, when an unknown printer took a galley of type and scrambled it to make a type specimen book</p>\r\n',	1,	'2018-04-04',	'2019-02-01',	'2018-04-04 08:55:27',	'2019-05-30 04:38:39');

DROP TABLE IF EXISTS `examseries_data`;
CREATE TABLE `examseries_data` (
  `id` int(10) unsigned NOT NULL AUTO_INCREMENT,
  `examseries_id` bigint(20) unsigned NOT NULL,
  `quiz_id` bigint(20) unsigned NOT NULL,
  `created_at` timestamp NULL DEFAULT NULL,
  `updated_at` timestamp NULL DEFAULT NULL,
  PRIMARY KEY (`id`),
  KEY `examseries_id` (`examseries_id`),
  KEY `quiz_id` (`quiz_id`),
  CONSTRAINT `examseries_data_ibfk_1` FOREIGN KEY (`examseries_id`) REFERENCES `examseries` (`id`) ON DELETE CASCADE ON UPDATE CASCADE,
  CONSTRAINT `examseries_data_ibfk_2` FOREIGN KEY (`quiz_id`) REFERENCES `quizzes` (`id`)
) ENGINE=InnoDB DEFAULT CHARSET=utf8 COLLATE=utf8_unicode_ci;

INSERT INTO `examseries_data` (`id`, `examseries_id`, `quiz_id`, `created_at`, `updated_at`) VALUES
(7,	1,	9,	NULL,	NULL),
(8,	1,	10,	NULL,	NULL),
(9,	1,	11,	NULL,	NULL),
(12,	2,	17,	NULL,	NULL),
(13,	2,	16,	NULL,	NULL),
(14,	2,	1,	NULL,	NULL);

DROP TABLE IF EXISTS `examtoppers`;
CREATE TABLE `examtoppers` (
  `id` bigint(20) unsigned NOT NULL AUTO_INCREMENT,
  `slug` varchar(255) COLLATE utf8_unicode_ci NOT NULL,
  `user_id` bigint(20) unsigned NOT NULL,
  `quiz_id` bigint(20) unsigned NOT NULL,
  `percentage` decimal(10,2) NOT NULL,
  `rank` int(11) NOT NULL,
  `quiz_result_id` bigint(20) unsigned NOT NULL,
  `created_at` timestamp NULL DEFAULT NULL,
  `updated_at` timestamp NULL DEFAULT NULL,
  PRIMARY KEY (`id`),
  KEY `user_id` (`user_id`),
  KEY `quiz_id` (`quiz_id`),
  KEY `quiz_result_id` (`quiz_result_id`),
  KEY `quiz_id_2` (`quiz_id`),
  KEY `quiz_result_id_2` (`quiz_result_id`),
  CONSTRAINT `examtoppers_ibfk_1` FOREIGN KEY (`user_id`) REFERENCES `users` (`id`) ON DELETE CASCADE ON UPDATE CASCADE,
  CONSTRAINT `examtoppers_ibfk_2` FOREIGN KEY (`quiz_id`) REFERENCES `quizzes` (`id`),
  CONSTRAINT `examtoppers_ibfk_3` FOREIGN KEY (`quiz_result_id`) REFERENCES `quizresults` (`id`) ON DELETE CASCADE ON UPDATE CASCADE
) ENGINE=InnoDB DEFAULT CHARSET=utf8 COLLATE=utf8_unicode_ci;


DROP TABLE IF EXISTS `examtypes`;
CREATE TABLE `examtypes` (
  `id` bigint(20) NOT NULL,
  `code` varchar(20) NOT NULL,
  `title` varchar(50) DEFAULT NULL,
  `description` text,
  `status` tinyint(2) NOT NULL DEFAULT '1',
  `created_at` datetime DEFAULT NULL,
  `updated_at` datetime DEFAULT NULL,
  PRIMARY KEY (`code`)
) ENGINE=InnoDB DEFAULT CHARSET=utf8;

INSERT INTO `examtypes` (`id`, `code`, `title`, `description`, `status`, `created_at`, `updated_at`) VALUES
(1,	'NSNT',	'No Section No Timer',	'No section and no timer will be shown',	1,	NULL,	'2018-04-04 07:51:18'),
(2,	'SNT',	'Section with No Timer',	'Section with no timer',	1,	NULL,	'2018-03-26 10:26:46'),
(3,	'ST',	'Section with Timer',	'Section with Timer',	1,	NULL,	NULL);

DROP TABLE IF EXISTS `faqcategories`;
CREATE TABLE `faqcategories` (
  `id` int(10) unsigned NOT NULL AUTO_INCREMENT,
  `category` varchar(100) COLLATE utf8_unicode_ci NOT NULL,
  `slug` varchar(191) COLLATE utf8_unicode_ci NOT NULL,
  `status` tinyint(4) NOT NULL DEFAULT '0',
  `created_at` timestamp NULL DEFAULT NULL,
  `updated_at` timestamp NULL DEFAULT NULL,
  PRIMARY KEY (`id`)
) ENGINE=InnoDB DEFAULT CHARSET=utf8 COLLATE=utf8_unicode_ci;

INSERT INTO `faqcategories` (`id`, `category`, `slug`, `status`, `created_at`, `updated_at`) VALUES
(1,	'GENERAL',	'general',	1,	'2019-05-24 07:48:09',	'2019-05-24 07:48:09'),
(2,	'SYSTEM AND SECURITY',	'system-and-security-1',	1,	'2019-05-24 07:48:31',	'2019-06-06 05:28:12'),
(3,	'ACCOUNT RELATED',	'account-related-2',	1,	'2019-05-24 07:48:45',	'2019-05-24 07:48:45'),
(4,	'CONFIGURATION AND COMPATIBILITY',	'configuration-and-compatibility-3',	1,	'2019-05-24 07:48:59',	'2019-05-24 07:48:59'),
(5,	'PAYMENT RELATED',	'payment-related-4',	1,	'2019-05-24 07:49:08',	'2019-05-24 07:49:08'),
(6,	'UPDATES AND NOTIFICATIONS',	'updates-and-notifications-5',	1,	'2019-05-24 07:49:27',	'2019-05-24 07:52:31');

DROP TABLE IF EXISTS `faqs`;
CREATE TABLE `faqs` (
  `id` bigint(20) unsigned NOT NULL AUTO_INCREMENT,
  `category_id` int(10) unsigned NOT NULL,
  `question` varchar(512) COLLATE utf8_unicode_ci NOT NULL,
  `slug` mediumtext COLLATE utf8_unicode_ci NOT NULL,
  `answer` mediumtext COLLATE utf8_unicode_ci NOT NULL,
  `status` tinyint(4) NOT NULL DEFAULT '0',
  `created_at` timestamp NULL DEFAULT NULL,
  `updated_at` timestamp NULL DEFAULT NULL,
  PRIMARY KEY (`id`),
  KEY `faqs_category_id_foreign` (`category_id`),
  CONSTRAINT `faqs_category_id_foreign` FOREIGN KEY (`category_id`) REFERENCES `faqcategories` (`id`) ON DELETE CASCADE
) ENGINE=InnoDB DEFAULT CHARSET=utf8 COLLATE=utf8_unicode_ci;

INSERT INTO `faqs` (`id`, `category_id`, `question`, `slug`, `answer`, `status`, `created_at`, `updated_at`) VALUES
(1,	1,	'What is Menorah Exam?',	'what-is-menorah-exam',	'<p>Menorah Exam is a professional, internet based Testing Platform, using which you can conduct tests for your aspirants (students or employees). A fast yet easy approach that lets you store your questions and tests on an online testing platform seamlessly. &nbsp;Simple procedure involved in the creation and assignment of tests with the smooth development of reports.</p>\r\n\r\n<p>&nbsp;</p>\r\n\r\n<p>Considering an example: If in case you want to conduct a test for a group with multiple aspirants. Menorah Exam is the right platform where you can create, distribute and generate scores, to the performed tests efficiently.</p>\r\n\r\n<p>&nbsp;</p>\r\n\r\n<p>Hybrid testing algorithm complemented with optimum security offers suitable environment for taking test whenever and wherever you want to. Although it is an online assessment program, but no additional software or plug in &nbsp;are required for you (user) and for your users (students).</p>\r\n',	1,	'2019-05-24 08:32:39',	'2019-05-27 02:01:22'),
(2,	1,	'How to activate a Free Trial account?',	'how-to-activate-a-free-trial-account-1',	'<p>You can activate a Free Trial account from Menorah exam&rsquo;s website.</p>\r\n\r\n<p>Click on Sign up option and enter few basic details for creation of your account. Once created the account, input the required credentials and start a new experience the best Online Exam Software.</p>\r\n',	1,	'2019-05-27 02:02:12',	'2019-05-27 02:02:12'),
(3,	1,	'How to choose the right subscription plan?',	'how-to-choose-the-right-subscription-plan-2',	'<p>Choose your subscription for a particular plan in accordance to your requirements. Think exam offers &nbsp;&nbsp;&nbsp;&nbsp;&nbsp;a trial, starter, standard, professional and business account categories to its users. However, the user can log on to our website or can get in touch with our sales representative to have detailed information about any of the account types.</p>\r\n',	1,	'2019-05-27 02:02:43',	'2019-05-27 02:02:43'),
(4,	1,	'How to check the test result and review the performance of the associated students?',	'how-to-check-the-test-result-and-review-the-performance-of-the-associated-students-3',	'<p>Menorah Exam the online exam software will save the calculated test results, that can swiftly be reviewed and exported for further forefront analysis. From the Report section, the user can easily view and export results seamlessly.</p>\r\n',	1,	'2019-05-27 02:03:30',	'2019-05-27 02:03:30'),
(5,	1,	'List the most commonly used test settings?',	'list-the-most-commonly-used-test-settings-4',	'<p>Menorah Exam is an online testing platform, offers vivid advance test settings options ;</p>\r\n\r\n<ul>\r\n	<li>\r\n	<p>Arrangement and Groupings of Questions and Answers</p>\r\n	</li>\r\n	<li>\r\n	<p>Subject Wise time settings</p>\r\n	</li>\r\n	<li>\r\n	<p>Publish Results and Reports, etc.</p>\r\n	</li>\r\n</ul>\r\n',	1,	'2019-05-27 02:03:55',	'2019-05-27 02:03:55'),
(6,	1,	'What are top ups?',	'what-are-top-ups-5',	'<p>Top ups are&nbsp;<strong>add on services</strong>&nbsp;that can be used to avail credit packs of &nbsp;tests, email &amp; SMS matching your requirements valid for a duration of 1 year.are.</p>\r\n',	1,	'2019-05-27 02:04:21',	'2019-05-27 02:04:21'),
(7,	1,	'What does “Add Student” mean?',	'what-does-add-student-mean-6',	'<p>The user, i.e. the administrator can also associate students with his account. The admin can add sequential set of students by providing few initial entities for each of the students. However, can add multiple students using an import of excel file.</p>\r\n',	1,	'2019-05-27 02:05:01',	'2019-05-27 02:05:01'),
(8,	3,	'Is it possible to club a test series (product) and directly associate the created product to a group of aspirants (students)?',	'is-it-possible-to-club-a-test-series-product-and-directly-associate-the-created-product-to-a-group-of-aspirants-students-7',	'<p>Yes, the user can create a Product with multiple tests on this online assessment software. A Product can easily be assigned to a group of applicants.</p>\r\n\r\n<p>Refer the below mentioned steps to associate a created Product with the aspirants;</p>\r\n\r\n<ol>\r\n	<li>Choose tests and add to a Product</li>\r\n	<li>Assign the Product to a group or batch of students</li>\r\n	<li>Publish the Product</li>\r\n</ol>\r\n',	1,	'2019-05-27 02:06:25',	'2019-05-27 02:06:25'),
(9,	3,	'Is there any limit to add the number of users in a system?',	'is-there-any-limit-to-add-the-number-of-users-in-a-system-8',	'<p>You can add and manage multiple users to your panel. This will help to conduct tests among multiple students depending upon the test attempt limit. The limit to test attempts, will be in accordance with the subscription purchased that can be increased anytime as per the requirements.</p>\r\n',	1,	'2019-05-27 02:06:58',	'2019-05-27 02:06:58'),
(10,	3,	'Can I create an extra administrator?',	'can-i-create-an-extra-administrator-9',	'<p>The limit to define administrator will be proportionate to the type of account purchased on the online exam software. A trial and a starter account offers &nbsp;the authority to add 1 admin and for a standard, professional and business account, you can add 2, 3 and 5 admin&rsquo;s respectively.</p>\r\n\r\n<p>The primary administrator can specify the rights and permission to the secondary administrators.&nbsp;Permissions will include the viewing rights, marking schemes and deleting authorizations; Managing Tests and Questions; Managing Users and Assign Tests to be taken and more.</p>\r\n',	1,	'2019-05-27 02:07:29',	'2019-05-27 02:07:29'),
(11,	3,	'Will I remain the owner of my content that I have uploaded on Menorah Exam?',	'will-i-remain-the-owner-of-my-content-that-i-have-uploaded-on-menorah-exam-10',	'<p>Yes, you will be the owner of the content that you have uploaded to the portal.</p>\r\n\r\n<p>However, Menorah Exam will not take any ownership/ proprietary rights of the content created or uploaded by its users. You can check the initial Terms and Conditions.</p>\r\n',	1,	'2019-05-27 02:08:18',	'2019-05-27 02:08:18'),
(12,	3,	'Am I allowed to remove the name “Menorah Exam” from the panel?',	'am-i-allowed-to-remove-the-name-menorah-exam-from-the-panel-11',	'<p>Menorah Exam offers the provision to full white labeling in the Test Taker Panel, using the Professional or Business subscriptions. White labeling provides you the access to remove the name, logo, etc. from the test taker panel. Furthermore, you can directly get in touch with our&nbsp;support team to use your URL in the Test Taker Panel via sub-domain masking.</p>\r\n',	1,	'2019-05-27 02:09:00',	'2019-05-27 02:09:00'),
(13,	3,	'How to terminate a subscribed plan?',	'how-to-terminate-a-subscribed-plan-12',	'<p>Once you have subscribed to a particular plan, it cannot be terminated. Moreover, if in case you want to upgrade, you can easily upgrade your account in the sequential account type listed as a trial, starter, standard, professional and business.</p>\r\n',	1,	'2019-05-27 02:09:38',	'2019-05-27 02:09:38'),
(14,	2,	'What are the steps involved in changing the user account (administrator) password?',	'what-are-the-steps-involved-in-changing-the-user-account-administrator-password-13',	'<p>The user account password will be changed by following the below mentioned steps;</p>\r\n\r\n<p><br />\r\nGo to Settings &gt;&gt; User &gt;&gt; Select Admin &gt;&gt; Click on Edit &gt;&gt; Edit User &gt;&gt; Change the password &gt;&gt; Save</p>\r\n',	1,	'2019-05-27 02:10:12',	'2019-05-27 02:10:12'),
(15,	2,	'How Menorah exam will ensures cheat protection?',	'how-menorah-exam-will-ensures-cheat-protection-14',	'<p>Menorah Exam constitutes of special Anti-Cheat features that can be used to avoid cheating in the test paper, for eg:</p>\r\n\r\n<ol>\r\n	<li><em>Grouping</em>\r\n\r\n	<ul>\r\n		<li><em>a. Shuffle Questions within Subject</em></li>\r\n	</ul>\r\n	</li>\r\n	<li><em>Shuffling</em>\r\n	<ul>\r\n		<li><em>a. Option wise Shuffling Test Options</em></li>\r\n		<li><em>b. Mandatory to attempt all the questions</em></li>\r\n		<li><em>c. Allow user to move back and forward</em></li>\r\n	</ul>\r\n	</li>\r\n	<li><em>Time Settings</em>\r\n	<ul>\r\n		<li><em>a. Section wise time</em></li>\r\n		<li><em>b. Automize time for all questions in a test</em></li>\r\n	</ul>\r\n	</li>\r\n</ol>\r\n',	1,	'2019-05-27 02:10:53',	'2019-05-27 02:10:53'),
(16,	2,	'Will my data on Menorah Exam kept private?',	'will-my-data-on-menorah-exam-kept-private-15',	'<p>Yes, the uploaded data on Menorah Exam will be secured. The data stored in terms of credentials, tests, products, etc. will be restricted and secured to any external threat. All the data is stored in Encrypted form.</p>\r\n',	1,	'2019-05-27 02:11:29',	'2019-05-27 02:11:29'),
(17,	2,	'Can I remove my uploaded content from the panel?',	'can-i-remove-my-uploaded-content-from-the-panel-16',	'<p>Yes, you can easily remove the uploaded content from the panel. This includes the textual matter like subjects, topics, questions, tests , packages, etc. on Think Exam at any point of time.</p>\r\n',	1,	'2019-05-27 02:11:56',	'2019-05-27 02:11:56'),
(18,	4,	'Do I need to install any additional software?',	'do-i-need-to-install-any-additional-software-17',	'<p>No. Menorah Exam the Online Assessment Software does not require any additional software installation.</p>\r\n\r\n<p>&nbsp;</p>\r\n\r\n<p>Tests can be Created and Taken using standard devices that are listed below:</p>\r\n\r\n<p>* Computer web browsers</p>\r\n\r\n<p>* Smart phones</p>\r\n\r\n<p>* Tablets</p>\r\n',	1,	'2019-05-27 02:16:49',	'2019-05-27 02:16:49'),
(19,	4,	'Does Menorah Exam require plugins such as Flash, Active X or Java?',	'does-menorah-exam-require-plugins-such-as-flash-active-x-or-java-18',	'<p>Plugins like Flash, Active X or Java are not necessary to be installed for accessing Menorah Exam. However, if in case your created test contains video or audio files, then it is mandatory for you and your users to update their computer with a plugin</p>\r\n',	1,	'2019-05-27 02:17:45',	'2019-05-27 02:17:45'),
(20,	4,	'What is an API and how can I use it to integrate my softwares?',	'what-is-an-api-and-how-can-i-use-it-to-integrate-my-softwares-19',	'<p>The API (Application Programming Interface) is the set of instructions that will be used to interface the Menorah Exam with third party software and applications. Developers can easily retrieve the up-to-date documentation of the created instructions. For more details you can refer our&nbsp;API document module.</p>\r\n',	1,	'2019-05-27 02:18:19',	'2019-05-27 02:18:19'),
(21,	4,	'Does Menorah Exam work on an iPhone and/or iPad?',	'does-menorah-exam-work-on-an-iphone-andor-ipad-20',	'<p>Yes, Menorah Exam works on all major operating systems, web browsers and devices ensure a streamlined &nbsp;service, that can be accessed hassle-free wherever and whenever you want to.</p>\r\n\r\n<p><br />\r\nMenorah Exam is compatible with all the major operating systems including:</p>\r\n\r\n<p>- Windows</p>\r\n\r\n<p>- Macintosh</p>\r\n\r\n<p>- Linux</p>\r\n\r\n<p>- Chrome OS / Chromebook</p>\r\n\r\n<p>- Smart devices including:</p>\r\n\r\n<p>- iPhone</p>\r\n\r\n<p>- iPod touch</p>\r\n\r\n<p>- iPad</p>\r\n\r\n<p>- Android</p>\r\n',	1,	'2019-05-27 02:19:29',	'2019-05-27 02:19:29'),
(22,	5,	'How to monetize the created test series?',	'how-to-monetize-the-created-test-series-21',	'<p>Menorah Exam allows the facility to sell or earn from the tests (monetize).</p>\r\n\r\n<p>&nbsp;</p>\r\n\r\n<p>The selling feature is only available either with a professional or a business account. You can easily upgrade your account to above two accounts, in order to have the monetization of your created tests.</p>\r\n\r\n<p>&nbsp;</p>\r\n\r\n<p>A test taker will first pay online via credit/debit card or using a dedicated coupon code, to attempt the required Online exam.</p>\r\n\r\n<p><br />\r\nPayment gateway options; PayPal, PayU money, CC Avenue, Paytm</p>\r\n',	1,	'2019-05-27 02:20:56',	'2019-05-27 02:20:56'),
(23,	5,	'What are the payment options?',	'what-are-the-payment-options-22',	'<p>Online Payments are completed using a highly controlled and secured platform. The featured list of pre-integrated payment options are PayPal, PayU money, CCavenue and Paytm.</p>\r\n\r\n<p>Further the required payment can be processed using a credit card, debit card, net banking along with a coupon or promo code.</p>\r\n\r\n<p>You can &nbsp;simply initiate the payment gateway by adding your credentials in it.</p>\r\n',	1,	'2019-05-27 02:21:38',	'2019-05-27 02:21:38'),
(24,	5,	'Can I upgrade from Trial to a paid edition?',	'can-i-upgrade-from-trial-to-a-paid-edition-23',	'<p>You can easily upgrade from a Free Trial account to a paid account (starter, standard, professional and business). For upgrading your account, you can follow the below mentioned steps;</p>\r\n\r\n<p>&nbsp;</p>\r\n\r\n<p>Option : Dashboard &gt;&gt; Subscription &gt;&gt; Upgrade &gt;&gt; Select the account &gt;&gt; Make Payment</p>\r\n',	1,	'2019-05-27 02:22:11',	'2019-05-27 02:22:11'),
(25,	5,	'How can I download invoice against the purchase or upgrade of an account?',	'how-can-i-download-invoice-against-the-purchase-or-upgrade-of-an-account-24',	'<p>You can download PDF and export to mail a copy of the purchased order. You can follow the below mentioned steps to download a copy of the generated invoice against your payment;</p>\r\n\r\n<p>Go to settings &gt;&gt; Payments &gt;&gt; Action &gt;&gt; Download PDF</p>\r\n',	1,	'2019-05-27 02:22:53',	'2019-05-27 02:22:53'),
(26,	5,	'What is Menorah Exam’s refund policy?',	'what-is-menorah-exams-refund-policy-25',	'<p>No, we do not offer any refund.</p>\r\n\r\n<p>Once you made a payment against a subscribed package (with or without top ups) and later because of any reason you want to discontinue the offered services, Menorah exam will not be able to refund your amount as per our updated payment policy.</p>\r\n',	1,	'2019-05-27 02:23:47',	'2019-05-27 02:23:47'),
(27,	5,	'Does Menorah Exam stores my card details (credit or debit)?',	'does-menorah-exam-stores-my-card-details-credit-or-debit-26',	'<p>Menorah Exam does not store or process any credit card information. All transactions are processed through highly secured payment gateway vendors. You can select a pre-integrated payment gateway from PayPal, PayU, CC Avenue and Paytm.</p>\r\n',	1,	'2019-05-27 02:24:18',	'2019-05-27 02:24:18'),
(28,	5,	'Explain the different status possible in an online transaction?',	'explain-the-different-status-possible-in-an-online-transaction-27',	'<p>The aspirant can counter vivid statuses as discussed below;</p>\r\n\r\n<ol>\r\n	<li><em>Initialize</em>\r\n\r\n	<ul>\r\n		<li><em>a. Not Started: The transaction has not been started yet.</em></li>\r\n		<li><em>b. Initiated/Initial: The transaction has been started but not completed.</em></li>\r\n	</ul>\r\n	</li>\r\n	<li><em>Refund Status</em>\r\n	<ul>\r\n		<li><em>a. Partially Refunded: A part of paid amount of the transaction has been refunded.</em></li>\r\n		<li><em>b. Refunded: Entire amount of the transaction has been refunded.</em></li>\r\n	</ul>\r\n	</li>\r\n	<li><em>Failed</em>\r\n	<ul>\r\n		<li><em>a. Bounced: &nbsp;Incomplete or no details provided on the payment page.</em></li>\r\n		<li><em>b. Failed: The transaction was not completed due to a failure.</em></li>\r\n		<li><em>c. Under Dispute: A dispute for the transaction has been raised.</em></li>\r\n	</ul>\r\n	</li>\r\n	<li><em>Successful</em>\r\n	<ul>\r\n		<li><em>a. Money with the Wallet: The transaction was successful and the transaction amount is with the wallet money (for eg- PayUMoney)</em></li>\r\n		<li><em>b. Settlement Process: Settlement of the transaction in process.</em></li>\r\n		<li><em>c. Completed: The transaction is settled and completed.</em></li>\r\n	</ul>\r\n	</li>\r\n</ol>\r\n',	1,	'2019-05-27 02:24:48',	'2019-05-27 02:24:48'),
(29,	6,	'What happens if I reach the testing limit?',	'what-happens-if-i-reach-the-testing-limit-28',	'<p>Once the offered test attempt reaches to 90% of the limit, you will get a notification through mail to upgrade your plan on your registered email id.</p>\r\n',	1,	'2019-05-27 02:25:12',	'2019-05-27 02:25:12'),
(30,	6,	'How does Menorah Exam back-up and secure my data?',	'how-does-menorah-exam-back-up-and-secure-my-data-29',	'<p>Menorah Exam has an incremental backup of all data. Our website is hosted &nbsp;24/7 by highly secured, encrypted Amazon data servers at various international locations to ensure the highest level of security for your data. Our 256-bit encryption provides security to all the passwords when stored on our system. Think Exam does not process/ record/ store your payment details, like credit card numbers. &nbsp;The transactions are performed using secured third party payment gateway vendors that are PayPal, CC Avenue, PayU, Paytm.</p>\r\n',	1,	'2019-05-27 02:25:46',	'2019-05-27 02:25:46'),
(31,	6,	'I have subscribed to a paid plan in the past. What happens if I don’t renew it?',	'i-have-subscribed-to-a-paid-plan-in-the-past-what-happens-if-i-dont-renew-it-30',	'<p>Once, you miss the expiry date for renewal of your account. Our sales associate will get in touch with you over the call or on the email, to keep you informed and updated that how to renew the services and avoid termination of the account.</p>\r\n',	1,	'2019-05-27 02:26:22',	'2019-05-27 02:26:22');

DROP TABLE IF EXISTS `feedbacks`;
CREATE TABLE `feedbacks` (
  `id` bigint(20) unsigned NOT NULL AUTO_INCREMENT,
  `title` varchar(50) COLLATE utf8_unicode_ci NOT NULL,
  `slug` varchar(255) COLLATE utf8_unicode_ci NOT NULL,
  `user_id` bigint(20) unsigned NOT NULL,
  `subject` varchar(255) COLLATE utf8_unicode_ci NOT NULL,
  `description` text COLLATE utf8_unicode_ci NOT NULL,
  `read_status` tinyint(4) NOT NULL DEFAULT '0',
  `created_at` timestamp NULL DEFAULT NULL,
  `updated_at` timestamp NULL DEFAULT NULL,
  PRIMARY KEY (`id`),
  KEY `user_id` (`user_id`),
  CONSTRAINT `feedbacks_ibfk_1` FOREIGN KEY (`user_id`) REFERENCES `users` (`id`) ON DELETE CASCADE ON UPDATE CASCADE
) ENGINE=InnoDB DEFAULT CHARSET=utf8 COLLATE=utf8_unicode_ci;

INSERT INTO `feedbacks` (`id`, `title`, `slug`, `user_id`, `subject`, `description`, `read_status`, `created_at`, `updated_at`) VALUES
(1,	'SBI PO 2017',	'lms-feedback',	7,	'LMS ',	'If you really want to crack any exam by enjoying your preparation then Menorah OES is the right choice. Tests are at par with the actual exam, plus the quality of questions, performance analysis',	1,	'2018-04-03 10:55:15',	'2019-06-04 09:11:34'),
(2,	'SSC JE 2016',	'ssc-je-2016-1',	7,	'SSC',	'I had attempted both, sectional as well as full length tests of Menorah OES. Test analysis aided me in self-evaluation, which was essential for me as I was preparing on my own. The tests also enhanced',	1,	'2019-05-22 04:35:19',	'2019-06-04 09:11:44'),
(6,	'TEST',	'test-5',	7,	'test',	'OES was the only one I had purchased.The series improved my speed to a great extent,  helped me in identifying my mistakes which I improved through the section-wise practice questions provided by OES.',	1,	'2019-05-22 05:36:42',	'2019-06-04 09:11:39'),
(7,	'Best Support',	'best-support-3',	19,	'Best Support',	'Best Support... Very prompt in answering and assisting all queries. Always extends support whenever required. Hope to receive continuous support in this manner..\r\n\r\n',	1,	'2019-06-10 11:46:22',	'2019-06-10 11:53:23'),
(8,	'Customer Support',	'customer-support-4',	17,	'Customer Support',	'Good Customer Support, Nice Script, Value for Money. Good Work.... Keep the same Sprit...... A Great thanks to you guys..... \r\nHope to see some other best scripts from you guys..',	1,	'2019-06-10 11:47:07',	'2019-06-10 11:53:14'),
(9,	'Feature Availability',	'feature-availability-5',	17,	'Feature Availability',	'I have purchased this Application 2 times, I like service and tech support person is very friendly, there were some bugs but Menorah\'s team solved it.\r\nThank you!!',	1,	'2019-06-10 11:48:03',	'2019-06-10 11:53:09'),
(10,	'Code Quality',	'code-quality-6',	20,	'Code Quality',	'I spent a lot of time for looking a product. But this product meets my requirement. Very dynamic and professional. The small bugs will be solved soon, every product has such. ',	1,	'2019-06-10 11:48:55',	'2019-06-10 11:53:02'),
(12,	'Code Quality',	'code-quality-7',	20,	'Code Quality',	'Digi Samaritan are the best in terms of support. they help solve all my worries and made sure i was ok. really happy\r\n\r\n',	1,	'2019-06-10 11:52:12',	'2019-06-10 11:52:57'),
(13,	'Best Onlineexam System',	'best-onlineexam-system-8',	10,	'Best Onlineexam System',	'I had attempted both, sectional as well as full length tests of OES. Test analysis aided me in self-evaluation, which was essential for me as I was preparing on my own. ',	1,	'2019-06-12 05:56:34',	'2019-06-12 05:57:25');

DROP TABLE IF EXISTS `grades`;
CREATE TABLE `grades` (
  `id` int(10) unsigned NOT NULL AUTO_INCREMENT,
  `percentage_title` varchar(255) COLLATE utf8_unicode_ci NOT NULL,
  `grade_title` varchar(255) COLLATE utf8_unicode_ci NOT NULL,
  `percentage_from` decimal(10,2) NOT NULL,
  `percentage_to` decimal(10,2) NOT NULL,
  `grade_points` decimal(10,2) NOT NULL,
  `created_at` timestamp NULL DEFAULT NULL,
  `updated_at` timestamp NULL DEFAULT NULL,
  PRIMARY KEY (`id`)
) ENGINE=InnoDB DEFAULT CHARSET=utf8 COLLATE=utf8_unicode_ci;


DROP TABLE IF EXISTS `groups`;
CREATE TABLE `groups` (
  `id` int(10) unsigned NOT NULL AUTO_INCREMENT,
  `group` varchar(255) COLLATE utf8_unicode_ci NOT NULL,
  `created_at` timestamp NULL DEFAULT NULL,
  `updated_at` timestamp NULL DEFAULT NULL,
  PRIMARY KEY (`id`),
  UNIQUE KEY `groups_group_unique` (`group`)
) ENGINE=InnoDB DEFAULT CHARSET=utf8 COLLATE=utf8_unicode_ci;


DROP TABLE IF EXISTS `instructions`;
CREATE TABLE `instructions` (
  `id` bigint(20) unsigned NOT NULL AUTO_INCREMENT,
  `title` varchar(50) COLLATE utf8_unicode_ci NOT NULL,
  `slug` varchar(50) COLLATE utf8_unicode_ci NOT NULL,
  `content` text COLLATE utf8_unicode_ci NOT NULL,
  `created_at` timestamp NULL DEFAULT NULL,
  `updated_at` timestamp NULL DEFAULT NULL,
  PRIMARY KEY (`id`)
) ENGINE=InnoDB DEFAULT CHARSET=utf8 COLLATE=utf8_unicode_ci;

INSERT INTO `instructions` (`id`, `title`, `slug`, `content`, `created_at`, `updated_at`) VALUES
(1,	'General Instructions',	'general-instructions',	'<p><strong>Please read these instructions carefully.</strong> A&nbsp;candidate who breaches any of the Examination Regulations will be liable to disciplinary action including (but not limited to) suspension or expulsion from the University.</p>\r\n\r\n<p>&nbsp;</p>\r\n\r\n<p><strong>Timings</strong></p>\r\n\r\n<p>&middot;&nbsp;&nbsp;&nbsp;&nbsp;&nbsp;&nbsp;&nbsp;&nbsp; Examinations will be conducted during the allocated times shown in the examination timetable.</p>\r\n\r\n<p>&middot;&nbsp;&nbsp;&nbsp;&nbsp;&nbsp;&nbsp;&nbsp;&nbsp; The examination hall will be open for admission <strong>10 minutes </strong>before the time scheduled for the commencement of the examination. You are to find your allocated seat but&nbsp;do<strong>&nbsp;NOT </strong>turn over the question paper until instructed at the time of commencement of the examination.</p>\r\n\r\n<p>&middot;&nbsp;&nbsp;&nbsp;&nbsp;&nbsp;&nbsp;&nbsp;&nbsp; You will not be admitted for the examination after <strong>one hour</strong> of the commencement of the examination.</p>\r\n\r\n<p><strong>Personal Belongings</strong></p>\r\n\r\n<ul>\r\n	<li>All your personal belongings (such as bags, pouches, ear/headphones, laptops etc.) must be placed at the designated area outside the examination hall. Please do not bring any valuable belongings except the essential materials required for the examinations.&nbsp;\r\n	<ul>\r\n		<li>Any unauthorised materials, such as books, paper, documents, pictures and electronic devices with communication and/or storage capabilities such as tablet PC, laptop, smart watch, portable audio/video/gaming devices etc. are not to be brought into the examination hall.</li>\r\n	</ul>\r\n	</li>\r\n</ul>\r\n\r\n<p>&middot;&nbsp;&nbsp;&nbsp;&nbsp;&nbsp;&nbsp;&nbsp;&nbsp; <strong>Handphones brought into the examination hall must be switched off at ALL times.</strong> If your handphone is found to be switched on in the examination hall, the handphone will be confiscated and retained for investigation of possible violation of regulations.</p>\r\n\r\n<p>&middot;&nbsp;&nbsp;&nbsp;&nbsp;&nbsp;&nbsp;&nbsp;&nbsp; Photography is&nbsp;<strong>NOT</strong> allowed in the examination hall at&nbsp;<strong>ALL </strong>times.</p>\r\n\r\n<p>&middot;&nbsp;&nbsp;&nbsp;&nbsp;&nbsp;&nbsp;&nbsp;&nbsp; All materials and/or devices which are found in violation of any examination regulations will be confiscated.</p>\r\n\r\n<p>&middot;&nbsp;&nbsp;&nbsp;&nbsp;&nbsp;&nbsp;&nbsp;&nbsp; The University will not be responsible for the loss or damage of any belongings in or outside the examination hall.</p>\r\n\r\n<p><strong>At the Start of the Examination</strong></p>\r\n\r\n<p>&middot;&nbsp;&nbsp;&nbsp;&nbsp;&nbsp;<strong>Do&nbsp;NOT </strong>turn over the question paper placed on your desk until instructed to do so at the time of commencement of the examination.</p>\r\n\r\n<p>&middot;&nbsp;&nbsp;&nbsp;&nbsp;&nbsp;&nbsp;&nbsp;&nbsp; Please place your identification documents (such as matric card, identity card, passport, driving licence or EZ-Link concession card) at the top right corner of your examination desk for the marking of attendance and verification of identity during the examination.</p>\r\n\r\n<p>&middot;&nbsp;&nbsp;&nbsp;&nbsp;&nbsp;&nbsp;&nbsp;&nbsp; Please check that you have the correct question paper and read the instructions printed on your examination question paper carefully.</p>\r\n\r\n<p>&middot;&nbsp;&nbsp;&nbsp;&nbsp;&nbsp;&nbsp;&nbsp;&nbsp; All examinations are anonymous. Therefore, do not write your name on the answer book. You should write only your matriculation number, correctly and legibly, in the space provided on the cover of each answer book. Providing incorrect/illegible matriculation number could risk your answer book being considered void.&nbsp;&nbsp;&nbsp;&nbsp;&nbsp;&nbsp;&nbsp;&nbsp;&nbsp;&nbsp;&nbsp;</p>\r\n\r\n<p><strong>During Examination</strong></p>\r\n\r\n<ul>\r\n	<li>You are not allowed to communicate by word of mouth or otherwise with other candidates (this includes the time when answer scripts are being collected).</li>\r\n	<li>Please raise your hand if you wish to communicate with an invigilator.</li>\r\n</ul>\r\n\r\n<p>&middot;&nbsp;&nbsp;&nbsp;&nbsp;&nbsp;&nbsp;&nbsp;&nbsp; Unless granted permission by an invigilator, you are not allowed to leave your seat.</p>\r\n\r\n<ul>\r\n	<li>Once you have entered the examination hall, you will not be allowed to leave the hall&nbsp;until<strong> one hour</strong><br />\r\n	&nbsp;&nbsp;&nbsp;&nbsp;&nbsp;&nbsp;&nbsp;&nbsp;&nbsp;&nbsp;&nbsp; after the examination has commenced.&nbsp;</li>\r\n	<li>If, for any reason, you are given permission to leave the hall temporarily, you must be accompanied<br />\r\n	&nbsp;&nbsp;&nbsp;&nbsp;&nbsp;&nbsp;&nbsp;&nbsp;&nbsp;&nbsp; &nbsp;by an invigilator throughout your absence from the examination hall. <strong>You are required to leave<br />\r\n	&nbsp;&nbsp;&nbsp;&nbsp;&nbsp;&nbsp;&nbsp;&nbsp;&nbsp;&nbsp;&nbsp;&nbsp; your&nbsp;</strong><strong>handphone on your desk when you leave the hall temporarily.</strong></li>\r\n</ul>\r\n\r\n<p>&middot;&nbsp;&nbsp;&nbsp;&nbsp;&nbsp;&nbsp;&nbsp;&nbsp; All answers, with the exception of graphs, sketches, diagrams, etc. should be written in black or blue pen, unless otherwise specified. Answers written in pencil will not be marked. The blank pages in the answer book are to be used only for candidates&#39; rough work. Solutions or any other materials written on these blank pages will not be marked.</p>\r\n\r\n<p>&middot;&nbsp;&nbsp;&nbsp;&nbsp;&nbsp;&nbsp;&nbsp;&nbsp; Do not write on, mark, highlight or deface any reference materials provided for the examination. If found doing so, the reference materials will be removed from your use for the rest of the examination and you will be made to pay for the cost of the materials that have to be replaced.</p>\r\n\r\n<p><strong>At the End of the Examination</strong></p>\r\n\r\n<p>&middot;&nbsp;&nbsp;&nbsp;&nbsp;&nbsp;&nbsp; You are&nbsp;<strong>NOT</strong> allowed to leave the examination hall during the last <strong>15 minutes</strong> of the examination and during the collection of the answer scripts. All candidates must remain seated throughout this period for invigilators to properly account for all answer scripts to be collected.</p>\r\n\r\n<p>&middot;&nbsp;&nbsp;&nbsp;&nbsp;&nbsp;&nbsp;Do <strong>NOT </strong>continue to write after the examination has ended. You are to <strong>remain seated quietly</strong>&nbsp;while your answer scripts are being collected and counted.</p>\r\n\r\n<p>&middot;&nbsp;&nbsp;&nbsp;&nbsp;&nbsp;&nbsp; No papers, used or unused, may be removed from the examination hall. You may take your own question paper with you unless otherwise instructed.</p>\r\n\r\n<p>&middot;&nbsp;&nbsp;&nbsp;&nbsp;&nbsp;&nbsp; You are to stay in the examination hall until the Chief Invigilator has given the permission to leave. Do <strong>NOT</strong> talk until you are outside of the examination hall.</p>\r\n\r\n<p>&middot;&nbsp;&nbsp;&nbsp;&nbsp;&nbsp;&nbsp; You are responsible to ensure that your answer scripts are submitted at the end of the examination. If you are present for the examination and do not submit your answer script, you will be deemed to have sat for and failed the examination concerned. Any unauthorised removal of answer script or part of answer script from the examination hall would deem the answer script as null and void.</p>\r\n\r\n<p>&middot;&nbsp;&nbsp;&nbsp;&nbsp;&nbsp;&nbsp;Once dismissed, you should leave the examination hall quickly and quietly.&nbsp;Remember to take your personal belongings with you.&nbsp;</p>\r\n',	'2016-11-14 10:18:35',	'2016-11-14 10:18:35');

DROP TABLE IF EXISTS `languages`;
CREATE TABLE `languages` (
  `id` int(10) unsigned NOT NULL AUTO_INCREMENT,
  `language` varchar(255) COLLATE utf8_unicode_ci NOT NULL,
  `slug` varchar(50) COLLATE utf8_unicode_ci DEFAULT NULL,
  `code` varchar(11) COLLATE utf8_unicode_ci DEFAULT NULL,
  `is_rtl` int(11) NOT NULL,
  `is_default` tinyint(2) NOT NULL DEFAULT '0',
  `phrases` text COLLATE utf8_unicode_ci NOT NULL,
  `created_at` timestamp NULL DEFAULT NULL,
  `updated_at` timestamp NULL DEFAULT NULL,
  PRIMARY KEY (`id`),
  UNIQUE KEY `code` (`code`),
  UNIQUE KEY `slug` (`slug`)
) ENGINE=InnoDB DEFAULT CHARSET=utf8 COLLATE=utf8_unicode_ci;

INSERT INTO `languages` (`id`, `language`, `slug`, `code`, `is_rtl`, `is_default`, `phrases`, `created_at`, `updated_at`) VALUES
(3,	'Telugu',	'telugu',	'te',	0,	0,	'{\"success\":\"\\u0c35\\u0c3f\\u0c1c\\u0c2f\\u0c02\",\"record_updated_successfully\":\"\\u0c30\\u0c3f\\u0c15\\u0c3e\\u0c30\\u0c4d\\u0c21\\u0c4d \\u0c35\\u0c3f\\u0c1c\\u0c2f\\u0c35\\u0c02\\u0c24\\u0c02\\u0c17\\u0c3e \\u0c28\\u0c35\\u0c40\\u0c15\\u0c30\\u0c3f\\u0c02\\u0c1a\\u0c2c\\u0c21\\u0c3f\\u0c02\\u0c26\\u0c3f\",\"languages\":\"\\u0c2d\\u0c3e\\u0c37\\u0c32\\u0c41\",\"create\":\"\\u0c38\\u0c43\\u0c37\\u0c4d\\u0c1f\\u0c3f\\u0c02\\u0c1a\\u0c41\",\"language\":\"\\u0c2d\\u0c3e\\u0c37\\u0c3e\",\"code\":\"\\u0c15\\u0c4b\\u0c21\\u0c4d\",\"is_rtl\":\"RTL \\u0c09\\u0c02\\u0c26\\u0c3f\",\"default_language\":\"\\u0c21\\u0c3f\\u0c2b\\u0c3e\\u0c32\\u0c4d\\u0c1f\\u0c4d \\u0c2d\\u0c3e\\u0c37\\u0c3e\",\"action\":\"\\u0c2f\\u0c3e\\u0c15\\u0c4d\\u0c37\\u0c28\\u0c4d\",\"site_title\":\"\\u0c38\\u0c46\\u0c56\\u0c1f\\u0c4d \\u0c36\\u0c40\\u0c30\\u0c4d\\u0c37\\u0c3f\\u0c15\",\"latest_users\":\"\\u0c24\\u0c3e\\u0c1c\\u0c3e \\u0c35\\u0c3f\\u0c28\\u0c3f\\u0c2f\\u0c4b\\u0c17\\u0c26\\u0c3e\\u0c30\\u0c41\\u0c32\\u0c41\",\"was_joined_as\":\"\\u0c17\\u0c3e \\u0c1a\\u0c47\\u0c30\\u0c3e\\u0c30\\u0c41 \\u0c1c\\u0c30\\u0c3f\\u0c17\\u0c3f\\u0c28\\u0c26\\u0c3f\",\"see_more\":\"\\u0c07\\u0c02\\u0c15\\u0c3e \\u0c1a\\u0c42\\u0c21\\u0c02\\u0c21\\u0c3f\",\"my_profile\":\"\\u0c28\\u0c3e \\u0c1c\\u0c40\\u0c35\\u0c28 \\u0c35\\u0c3f\\u0c35\\u0c30\\u0c23\",\"change_password\":\"\\u0c2a\\u0c3e\\u0c38\\u0c4d\\u0c35\\u0c30\\u0c4d\\u0c21\\u0c4d \\u0c2e\\u0c3e\\u0c30\\u0c4d\\u0c1a\\u0c02\\u0c21\\u0c3f\",\"logout\":\"\\u0c32\\u0c3e\\u0c17\\u0c4c\\u0c1f\\u0c4d\",\"dashboard\":\"\\u0c21\\u0c3e\\u0c37\\u0c4d\\u0c2c\\u0c4b\\u0c30\\u0c4d\\u0c21\\u0c4d\",\"users\":\"\\u0c35\\u0c3f\\u0c28\\u0c3f\\u0c2f\\u0c4b\\u0c17\\u0c26\\u0c3e\\u0c30\\u0c41\\u0c32\\u0c41\",\"roles\":\"\\u0c2a\\u0c3e\\u0c24\\u0c4d\\u0c30\\u0c32\\u0c41\",\"fee_settings\":\"\\u0c2b\\u0c40\\u0c1c\\u0c41 \\u0c38\\u0c46\\u0c1f\\u0c4d\\u0c1f\\u0c3f\\u0c02\\u0c17\\u0c41\\u0c32\\u0c41\",\"fee_categories\":\"\\u0c2b\\u0c40\\u0c1c\\u0c41 \\u0c35\\u0c30\\u0c4d\\u0c17\\u0c02\",\"fee_category_allotment\":\"\\u0c2b\\u0c40\\u0c1c\\u0c41 \\u0c35\\u0c30\\u0c4d\\u0c17\\u0c02 \\u0c05\\u0c32\\u0c3e\\u0c1f\\u0c4d\\u0c2e\\u0c46\\u0c02\\u0c1f\\u0c4d\",\"fee_particulars\":\"\\u0c2b\\u0c40\\u0c1c\\u0c41 \\u0c35\\u0c3f\\u0c35\\u0c30\\u0c2e\\u0c41\\u0c32\",\"fee_schedules\":\"\\u0c2b\\u0c40\\u0c1c\\u0c41 \\u0c37\\u0c46\\u0c21\\u0c4d\\u0c2f\\u0c42\\u0c32\\u0c4d\\u0c38\\u0c4d\",\"fines\":\"\\u0c2b\\u0c46\\u0c56\\u0c28\\u0c4d\\u0c38\\u0c4d\",\"discounts\":\"\\u0c21\\u0c3f\\u0c38\\u0c4d\\u0c15\\u0c4c\\u0c02\\u0c1f\\u0c4d\",\"master_settings\":\"\\u0c2e\\u0c3e\\u0c38\\u0c4d\\u0c1f\\u0c30\\u0c4d \\u0c38\\u0c46\\u0c1f\\u0c4d\\u0c1f\\u0c3f\\u0c02\\u0c17\\u0c41\\u0c32\\u0c41\",\"religions_master\":\"\\u0c2e\\u0c24\\u0c3e\\u0c32\\u0c41 \\u0c2e\\u0c3e\\u0c38\\u0c4d\\u0c1f\\u0c30\\u0c4d\",\"academics_master\":\"\\u0c35\\u0c3f\\u0c26\\u0c4d\\u0c2f\\u0c3e\\u0c35\\u0c47\\u0c24\\u0c4d\\u0c24\\u0c32\\u0c41 \\u0c2e\\u0c3e\\u0c38\\u0c4d\\u0c1f\\u0c30\\u0c4d\",\"courses_master\":\"\\u0c15\\u0c4b\\u0c30\\u0c4d\\u0c38\\u0c41\\u0c32\\u0c41 \\u0c2e\\u0c3e\\u0c38\\u0c4d\\u0c1f\\u0c30\\u0c4d\",\"subjects_master\":\"\\u0c35\\u0c3f\\u0c37\\u0c2f\\u0c2e\\u0c41 \\u0c2e\\u0c3e\\u0c38\\u0c4d\\u0c1f\\u0c30\\u0c4d\",\"subject_topics\":\"\\u0c35\\u0c3f\\u0c37\\u0c2f\\u0c02 \\u0c1f\\u0c3e\\u0c2a\\u0c3f\\u0c15\\u0c4d\\u0c38\\u0c4d\",\"course_subjects\":\"\\u0c15\\u0c4b\\u0c30\\u0c4d\\u0c38\\u0c41 \\u0c35\\u0c3f\\u0c37\\u0c2f\\u0c2e\\u0c41\",\"email_templates\":\"\\u0c07\\u0c2e\\u0c46\\u0c2f\\u0c3f\\u0c32\\u0c4d \\u0c1f\\u0c46\\u0c02\\u0c2a\\u0c4d\\u0c32\\u0c47\\u0c1f\\u0c4d\\u0c32\\u0c28\\u0c41\",\"exams\":\"\\u0c2a\\u0c30\\u0c40\\u0c15\\u0c4d\\u0c37\\u0c32\\u0c41\",\"categories\":\"\\u0c35\\u0c30\\u0c4d\\u0c17\\u0c02\",\"question_bank\":\"\\u0c2a\\u0c4d\\u0c30\\u0c36\\u0c4d\\u0c28 \\u0c2c\\u0c4d\\u0c2f\\u0c3e\\u0c02\\u0c15\\u0c4d\",\"quiz\":\"\\u0c15\\u0c4d\\u0c35\\u0c3f\\u0c1c\\u0c4d\",\"lms\":\"LMS\",\"content\":\"\\u0c15\\u0c02\\u0c1f\\u0c46\\u0c02\\u0c1f\\u0c4d\",\"study_materials\":\"\\u0c38\\u0c4d\\u0c1f\\u0c21\\u0c40 \\u0c2e\\u0c46\\u0c1f\\u0c40\\u0c30\\u0c3f\\u0c2f\\u0c32\\u0c4d\\u0c38\\u0c4d\",\"library\":\"\\u0c32\\u0c46\\u0c56\\u0c2c\\u0c4d\\u0c30\\u0c30\\u0c40\",\"asset_types\":\"\\u0c06\\u0c38\\u0c4d\\u0c24\\u0c3f \\u0c30\\u0c15\\u0c3e\\u0c32\\u0c41\",\"master_data\":\"\\u0c2e\\u0c41\\u0c16\\u0c4d\\u0c2f \\u0c38\\u0c2e\\u0c3e\\u0c1a\\u0c3e\\u0c30\",\"publishers\":\"\\u0c2a\\u0c2c\\u0c4d\\u0c32\\u0c3f\\u0c37\\u0c30\\u0c4d\\u0c38\\u0c4d\",\"authors\":\"\\u0c30\\u0c1a\\u0c2f\\u0c3f\\u0c24\\u0c32\\u0c41\",\"students\":\"\\u0c38\\u0c4d\\u0c1f\\u0c42\\u0c21\\u0c46\\u0c02\\u0c1f\\u0c4d\\u0c38\\u0c4d\",\"staff\":\"\\u0c38\\u0c4d\\u0c1f\\u0c3e\\u0c2b\\u0c4d\",\"school_hub\":\"\\u0c38\\u0c4d\\u0c15\\u0c42\\u0c32\\u0c4d \\u0c39\\u0c2c\\u0c4d\",\"attendance\":\"\\u0c39\\u0c3e\\u0c1c\\u0c30\\u0c41\",\"edit\":\"\\u0c2e\\u0c3e\\u0c30\\u0c4d\\u0c1a\\u0c41\",\"delete\":\"\\u0c24\\u0c4a\\u0c32\\u0c17\\u0c3f\\u0c02\\u0c1a\\u0c41\",\"enable\":\"\\u0c2a\\u0c4d\\u0c30\\u0c3e\\u0c30\\u0c02\\u0c2d\\u0c3f\\u0c02\\u0c1a\\u0c41\",\"set_default\":\"\\u0c38\\u0c46\\u0c1f\\u0c4d \\u0c21\\u0c3f\\u0c2b\\u0c3e\\u0c32\\u0c4d\\u0c1f\\u0c4d\",\"disable\":\"\\u0c21\\u0c3f\\u0c38\\u0c47\\u0c2c\\u0c41\\u0c32\\u0c4d\",\"admin_dashboard\":\"\\u0c05\\u0c21\\u0c4d\\u0c2e\\u0c3f\\u0c28\\u0c4d \\u0c21\\u0c3e\\u0c37\\u0c4d\\u0c2c\\u0c4b\\u0c30\\u0c4d\\u0c21\\u0c4d\",\"overall_users\":\"\\u0c2e\\u0c4a\\u0c24\\u0c4d\\u0c24\\u0c02\\u0c2e\\u0c40\\u0c26 \\u0c35\\u0c3f\\u0c28\\u0c3f\\u0c2f\\u0c4b\\u0c17\\u0c26\\u0c3e\\u0c30\\u0c41\\u0c32\\u0c41\",\"user_statistics\":\"\\u0c35\\u0c3e\\u0c21\\u0c41\\u0c15\\u0c30\\u0c3f \\u0c17\\u0c23\\u0c3e\\u0c02\\u0c15\\u0c3e\\u0c32\\u0c41\",\"user_details\":\"\\u0c35\\u0c3e\\u0c21\\u0c41\\u0c15\\u0c30\\u0c3f \\u0c35\\u0c3f\\u0c35\\u0c30\\u0c3e\\u0c32\\u0c41\",\"view_all\":\"\\u0c05\\u0c28\\u0c4d\\u0c28\\u0c40 \\u0c1a\\u0c42\\u0c21\\u0c41\",\"quiz_categories\":\"\\u0c15\\u0c4d\\u0c35\\u0c3f\\u0c1c\\u0c4d \\u0c35\\u0c30\\u0c4d\\u0c17\\u0c02\",\"quizzes\":\"\\u0c15\\u0c4d\\u0c35\\u0c3f\\u0c1c\\u0c46\\u0c38\\u0c4d\",\"subjects\":\"\\u0c35\\u0c3f\\u0c37\\u0c2f\\u0c2e\\u0c41\",\"topics\":\"\\u0c35\\u0c3f\\u0c37\\u0c2f\\u0c3e\\u0c32\\u0c41\",\"questions\":\"\\u0c2a\\u0c4d\\u0c30\\u0c36\\u0c4d\\u0c28\\u0c32\\u0c41\",\"title\":\"\\u0c36\\u0c40\\u0c30\\u0c4d\\u0c37\\u0c3f\\u0c15\",\"dueration\":\"Dueration\",\"category\":\"\\u0c35\\u0c30\\u0c4d\\u0c17\\u0c02\",\"is_paid\":\"\\u0c1a\\u0c46\\u0c32\\u0c4d\\u0c32\\u0c3f\\u0c38\\u0c4d\\u0c24\\u0c41\\u0c28\\u0c4d\\u0c28\\u0c2a\\u0c4d\\u0c2a\\u0c1f\\u0c3f\\u0c15\\u0c40\",\"total_marks\":\"\\u0c2e\\u0c4a\\u0c24\\u0c4d\\u0c24\\u0c02 \\u0c2e\\u0c3e\\u0c30\\u0c4d\\u0c15\\u0c41\\u0c32\\u0c41\",\"update_questions\":\"\\u0c28\\u0c35\\u0c40\\u0c15\\u0c30\\u0c23 \\u0c2a\\u0c4d\\u0c30\\u0c36\\u0c4d\\u0c28\",\"free\":\"\\u0c09\\u0c1a\\u0c3f\\u0c24\",\"paid\":\"\\u0c1a\\u0c46\\u0c32\\u0c4d\\u0c32\\u0c3f\\u0c02\\u0c2a\\u0c41\",\"create_quiz\":\"\\u0c15\\u0c4d\\u0c35\\u0c3f\\u0c1c\\u0c4d \\u0c38\\u0c43\\u0c37\\u0c4d\\u0c1f\\u0c3f\\u0c02\\u0c1a\\u0c41\",\"list\":\"\\u0c1c\\u0c3e\\u0c2c\\u0c3f\\u0c24\\u0c3e\",\"quiz_title\":\"\\u0c15\\u0c4d\\u0c35\\u0c3f\\u0c1c\\u0c4d \\u0c36\\u0c40\\u0c30\\u0c4d\\u0c37\\u0c3f\\u0c15\",\"enter_value_in_minutes\":\"\\u0c35\\u0c3f\\u0c32\\u0c41\\u0c35 \\u0c2e\\u0c3f\\u0c28\\u0c3f\\u0c1f\\u0c4d\\u0c38\\u0c4d \\u0c32\\u0c4b \\u0c0e\\u0c02\\u0c1f\\u0c30\\u0c4d\",\"it will be updated by adding the questions\":\"\\u0c07\\u0c26\\u0c3f \\u0c2a\\u0c4d\\u0c30\\u0c36\\u0c4d\\u0c28\\u0c32\\u0c41 \\u0c1c\\u0c4b\\u0c21\\u0c3f\\u0c02\\u0c1a\\u0c21\\u0c02 \\u0c26\\u0c4d\\u0c35\\u0c3e\\u0c30\\u0c3e \\u0c05\\u0c2a\\u0c4d\\u0c21\\u0c47\\u0c1f\\u0c4d \\u0c05\\u0c35\\u0c41\\u0c24\\u0c41\\u0c02\\u0c26\\u0c3f\",\"pass_percentage\":\"\\u0c09\\u0c24\\u0c4d\\u0c24\\u0c40\\u0c30\\u0c4d\\u0c23\\u0c24 \\u0c36\\u0c3e\\u0c24\\u0c02\",\"no\":\"\\u0c24\\u0c4b\\u0c2c\\u0c41\\u0c1f\\u0c4d\\u0c1f\\u0c41\\u0c35\\u0c41\\u0c32\",\"yes\":\"\\u0c05\\u0c35\\u0c41\\u0c28\\u0c41\",\"description\":\"\\u0c35\\u0c3f\\u0c35\\u0c30\\u0c23\",\"add_language\":\"\\u0c2d\\u0c3e\\u0c37\\u0c3e \\u0c1c\\u0c4b\\u0c21\\u0c3f\\u0c02\\u0c1a\\u0c02\\u0c21\\u0c3f\",\"language_title\":\"\\u0c2d\\u0c3e\\u0c37\\u0c3e \\u0c36\\u0c40\\u0c30\\u0c4d\\u0c37\\u0c3f\\u0c15\",\"language_code\":\"\\u0c2d\\u0c3e\\u0c37 \\u0c15\\u0c4b\\u0c21\\u0c4d\",\"supported_language_codes\":\"\\u0c2e\\u0c26\\u0c4d\\u0c26\\u0c24\\u0c41 \\u0c2d\\u0c3e\\u0c37 \\u0c15\\u0c4b\\u0c21\\u0c4d\\u0c32\\u0c41\",\"home\":\"\\u0c39\\u0c4b\\u0c2e\\u0c4d\",\"faqs\":\"FAQS\",\"about_us\":\"\\u0c2e\\u0c3e \\u0c17\\u0c41\\u0c30\\u0c3f\\u0c02\\u0c1a\\u0c3f\",\"contact_us\":\"\\u0c2e\\u0c2e\\u0c4d\\u0c2e\\u0c32\\u0c4d\\u0c28\\u0c3f \\u0c38\\u0c02\\u0c2a\\u0c4d\\u0c30\\u0c26\\u0c3f\\u0c02\\u0c1a\\u0c02\\u0c21\\u0c3f\",\"email\":\"\\u0c07\\u0c2e\\u0c46\\u0c2f\\u0c3f\\u0c32\\u0c4d\",\"password\":\"\\u0c2a\\u0c3e\\u0c38\\u0c4d\\u0c35\\u0c30\\u0c4d\\u0c21\\u0c4d\",\"login\":\"\\u0c32\\u0c3e\\u0c17\\u0c3f\\u0c28\\u0c4d\",\"forgot_password\":\"\\u0c2a\\u0c3e\\u0c38\\u0c4d\\u0c35\\u0c30\\u0c4d\\u0c21\\u0c4d \\u0c2e\\u0c30\\u0c3f\\u0c1a\\u0c3f\\u0c2a\\u0c4b\\u0c2f\\u0c3e\\u0c30\\u0c3e\",\"register\":\"\\u0c28\\u0c2e\\u0c4b\\u0c26\\u0c41\",\"logged_out_successfully\":\"\\u0c35\\u0c3f\\u0c1c\\u0c2f\\u0c35\\u0c02\\u0c24\\u0c02\\u0c17\\u0c3e \\u0c32\\u0c3e\\u0c17\\u0c4d \\u0c05\\u0c35\\u0c41\\u0c1f\\u0c4d\",\"edit_subject\":\"\\u0c35\\u0c3f\\u0c37\\u0c2f\\u0c3e\\u0c28\\u0c4d\\u0c28\\u0c3f \\u0c2e\\u0c3e\\u0c30\\u0c4d\\u0c1a\\u0c41\",\"update\":\"\\u0c28\\u0c35\\u0c40\\u0c15\\u0c30\\u0c23\",\"subject_title\":\"\\u0c35\\u0c3f\\u0c37\\u0c2f\\u0c02 \\u0c36\\u0c40\\u0c30\\u0c4d\\u0c37\\u0c3f\\u0c15\",\"subject_code\":\"\\u0c35\\u0c3f\\u0c37\\u0c2f\\u0c02 \\u0c15\\u0c4b\\u0c21\\u0c4d\",\"is_lab\":\"\\u0c32\\u0c4d\\u0c2f\\u0c3e\\u0c2c\\u0c4d\",\"is_elective\":\"\\u0c28\\u0c3f\\u0c2f\\u0c4b\\u0c1c\\u0c3f\\u0c24 \\u0c09\\u0c02\\u0c26\\u0c3f\",\"maximum_marks\":\"\\u0c17\\u0c30\\u0c3f\\u0c37\\u0c4d\\u0c20 \\u0c2e\\u0c3e\\u0c30\\u0c4d\\u0c15\\u0c4d\\u0c38\\u0c4d\",\"pass_marks\":\"\\u0c2a\\u0c3e\\u0c38\\u0c4d \\u0c2e\\u0c3e\\u0c30\\u0c4d\\u0c15\\u0c4d\\u0c38\\u0c4d\",\"subjects_list\":\"\\u0c35\\u0c3f\\u0c37\\u0c2f\\u0c2e\\u0c41 \\u0c1c\\u0c3e\\u0c2c\\u0c3f\\u0c24\\u0c3e\",\"sno\":\"sno\",\"subject\":\"\\u0c35\\u0c3f\\u0c37\\u0c2f\\u0c02\",\"max_marks\":\"\\u0c2e\\u0c3e\\u0c15\\u0c4d\\u0c38\\u0c4d \\u0c2e\\u0c3e\\u0c30\\u0c4d\\u0c15\\u0c4d\\u0c38\\u0c4d\",\"parent\":\"\\u0c2e\\u0c3e\\u0c24\\u0c43\",\"add_user\":\"\\u0c35\\u0c3e\\u0c21\\u0c41\\u0c15\\u0c30\\u0c3f \\u0c1c\\u0c4b\\u0c21\\u0c3f\\u0c02\\u0c1a\\u0c02\\u0c21\\u0c3f\",\"name\":\"\\u0c2a\\u0c47\\u0c30\\u0c41\",\"image\":\"\\u0c1a\\u0c3f\\u0c24\\u0c4d\\u0c30\\u0c02\",\"role\":\"\\u0c2a\\u0c3e\\u0c24\\u0c4d\\u0c30\",\"view_profile\":\"\\u0c2a\\u0c4d\\u0c30\\u0c4a\\u0c2b\\u0c46\\u0c56\\u0c32\\u0c4d \\u0c1a\\u0c42\\u0c21\\u0c41\",\"update_details\":\"\\u0c28\\u0c35\\u0c40\\u0c15\\u0c30\\u0c23 \\u0c35\\u0c3f\\u0c35\\u0c30\\u0c3e\\u0c32\\u0c41\",\"add_users\":\"\\u0c35\\u0c3f\\u0c28\\u0c3f\\u0c2f\\u0c4b\\u0c17\\u0c26\\u0c3e\\u0c30\\u0c41\\u0c32\\u0c28\\u0c41 \\u0c1c\\u0c4b\\u0c21\\u0c3f\\u0c02\\u0c1a\\u0c02\\u0c21\\u0c3f\",\"select_role\":\"\\u0c2a\\u0c3e\\u0c24\\u0c4d\\u0c30 \\u0c0e\\u0c02\\u0c1a\\u0c41\\u0c15\\u0c4b\\u0c02\\u0c21\\u0c3f\",\"user_roles\":\"\\u0c35\\u0c3e\\u0c21\\u0c41\\u0c15\\u0c30\\u0c3f \\u0c2a\\u0c3e\\u0c24\\u0c4d\\u0c30\\u0c32\\u0c41\",\"permissions\":\"\\u0c05\\u0c28\\u0c41\\u0c2e\\u0c24\\u0c41\\u0c32\\u0c41\",\"add_role\":\"\\u0c2a\\u0c3e\\u0c24\\u0c4d\\u0c30 \\u0c1c\\u0c4b\\u0c21\\u0c3f\\u0c02\\u0c1a\\u0c41\",\"role_name\":\"\\u0c2a\\u0c3e\\u0c24\\u0c4d\\u0c30 \\u0c2a\\u0c47\\u0c30\\u0c41\",\"display_name\":\"\\u0c2a\\u0c4d\\u0c30\\u0c26\\u0c30\\u0c4d\\u0c36\\u0c3f\\u0c24 \\u0c28\\u0c3e\\u0c2e\\u0c02\",\"list_roles\":\"\\u0c1c\\u0c3e\\u0c2c\\u0c3f\\u0c24\\u0c3e \\u0c2d\\u0c3e\\u0c26\\u0c4d\\u0c2f\\u0c24\\u0c32\\u0c41\",\"submit\":\"\\u0c38\\u0c2e\\u0c30\\u0c4d\\u0c2a\\u0c3f\\u0c02\\u0c1a\\u0c02\\u0c21\\u0c3f\",\"religions\":\"\\u0c2e\\u0c24\\u0c3e\\u0c32\\u0c41\",\"pass_marks_cannot_be_greater_than_maximum_marks\":\"\\u0c2a\\u0c3e\\u0c38\\u0c4d \\u0c2e\\u0c3e\\u0c30\\u0c4d\\u0c15\\u0c4d\\u0c38\\u0c4d \\u0c17\\u0c30\\u0c3f\\u0c37\\u0c4d\\u0c20 \\u0c2e\\u0c3e\\u0c30\\u0c4d\\u0c15\\u0c4d\\u0c38\\u0c4d \\u0c15\\u0c02\\u0c1f\\u0c47 \\u0c0e\\u0c15\\u0c4d\\u0c15\\u0c41\\u0c35 \\u0c09\\u0c02\\u0c21\\u0c15\\u0c42\\u0c21\\u0c26\\u0c41\",\"please_enter_valid_maximum_marks\":\"\\u0c26\\u0c2f\\u0c1a\\u0c47\\u0c38\\u0c3f \\u0c1a\\u0c46\\u0c32\\u0c4d\\u0c32\\u0c41\\u0c2c\\u0c3e\\u0c1f\\u0c41 \\u0c05\\u0c2f\\u0c4d\\u0c2f\\u0c47 \\u0c17\\u0c30\\u0c3f\\u0c37\\u0c4d\\u0c20 \\u0c2e\\u0c3e\\u0c30\\u0c4d\\u0c15\\u0c4d\\u0c38\\u0c4d \\u0c0e\\u0c02\\u0c1f\\u0c30\\u0c4d\",\"please_enter_valid_pass_marks\":\"\\u0c1a\\u0c46\\u0c32\\u0c4d\\u0c32\\u0c41\\u0c2c\\u0c3e\\u0c1f\\u0c41 \\u0c05\\u0c2f\\u0c4d\\u0c2f\\u0c47 \\u0c2a\\u0c3e\\u0c38\\u0c4d \\u0c2e\\u0c3e\\u0c30\\u0c4d\\u0c15\\u0c4d\\u0c38\\u0c4d \\u0c0e\\u0c02\\u0c1f\\u0c30\\u0c4d \\u0c1a\\u0c47\\u0c2f\\u0c02\\u0c21\\u0c3f\",\"deleted\":\"Deleted\",\"sorry\":\"Sorry\",\"cannot_delete_this_record_as\":\"Cannot Delete This Record As\",\"this_field_id_required\":\"\\u0c08 \\u0c2b\\u0c40\\u0c32\\u0c4d\\u0c21\\u0c4d id \\u0c05\\u0c35\\u0c38\\u0c30\\u0c02\",\"the_text_is_too_short\":\"\\u0c1f\\u0c46\\u0c15\\u0c4d\\u0c38\\u0c4d\\u0c1f\\u0c4d \\u0c1a\\u0c3e\\u0c32\\u0c3e \\u0c1a\\u0c3f\\u0c28\\u0c4d\\u0c28\\u0c26\\u0c3f\",\"the_text_is_too_long\":\"\\u0c35\\u0c1a\\u0c28\\u0c02 \\u0c1a\\u0c3e\\u0c32\\u0c3e \\u0c2a\\u0c4a\\u0c21\\u0c35\\u0c41\\u0c17\\u0c3e \\u0c09\\u0c02\\u0c26\\u0c3f\",\"this_field_is_required\":\"\\u0c08 \\u0c16\\u0c3e\\u0c33\\u0c40\\u0c28\\u0c3f \\u0c24\\u0c2a\\u0c4d\\u0c2a\\u0c28\\u0c3f\\u0c38\\u0c30\\u0c3f\\u0c17\\u0c3e \\u0c2a\\u0c42\\u0c30\\u0c3f\\u0c02\\u0c1a\\u0c35\\u0c32\\u0c46\\u0c28\\u0c41\",\"please_enter_valid_email\":\"\\u0c1a\\u0c46\\u0c32\\u0c4d\\u0c32\\u0c41\\u0c2c\\u0c3e\\u0c1f\\u0c41 \\u0c05\\u0c2f\\u0c4d\\u0c2f\\u0c47 \\u0c07\\u0c2e\\u0c46\\u0c2f\\u0c3f\\u0c32\\u0c4d \\u0c0e\\u0c02\\u0c1f\\u0c30\\u0c4d \\u0c1a\\u0c47\\u0c2f\\u0c02\\u0c21\\u0c3f\",\"settings\":\"\\u0c38\\u0c46\\u0c1f\\u0c4d\\u0c1f\\u0c3f\\u0c02\\u0c17\\u0c41\\u0c32\\u0c41\",\"record_deleted_successfully\":\"\\u0c30\\u0c3f\\u0c15\\u0c3e\\u0c30\\u0c4d\\u0c21\\u0c4d \\u0c24\\u0c4a\\u0c32\\u0c17\\u0c3f\\u0c02\\u0c1a\\u0c3f\\u0c28 \\u0c35\\u0c3f\\u0c1c\\u0c2f\\u0c35\\u0c02\\u0c24\\u0c02\\u0c17\\u0c3e\",\"record_added_successfully\":\"\\u0c30\\u0c3f\\u0c15\\u0c3e\\u0c30\\u0c4d\\u0c21\\u0c4d \\u0c1a\\u0c47\\u0c30\\u0c4d\\u0c1a\\u0c2c\\u0c21\\u0c3f\\u0c02\\u0c26\\u0c3f \\u0c35\\u0c3f\\u0c1c\\u0c2f\\u0c35\\u0c02\\u0c24\\u0c02\\u0c17\\u0c3e\",\"exam_series\":\"\\u0c2a\\u0c30\\u0c40\\u0c15\\u0c4d\\u0c37\\u0c3e \\u0c38\\u0c3f\\u0c30\\u0c40\\u0c38\\u0c4d\",\"instructions\":\"\\u0c38\\u0c42\\u0c1a\\u0c28\\u0c32\\u0c28\\u0c41\",\"coupons\":\"\\u0c15\\u0c42\\u0c2a\\u0c28\\u0c4d\\u0c32\\u0c41\",\"add\":\"\\u0c1a\\u0c47\\u0c30\\u0c4d\\u0c1a\\u0c41\",\"contents\":\"\\u0c35\\u0c3f\\u0c37\\u0c2f \\u0c38\\u0c42\\u0c1a\\u0c3f\\u0c15\",\"series\":\"\\u0c38\\u0c3f\\u0c30\\u0c40\\u0c38\\u0c4d\",\"notifications\":\"\\u0c2a\\u0c4d\\u0c30\\u0c15\\u0c1f\\u0c28\\u0c32\\u0c41\",\"messages\":\"\\u0c38\\u0c02\\u0c26\\u0c47\\u0c36\\u0c3e\\u0c32\\u0c41\",\"feedback\":\"\\u0c05\\u0c2d\\u0c3f\\u0c2a\\u0c4d\\u0c30\\u0c3e\\u0c2f\\u0c02\",\"couponcodes\":\"Couponcodes\",\"type\":\"\\u0c30\\u0c15\\u0c02\",\"discount\":\"\\u0c21\\u0c3f\\u0c38\\u0c4d\\u0c15\\u0c4c\\u0c02\\u0c1f\\u0c4d\",\"minimum_bill\":\"\\u0c15\\u0c28\\u0c40\\u0c38 \\u0c2c\\u0c3f\\u0c32\\u0c4d\",\"maximum_discount\":\"\\u0c17\\u0c30\\u0c3f\\u0c37\\u0c4d\\u0c1f \\u0c24\\u0c17\\u0c4d\\u0c17\\u0c3f\\u0c02\\u0c2a\\u0c41\",\"limit\":\"\\u0c2a\\u0c30\\u0c3f\\u0c2e\\u0c3f\\u0c24\\u0c3f\",\"status\":\"\\u0c38\\u0c4d\\u0c25\\u0c3f\\u0c24\\u0c3f\",\"lms_categories\":\"LMS \\u0c35\\u0c30\\u0c4d\\u0c17\\u0c02\",\"create_coupon\":\"\\u0c15\\u0c42\\u0c2a\\u0c28\\u0c4d \\u0c38\\u0c43\\u0c37\\u0c4d\\u0c1f\\u0c3f\\u0c02\\u0c1a\\u0c41\",\"invalid_input\":\"\\u0c1a\\u0c46\\u0c32\\u0c4d\\u0c32\\u0c28\\u0c3f \\u0c07\\u0c28\\u0c4d\\u0c2a\\u0c41\\u0c1f\\u0c4d\",\"coupon_code\":\"\\u0c15\\u0c42\\u0c2a\\u0c28\\u0c4d \\u0c15\\u0c4b\\u0c21\\u0c4d\",\"value\":\"\\u0c35\\u0c3f\\u0c32\\u0c41\\u0c35\",\"percent\":\"\\u0c36\\u0c3e\\u0c24\\u0c02\",\"discount_type\":\"\\u0c21\\u0c3f\\u0c38\\u0c4d\\u0c15\\u0c4c\\u0c02\\u0c1f\\u0c4d \\u0c1f\\u0c46\\u0c56\\u0c2a\\u0c4d\",\"discount_value\":\"\\u0c21\\u0c3f\\u0c38\\u0c4d\\u0c15\\u0c4c\\u0c02\\u0c1f\\u0c4d \\u0c35\\u0c3f\\u0c32\\u0c41\\u0c35\",\"enter_value\":\"\\u0c35\\u0c3f\\u0c32\\u0c41\\u0c35 \\u0c0e\\u0c02\\u0c1f\\u0c30\\u0c4d\",\"please_enter_valid_number\":\"\\u0c26\\u0c2f\\u0c1a\\u0c47\\u0c38\\u0c3f \\u0c1a\\u0c46\\u0c32\\u0c4d\\u0c32\\u0c41\\u0c2c\\u0c3e\\u0c1f\\u0c41 \\u0c05\\u0c2f\\u0c4d\\u0c2f\\u0c47 \\u0c38\\u0c02\\u0c16\\u0c4d\\u0c2f\\u0c28\\u0c41 \\u0c28\\u0c2e\\u0c4b\\u0c26\\u0c41\",\"discount_maximum_amount\":\"\\u0c21\\u0c3f\\u0c38\\u0c4d\\u0c15\\u0c4c\\u0c02\\u0c1f\\u0c4d \\u0c17\\u0c30\\u0c3f\\u0c37\\u0c4d\\u0c1f \\u0c2e\\u0c4a\\u0c24\\u0c4d\\u0c24\\u0c02\",\"valid_from\":\"\\u0c28\\u0c41\\u0c02\\u0c21\\u0c3f \\u0c1a\\u0c46\\u0c32\\u0c4d\\u0c32\\u0c41\\u0c2c\\u0c3e\\u0c1f\\u0c41 \\u0c05\\u0c2f\\u0c4d\\u0c2f\\u0c47\",\"valid_to\":\"\\u0c38\\u0c2e\\u0c4d\\u0c2e\\u0c24\\u0c2e\\u0c46\\u0c56\\u0c28\",\"usage_limit\":\"\\u0c35\\u0c3e\\u0c21\\u0c41\\u0c15 \\u0c2a\\u0c30\\u0c3f\\u0c2e\\u0c3f\\u0c24\\u0c3f\",\"create_series\":\"\\u0c38\\u0c3f\\u0c30\\u0c40\\u0c38\\u0c4d\\u0c28\\u0c41 \\u0c38\\u0c43\\u0c37\\u0c4d\\u0c1f\\u0c3f\\u0c02\\u0c1a\\u0c41\",\"cost\":\"\\u0c16\\u0c30\\u0c40\\u0c26\\u0c41\",\"validity\":\"\\u0c1a\\u0c46\\u0c32\\u0c4d\\u0c32\\u0c41\\u0c2c\\u0c3e\\u0c1f\\u0c41\",\"total_exams\":\"\\u0c2e\\u0c4a\\u0c24\\u0c4d\\u0c24\\u0c02 \\u0c2a\\u0c30\\u0c40\\u0c15\\u0c4d\\u0c37\\u0c32\\u0c41\",\"total_questions\":\"\\u0c2e\\u0c4a\\u0c24\\u0c4d\\u0c24\\u0c02 \\u0c2a\\u0c4d\\u0c30\\u0c36\\u0c4d\\u0c28\\u0c32\\u0c41\",\"update_quizzes\":\"\\u0c28\\u0c35\\u0c40\\u0c15\\u0c30\\u0c23 \\u0c15\\u0c4d\\u0c35\\u0c3f\\u0c1c\\u0c4d\\u0c32\\u0c41\",\"update_series_for\":\"\\u0c28\\u0c35\\u0c40\\u0c15\\u0c30\\u0c23 \\u0c38\\u0c3f\\u0c30\\u0c40\\u0c38\\u0c4d\",\"exam_categories\":\"\\u0c2a\\u0c30\\u0c40\\u0c15\\u0c4d\\u0c37\\u0c3e \\u0c35\\u0c30\\u0c4d\\u0c17\\u0c02\",\"saved_exams\":\"\\u0c38\\u0c47\\u0c35\\u0c4d \\u0c2a\\u0c30\\u0c40\\u0c15\\u0c4d\\u0c37\\u0c32\\u0c41\",\"no_data_available\":\"\\u0c21\\u0c47\\u0c1f\\u0c3e \\u0c05\\u0c02\\u0c26\\u0c41\\u0c2c\\u0c3e\\u0c1f\\u0c41\\u0c32\\u0c4b \\u0c32\\u0c47\\u0c35\\u0c41\",\"remove_all\":\"\\u0c05\\u0c28\\u0c4d\\u0c28\\u0c3f \\u0c24\\u0c40\\u0c38\\u0c3f\\u0c35\\u0c46\\u0c2f\\u0c4d\",\"marks\":\"\\u0c2e\\u0c3e\\u0c30\\u0c4d\\u0c15\\u0c4d\\u0c38\\u0c4d\",\"import_excel\":\"\\u0c26\\u0c3f\\u0c17\\u0c41\\u0c2e\\u0c24\\u0c3f Excel\",\"edit_user\":\"\\u0c35\\u0c3e\\u0c21\\u0c41\\u0c15\\u0c30\\u0c3f \\u0c2e\\u0c3e\\u0c30\\u0c4d\\u0c1a\\u0c41\",\"username\":\"\\u0c2f\\u0c42\\u0c1c\\u0c30\\u0c4d \\u0c2a\\u0c47\\u0c30\\u0c41\",\"phone\":\"\\u0c2b\\u0c4b\\u0c28\\u0c4d\",\"please_enter_valid_phone_number\":\"\\u0c26\\u0c2f\\u0c1a\\u0c47\\u0c38\\u0c3f \\u0c1a\\u0c46\\u0c32\\u0c4d\\u0c32\\u0c41\\u0c2c\\u0c3e\\u0c1f\\u0c41 \\u0c05\\u0c2f\\u0c4d\\u0c2f\\u0c47 \\u0c2b\\u0c4b\\u0c28\\u0c4d \\u0c28\\u0c02\\u0c2c\\u0c30\\u0c4d \\u0c0e\\u0c02\\u0c1f\\u0c30\\u0c4d\",\"address\":\"\\u0c1a\\u0c3f\\u0c30\\u0c41\\u0c28\\u0c3e\\u0c2e\\u0c3e\",\"are_you_sure\":\"Are You Sure\",\"you_will_not_be_able_to_recover_this_record\":\"You Will Not Be Able To Recover This Record\",\"delete_it\":\"Delete It\",\"cancel_please\":\"Cancel Please\",\"your_record_has_been_deleted\":\"Your Record Has Been Deleted\",\"cancelled\":\"Cancelled\",\"your_record_is_safe\":\"Your Record Is Safe\",\"themes\":\"Themes\",\"send_push_notification\":\"Send Push Notification\",\"exam_types\":\"Exam Types\",\"resumes_templates\":\"Resumes Templates\",\"payment_reports\":\"Payment Reports\",\"online_payments\":\"Online Payments\",\"offline_payments\":\"Offline Payments\",\"export\":\"Export\",\"pages\":\"Pages\",\"blogs\":\"Blogs\",\"please_wait\":\"Please Wait\",\"update_strings\":\"Update Strings\",\"pending\":\"Pending\",\"total\":\"Total\",\"overall_statistics\":\"Overall Statistics\",\"payments_reports_in\":\"Payments Reports In\",\"payments\":\"Payments\",\"payment_statistics\":\"Payment Statistics\",\"payment_monthly_statistics\":\"Payment Monthly Statistics\",\"resume_templates\":\"Resume Templates\",\"key\":\"Key\",\"is_default\":\"Is Default\",\"practice_exams_and_exam_categories\":\"Practice Exams And Exam Categories\",\"start_exam\":\"Start Exam\",\"price\":\"Price\",\"browse_all_exams\":\"Browse All Exams\",\"browse_all_categories\":\"Browse All Categories\",\"free_exams\":\"Free Exams\",\"paid_exams\":\"Paid Exams\",\"learning_management_system\":\"Learning Management System\",\"practice_exams\":\"Practice Exams\",\"courses\":\"Courses\",\"pattern\":\"Pattern\",\"pricing\":\"Pricing\",\"syllabus\":\"Syllabus\",\"more\":\"More\",\"follow_us_on\":\"Follow Us On\",\"terms_and_conditions\":\"Terms And Conditions\",\"privacy_and_policy\":\"Privacy And Policy\",\"subscribe\":\"Subscribe\",\"demanding_quizzes\":\"Demanding Quizzes\",\"demanding\":\"Demanding\",\"subscribed_users\":\"Subscribed Users\",\"quizzes_usage\":\"Quizzes Usage\",\"paid_quizzes_usage\":\"Paid Quizzes Usage\",\"coupon_codes\":\"Coupon Codes\",\"examseries\":\"Examseries\",\"enter_minimum_bill\":\"Enter Minimum Bill\",\"enter_maximum_amount\":\"Enter Maximum Amount\",\"enter_usage_limit_per_user\":\"Enter Usage Limit Per User\",\"feed_backs\":\"Feed Backs\",\"posted_on\":\"Posted On\",\"view\":\"View\",\"disapprove\":\"Disapprove\",\"approved\":\"Approved\",\"feedback_details\":\"Feedback Details\",\"feedbacks\":\"Feedbacks\",\"back\":\"Back\",\"create_message\":\"Create Message\",\"inbox\":\"Inbox\",\"compose\":\"Compose\",\"send_message\":\"Send Message\",\"import\":\"Import\",\"id\":\"Id\"}',	'2016-05-24 23:11:51',	'2019-06-11 04:02:34'),
(5,	'Arbic',	'arbic',	'ar',	1,	0,	'{\"exam_analysis\":\"\\u062a\\u062d\\u0644\\u064a\\u0644 \\u0627\\u0644\\u0627\\u0645\\u062a\\u062d\\u0627\\u0646\",\"analysis_by_exam\":\"\\u062a\\u062d\\u0644\\u064a\\u0644 \\u0628\\u0648\\u0627\\u0633\\u0637\\u0629 \\u0627\\u0645\\u062a\\u062d\\u0627\\u0646\",\"of\":\"\\u0645\\u0646\",\"title\":\"\\u0639\\u0646\\u0648\\u0627\\u0646\",\"type\":\"\\u0627\\u0643\\u062a\\u0628\",\"dueration\":\"Dueration\",\"marks\":\"\\u0639\\u0644\\u0627\\u0645\\u0627\\u062a\",\"attempts\":\"\\u0645\\u062d\\u0627\\u0648\\u0644\\u0627\\u062a\",\"action\":\"\\u0639\\u0645\\u0644\",\"site_title\":\"\\u0639\\u0646\\u0648\\u0627\\u0646 \\u0627\\u0644\\u0645\\u0648\\u0642\\u0639\",\"my_profile\":\"\\u0645\\u0644\\u0641\\u064a \\u0627\\u0644\\u0634\\u062e\\u0635\\u064a\",\"change_password\":\"\\u062a\\u063a\\u064a\\u064a\\u0631 \\u0643\\u0644\\u0645\\u0629 \\u0627\\u0644\\u0633\\u0631\",\"logout\":\"\\u062e\\u0631\\u0648\\u062c\",\"dashboard\":\"\\u0644\\u0648\\u062d\\u0629 \\u0627\\u0644\\u0642\\u064a\\u0627\\u062f\\u0629\",\"children\":\"\\u0627\\u0644\\u0623\\u0637\\u0641\\u0627\\u0644\",\"add\":\"\\u0625\\u0636\\u0627\\u0641\\u0629\",\"list\":\"\\u0642\\u0627\\u0626\\u0645\\u0629\",\"exams\":\"\\u0627\\u0644\\u0627\\u0645\\u062a\\u062d\\u0627\\u0646\\u0627\\u062a\",\"categories\":\"\\u0627\\u0644\\u0641\\u0626\\u0627\\u062a\",\"recent_activity\":\"\\u0622\\u062e\\u0631 \\u0646\\u0634\\u0627\\u0637\",\"home\":\"\\u0627\\u0644\\u0635\\u0641\\u062d\\u0629 \\u0627\\u0644\\u0631\\u0626\\u064a\\u0633\\u064a\\u0629\",\"faqs\":\"\\u0627\\u0644\\u0623\\u0633\\u0626\\u0644\\u0629 \\u0627\\u0644\\u0623\\u0643\\u062b\\u0631 \\u0634\\u064a\\u0648\\u0639\\u0627\",\"about_us\":\"\\u0645\\u0639\\u0644\\u0648\\u0645\\u0627\\u062a \\u0639\\u0646\\u0627\",\"contact_us\":\"\\u0627\\u062a\\u0635\\u0644 \\u0628\\u0646\\u0627\",\"email\":\"\\u0627\\u0644\\u0628\\u0631\\u064a\\u062f \\u0627\\u0644\\u0625\\u0644\\u0643\\u062a\\u0631\\u0648\\u0646\\u064a\",\"password\":\"\\u0643\\u0644\\u0645\\u0647 \\u0627\\u0644\\u0633\\u0631\",\"login\":\"\\u062a\\u0633\\u062c\\u064a\\u0644 \\u0627\\u0644\\u062f\\u062e\\u0648\\u0644\",\"forgot_password\":\"\\u0647\\u0644 \\u0646\\u0633\\u064a\\u062a \\u0643\\u0644\\u0645\\u0629 \\u0627\\u0644\\u0645\\u0631\\u0648\\u0631\",\"register\":\"\\u062a\\u0633\\u062c\\u064a\\u0644\",\"quiz_categories\":\"\\u0645\\u0633\\u0627\\u0628\\u0642\\u0629 \\u0627\\u0644\\u0641\\u0626\\u0627\\u062a\",\"view_all\":\"\\u0645\\u0634\\u0627\\u0647\\u062f\\u0629 \\u0627\\u0644\\u0643\\u0644\",\"quizzes\":\"\\u0645\\u0633\\u0627\\u0628\\u0642\\u0627\\u062a\",\"admin_dashboard\":\"\\u0644\\u0648\\u062d\\u0629 \\u0627\\u0644\\u0645\\u0634\\u0631\\u0641\",\"overall_users\":\"\\u0627\\u0644\\u0645\\u0633\\u062a\\u062e\\u062f\\u0645\\u0648\\u0646 \\u0627\\u0644\\u0639\\u0627\\u0645\",\"user_statistics\":\"\\u0627\\u0644\\u0627\\u062d\\u0635\\u0627\\u0626\\u064a\\u0627\\u062a \\u0627\\u0644\\u0645\\u0633\\u062a\\u062e\\u062f\\u0645\",\"user_details\":\"\\u0628\\u064a\\u0627\\u0646\\u0627\\u062a \\u0627\\u0644\\u0645\\u0633\\u062a\\u062e\\u062f\\u0645\",\"users\":\"\\u0627\\u0644\\u0645\\u0633\\u062a\\u062e\\u062f\\u0645\\u064a\\u0646\",\"subjects\":\"\\u0627\\u0644\\u0645\\u0648\\u0627\\u0636\\u064a\\u0639\",\"topics\":\"\\u0627\\u0644\\u0645\\u0648\\u0627\\u0636\\u064a\\u0639\",\"questions\":\"\\u0623\\u0633\\u0626\\u0644\\u0629\",\"latest_users\":\"\\u0623\\u062d\\u062f\\u062b \\u0627\\u0644\\u0645\\u0633\\u062a\\u062e\\u062f\\u0645\\u064a\\u0646\",\"was_joined_as\":\"\\u0648\\u0642\\u062f \\u0627\\u0646\\u0636\\u0645\\u062a \\u0625\\u0644\\u0649\",\"see_more\":\"\\u0634\\u0627\\u0647\\u062f \\u0627\\u0644\\u0645\\u0632\\u064a\\u062f\",\"languages\":\"\\u0627\\u0644\\u0644\\u063a\\u0627\\u062a\",\"roles\":\"\\u0627\\u0644\\u0623\\u062f\\u0648\\u0627\\u0631\",\"fee_settings\":\"\\u0625\\u0639\\u062f\\u0627\\u062f\\u0627\\u062a \\u0631\\u0633\\u0648\\u0645\",\"fee_categories\":\"\\u0631\\u0633\\u0648\\u0645 \\u0627\\u0644\\u0641\\u0626\\u0627\\u062a\",\"fee_category_allotment\":\"\\u0631\\u0633\\u0648\\u0645 \\u0627\\u0644\\u0641\\u0626\\u0629 \\u0627\\u0644\\u062a\\u062e\\u0635\\u064a\\u0635\",\"fee_particulars\":\"\\u062a\\u0641\\u0627\\u0635\\u064a\\u0644 \\u0627\\u0644\\u0631\\u0633\\u0648\\u0645\",\"fee_schedules\":\"\\u062c\\u062f\\u0627\\u0648\\u0644 \\u0631\\u0633\\u0648\\u0645\",\"fines\":\"\\u0627\\u0644\\u063a\\u0631\\u0627\\u0645\\u0627\\u062a\",\"discounts\":\"\\u062e\\u0635\\u0648\\u0645\\u0627\\u062a\",\"master_settings\":\"\\u0625\\u0639\\u062f\\u0627\\u062f\\u0627\\u062a \\u0645\\u0627\\u0633\\u062a\\u0631\",\"religions_master\":\"\\u0627\\u0644\\u0623\\u062f\\u064a\\u0627\\u0646 \\u0645\\u0627\\u0633\\u062a\\u0631\",\"academics_master\":\"\\u0623\\u0643\\u0627\\u062f\\u064a\\u0645\\u064a\\u0648\\u0646 \\u0645\\u0627\\u0633\\u062a\\u0631\",\"courses_master\":\"\\u0645\\u0642\\u0631\\u0631\\u0627\\u062a \\u0627\\u0644\\u0645\\u0627\\u062c\\u0633\\u062a\\u064a\\u0631\",\"subjects_master\":\"\\u0627\\u0644\\u0645\\u0648\\u0627\\u0636\\u064a\\u0639 \\u0645\\u0627\\u0633\\u062a\\u0631\",\"subject_topics\":\"\\u062a\\u062e\\u0636\\u0639 \\u0645\\u0648\\u0627\\u0636\\u064a\\u0639\",\"course_subjects\":\"\\u0627\\u0644\\u0645\\u0648\\u0636\\u0648\\u0639\\u0627\\u062a \\u0628\\u0627\\u0644\\u0637\\u0628\\u0639\",\"email_templates\":\"\\u0642\\u0648\\u0627\\u0644\\u0628 \\u0627\\u0644\\u0628\\u0631\\u064a\\u062f \\u0627\\u0644\\u0625\\u0644\\u0643\\u062a\\u0631\\u0648\\u0646\\u064a\",\"question_bank\":\"\\u0627\\u0644\\u0628\\u0646\\u0643 \\u0633\\u0624\\u0627\\u0644\",\"quiz\":\"\\u0627\\u062e\\u062a\\u0628\\u0627\\u0631 \\u0642\\u0635\\u064a\\u0631\",\"lms\":\"LMS\",\"content\":\"\\u0645\\u062d\\u062a\\u0648\\u0649\",\"study_materials\":\"\\u0645\\u0648\\u0627\\u062f \\u062f\\u0631\\u0627\\u0633\\u064a\\u0629\",\"library\":\"\\u0645\\u0643\\u062a\\u0628\\u0629\",\"asset_types\":\"\\u0623\\u0646\\u0648\\u0627\\u0639 \\u0627\\u0644\\u0623\\u0635\\u0648\\u0644\",\"master_data\":\"\\u0627\\u0644\\u0628\\u064a\\u0627\\u0646\\u0627\\u062a \\u0627\\u0644\\u0631\\u0626\\u064a\\u0633\\u064a\\u0629\",\"publishers\":\"\\u0646\\u0627\\u0634\\u0631\\u064a\",\"authors\":\"\\u0627\\u0644\\u0643\\u062a\\u0627\\u0628\",\"students\":\"\\u0627\\u0644\\u0637\\u0644\\u0627\\u0628\",\"staff\":\"\\u0627\\u0644\\u0639\\u0627\\u0645\\u0644\\u064a\\u0646\",\"school_hub\":\"\\u0645\\u062d\\u0648\\u0631 \\u0627\\u0644\\u0645\\u062f\\u0631\\u0633\\u0629\",\"attendance\":\"\\u0627\\u0644\\u062d\\u0636\\u0648\\u0631\",\"create\":\"\\u062e\\u0644\\u0642\",\"category\":\"\\u0641\\u0626\\u0629\",\"is_paid\":\"\\u0645\\u062f\\u0641\\u0648\\u0639\",\"total_marks\":\"\\u0645\\u062c\\u0645\\u0648\\u0639 \\u0627\\u0644\\u062f\\u0631\\u062c\\u0627\\u062a\",\"update_questions\":\"\\u062a\\u062d\\u062f\\u064a\\u062b \\u0627\\u0644\\u0623\\u0633\\u0626\\u0644\\u0629\",\"edit\":\"\\u062a\\u062d\\u0631\\u064a\\u0631\",\"delete\":\"\\u062d\\u0630\\u0641\",\"free\":\"\\u062d\\u0631\",\"paid\":\"\\u062f\\u0641\\u0639\",\"create_quiz\":\"\\u0625\\u0646\\u0634\\u0627\\u0621 \\u0645\\u0633\\u0627\\u0628\\u0642\\u0629\",\"quiz_title\":\"\\u0639\\u0646\\u0648\\u0627\\u0646 \\u0627\\u0644\\u0625\\u062e\\u062a\\u0628\\u0627\\u0631\",\"enter_value_in_minutes\":\"\\u0623\\u062f\\u062e\\u0644 \\u0627\\u0644\\u0642\\u064a\\u0645\\u0629 \\u0641\\u064a \\u062f\\u0642\\u0627\\u0626\\u0642\",\"it_will_be_updated_by_adding_the_questions\":\"\\u0641\\u0633\\u064a\\u062a\\u0645 \\u062a\\u062d\\u062f\\u064a\\u062b\\u0647 \\u0628\\u0625\\u0636\\u0627\\u0641\\u0629 \\u0623\\u0633\\u0626\\u0644\\u0629\",\"pass_percentage\":\"\\u062a\\u0645\\u0631\\u064a\\u0631 \\u0627\\u0644\\u0646\\u0633\\u0628\\u0629 \\u0627\\u0644\\u0645\\u0626\\u0648\\u064a\\u0629\",\"no\":\"\\u0644\\u0627\",\"yes\":\"\\u0646\\u0639\\u0645 \\u0641\\u0639\\u0644\\u0627\",\"description\":\"\\u0648\\u0635\\u0641\",\"language\":\"\\u0644\\u063a\\u0629\",\"code\":\"\\u0631\\u0645\\u0632\",\"is_rtl\":\"\\u063a\\u064a\\u0631 RTL\",\"default_language\":\"\\u0627\\u0644\\u0644\\u063a\\u0629 \\u0627\\u0644\\u0627\\u0641\\u062a\\u0631\\u0627\\u0636\\u064a\\u0629\",\"enable\":\"\\u062a\\u0645\\u0643\\u064a\\u0646\",\"disable\":\"\\u062a\\u0639\\u0637\\u064a\\u0644\",\"set_default\":\"\\u0627\\u0644\\u0648\\u0636\\u0639 \\u0627\\u0644\\u0625\\u0641\\u062a\\u0631\\u0627\\u0636\\u064a\",\"success\":\"\\u0646\\u062c\\u0627\\u062d\",\"record_updated_successfully\":\"\\u0633\\u062c\\u0644 \\u0627\\u0644\\u062a\\u062d\\u062f\\u064a\\u062b \\u0628\\u0646\\u062c\\u0627\\u062d\",\"deleted\":\"Deleted\",\"sorry\":\"Sorry\",\"cannot_delete_this_record_as\":\"Cannot Delete This Record As\",\"add_user\":\"\\u0625\\u0636\\u0627\\u0641\\u0629 \\u0645\\u0633\\u062a\\u062e\\u062f\\u0645\",\"name\":\"\\u0627\\u0633\\u0645\",\"image\":\"\\u0635\\u0648\\u0631\\u0629\",\"role\":\"\\u062f\\u0648\\u0631\",\"update_details\":\"\\u062a\\u0641\\u0627\\u0635\\u064a\\u0644 \\u0627\\u0644\\u062a\\u062d\\u062f\\u064a\\u062b\",\"view\":\"\\u0631\\u0623\\u064a\",\"this_field_is_required\":\"\\u0647\\u0630\\u0647 \\u0627\\u0644\\u062e\\u0627\\u0646\\u0629 \\u0645\\u0637\\u0644\\u0648\\u0628\\u0647\",\"please_enter_valid_email\":\"\\u0627\\u0644\\u0631\\u062c\\u0627\\u0621 \\u0625\\u062f\\u062e\\u0627\\u0644 \\u0628\\u0631\\u064a\\u062f \\u0625\\u0644\\u0643\\u062a\\u0631\\u0648\\u0646\\u064a \\u0635\\u062d\\u064a\\u062d\",\"the_text_is_too_short\":\"\\u0646\\u0635 \\u0642\\u0635\\u064a\\u0631 \\u0644\\u0644\\u063a\\u0627\\u064a\\u0629\",\"settings\":\"\",\"exam_series\":\"\\u0633\\u0644\\u0633\\u0644\\u0629 \\u0627\\u0644\\u0627\\u0645\\u062a\\u062d\\u0627\\u0646\",\"instructions\":\"\\u062a\\u0639\\u0644\\u064a\\u0645\\u0627\\u062a\",\"coupons\":\"\\u0643\\u0648\\u0628\\u0648\\u0646\\u0627\\u062a\",\"contents\":\"\\u0645\\u062d\\u062a\\u0648\\u064a\\u0627\\u062a\",\"series\":\"\\u0633\\u0644\\u0633\\u0644\\u0629\",\"notifications\":\"\\u0627\\u0644\\u0625\\u0634\\u0639\\u0627\\u0631\\u0627\\u062a\",\"messages\":\"\\u0631\\u0633\\u0627\\u0626\\u0644\",\"feedback\":\"\\u0631\\u062f\\u0648\\u062f \\u0627\\u0644\\u0641\\u0639\\u0644\",\"update_strings\":\"\\u062a\\u062d\\u062f\\u064a\\u062b \\u0633\\u0644\\u0627\\u0633\\u0644\",\"lms_categories\":\"LMS \\u0627\\u0644\\u0641\\u0626\\u0627\\u062a\",\"update\":\"\\u062a\\u062d\\u062f\\u064a\\u062b\",\"import_excel\":\"\\u0627\\u0633\\u062a\\u064a\\u0631\\u0627\\u062f \\u0625\\u0643\\u0633\\u0644\",\"start_date\":\"\\u062a\\u0627\\u0631\\u064a\\u062e \\u0627\\u0644\\u0628\\u062f\\u0621\",\"end_date\":\"\\u062a\\u0627\\u0631\\u064a\\u062e \\u0627\\u0644\\u0627\\u0646\\u062a\\u0647\\u0627\\u0621\",\"url\":\"\\u0631\\u0627\\u0628\\u0637\",\"couponcodes\":\"Couponcodes\",\"discount\":\"\\u062e\\u0635\\u0645\",\"minimum_bill\":\"\\u0628\\u064a\\u0644 \\u0627\\u0644\\u062d\\u062f \\u0627\\u0644\\u0623\\u062f\\u0646\\u0649\",\"maximum_discount\":\"\\u0627\\u0644\\u062e\\u0635\\u0645 \\u0627\\u0644\\u0623\\u0642\\u0635\\u0649\",\"limit\":\"\\u062d\\u062f\",\"status\":\"\\u0627\\u0644\\u062d\\u0627\\u0644\\u0629\",\"edit_user\":\"\\u062a\\u062d\\u0631\\u064a\\u0631 \\u0627\\u0644\\u0639\\u0636\\u0648\",\"the_text_is_too_long\":\"\\u0627\\u0644\\u0646\\u0635 \\u0637\\u0648\\u064a\\u0644 \\u062c\\u062f\\u0627\",\"invalid_input\":\"\\u0645\\u062f\\u062e\\u0644 \\u063a\\u064a\\u0631 \\u0635\\u0627\\u0644\\u062d\",\"select_role\":\"\\u062d\\u062f\\u062f \\u062f\\u0648\\u0631\",\"add_language\":\"\\u0625\\u0636\\u0627\\u0641\\u0629 \\u0627\\u0644\\u0644\\u063a\\u0629\",\"language_title\":\"\\u0627\\u0644\\u0639\\u0646\\u0648\\u0627\\u0646 \\u0627\\u0644\\u0644\\u063a\\u0629\",\"language_code\":\"\\u0643\\u0648\\u062f \\u0627\\u0644\\u0644\\u063a\\u0629\",\"supported_language_codes\":\"\\u0631\\u0645\\u0648\\u0632 \\u0644\\u063a\\u0629 \\u0645\\u0639\\u062a\\u0645\\u062f\\u0629\",\"edit_language\":\"\\u062a\\u062d\\u0631\\u064a\\u0631 \\u0627\\u0644\\u0644\\u063a\\u0629\",\"add_users\":\"\\u0625\\u0636\\u0627\\u0641\\u0629 \\u0645\\u0633\\u062a\\u062e\\u062f\\u0645\\u064a\\u0646\",\"create_category\":\"\\u0625\\u0646\\u0634\\u0627\\u0621 \\u0627\\u0644\\u0641\\u0626\\u0629\",\"category_name\":\"\\u0627\\u0633\\u0645 \\u0627\\u0644\\u062a\\u0635\\u0646\\u064a\\u0641\",\"please_upload_valid_image_type\":\"\\u064a\\u0631\\u062c\\u0649 \\u062a\\u062d\\u0645\\u064a\\u0644 \\u0635\\u0627\\u0644\\u062d \\u0646\\u0648\\u0639 \\u0627\\u0644\\u0635\\u0648\\u0631\\u0629\",\"edit_author\":\"\\u0627\\u0644\\u0643\\u0627\\u062a\\u0628 \\u062a\\u062d\\u0631\\u064a\\u0631\",\"question_subjects\":\"\\u0627\\u0644\\u0645\\u0648\\u0636\\u0648\\u0639\\u0627\\u062a \\u0627\\u0644\\u0633\\u0624\\u0627\\u0644\",\"add_subject\":\"\\u0625\\u0636\\u0627\\u0641\\u0629 \\u0627\\u0644\\u0645\\u0648\\u0636\\u0648\\u0639\",\"subject\":\"\\u0645\\u0648\\u0636\\u0648\\u0639\",\"view_questions\":\"\\u0639\\u0631\\u0636 \\u0627\\u0644\\u0623\\u0633\\u0626\\u0644\\u0629\",\"subject_title\":\"\\u064a\\u062e\\u0636\\u0639 \\u0639\\u0646\\u0648\\u0627\\u0646\",\"subject_code\":\"\\u0631\\u0645\\u0632 \\u0627\\u0644\\u0645\\u0648\\u0636\\u0648\\u0639\",\"is_lab\":\"\\u0647\\u0648 \\u0645\\u062e\\u062a\\u0628\\u0631\",\"is_elective\":\"\\u063a\\u064a\\u0631 \\u0627\\u0644\\u0627\\u062e\\u062a\\u064a\\u0627\\u0631\\u064a\\u0629\",\"maximum_marks\":\"\\u0627\\u0644\\u0639\\u0644\\u0627\\u0645\\u0627\\u062a \\u0627\\u0644\\u0642\\u0635\\u0648\\u0649\",\"please_enter_valid_number\":\"\\u0627\\u0644\\u0631\\u062c\\u0627\\u0621 \\u0625\\u062f\\u062e\\u0627\\u0644 \\u0635\\u0627\\u0644\\u062d \\u0639\\u062f\\u062f\",\"pass_marks\":\"\\u0639\\u0644\\u0627\\u0645\\u0629 \\u0645\\u0631\\u0648\\u0631\",\"please_enter_valid_maximum_marks\":\"\\u0627\\u0644\\u0631\\u062c\\u0627\\u0621 \\u0625\\u062f\\u062e\\u0627\\u0644 \\u0627\\u0644\\u0639\\u0644\\u0627\\u0645\\u0627\\u062a \\u0627\\u0644\\u0642\\u0635\\u0648\\u0649 \\u0635\\u0627\\u0644\\u062d\",\"please_enter_valid_pass_marks\":\"\\u0627\\u0644\\u0631\\u062c\\u0627\\u0621 \\u0625\\u062f\\u062e\\u0627\\u0644 \\u0639\\u0644\\u0627\\u0645\\u0627\\u062a \\u0627\\u0644\\u0646\\u062c\\u0627\\u062d \\u0635\\u0627\\u0644\\u062d\\u0629\",\"pass_marks_cannot_be_greater_than_maximum_marks\":\"\\u0639\\u0644\\u0627\\u0645\\u0627\\u062a \\u0627\\u0644\\u0646\\u062c\\u0627\\u062d \\u0644\\u0627 \\u064a\\u0645\\u0643\\u0646 \\u0623\\u0646 \\u062a\\u0643\\u0648\\u0646 \\u0623\\u0643\\u0628\\u0631 \\u0645\\u0646 \\u0627\\u0644\\u0639\\u0644\\u0627\\u0645\\u0627\\u062a \\u0627\\u0644\\u0642\\u0635\\u0648\\u0649\",\"topic\":\"\\u0645\\u0648\\u0636\\u0648\\u0639\",\"question\":\"\\u0633\\u0624\\u0627\\u0644\",\"difficulty\":\"\\u0635\\u0639\\u0648\\u0628\\u0629\",\"subjects_list\":\"\\u0642\\u0627\\u0626\\u0645\\u0629 \\u0627\\u0644\\u0645\\u0648\\u0636\\u0648\\u0639\\u0627\\u062a\",\"max_marks\":\"\\u0645\\u0627\\u0631\\u0643\\u0633 \\u0645\\u0627\\u0643\\u0633\",\"topics_list\":\"\\u0642\\u0627\\u0626\\u0645\\u0629 \\u0627\\u0644\\u0645\\u0648\\u0627\\u0636\\u064a\\u0639\",\"parent\":\"\\u0623\\u0635\\u0644\",\"from_email\":\"\\u0645\\u0646 \\u0627\\u0644\\u0628\\u0631\\u064a\\u062f \\u0627\\u0644\\u0625\\u0644\\u0643\\u062a\\u0631\\u0648\\u0646\\u0649\",\"from_name\":\"\\u0645\\u0646 \\u0627\\u0644\\u0627\\u0633\\u0645\",\"module\":\"\\u0648\\u062d\\u062f\\u0629\",\"key\":\"\\u0645\\u0641\\u062a\\u0627\\u062d\",\"add_setting\":\"\\u0625\\u0636\\u0627\\u0641\\u0629 \\u0648\\u0636\\u0639\",\"edit_topic\":\"\\u062a\\u062d\\u0631\\u064a\\u0631 \\u0627\\u0644\\u0645\\u0648\\u0636\\u0648\\u0639\",\"select_parent\":\"\\u062d\\u062f\\u062f \\u0627\\u0644\\u0631\\u0626\\u064a\\u0633\\u064a\",\"topic_name\":\"\\u0627\\u0633\\u0645 \\u0627\\u0644\\u0645\\u0648\\u0636\\u0648\\u0639\",\"edit_template\":\"\\u062a\\u062d\\u0631\\u064a\\u0631 \\u0642\\u0627\\u0644\\u0628\",\"welcome\":\"\\u0623\\u0647\\u0644\\u0627 \\u0628\\u0643\",\"are_you_sure\":\"\\u0647\\u0644 \\u0623\\u0646\\u062a \\u0648\\u0627\\u062b\\u0642\",\"you_will_not_be_able_to_recover_this_record\":\"\\u0623\\u0646\\u062a \\u0644\\u0646 \\u062a\\u0643\\u0648\\u0646 \\u0642\\u0627\\u062f\\u0631\\u0629 \\u0639\\u0644\\u0649 \\u0627\\u0633\\u062a\\u0631\\u062f\\u0627\\u062f \\u0647\\u0630\\u0627 \\u0627\\u0644\\u0633\\u062c\\u0644\",\"delete_it\":\"\\u0627\\u062d\\u0630\\u0641\\u0647\",\"cancel_please\":\"\\u0625\\u0644\\u063a\\u0627\\u0621 \\u0627\\u0644\\u0631\\u062c\\u0627\\u0621\",\"your_record_has_been_deleted\":\"\\u062a\\u0633\\u062c\\u064a\\u0644 \\u062a\\u0645 \\u062d\\u0630\\u0641\",\"cancelled\":\"\\u062a\\u0645 \\u0627\\u0644\\u0627\\u0644\\u063a\\u0627\\u0621\",\"your_record_is_safe\":\"\\u062a\\u0633\\u062c\\u064a\\u0644 \\u0622\\u0645\\u0646\\u0629\",\"payment_reports\":\"\\u062a\\u0642\\u0627\\u0631\\u064a\\u0631 \\u0627\\u0644\\u062f\\u0641\\u0639\",\"online_payments\":\"\\u0627\\u0644\\u0645\\u062f\\u0641\\u0648\\u0639\\u0627\\u062a \\u0639\\u0628\\u0631 \\u0627\\u0644\\u0625\\u0646\\u062a\\u0631\\u0646\\u062a\",\"offline_payments\":\"\\u0627\\u0644\\u0645\\u062f\\u0641\\u0648\\u0639\\u0627\\u062a \\u062d\\u0627\\u0644\\u064a\\u0627\",\"export\":\"\\u062a\\u0635\\u062f\\u064a\\u0631\",\"sms\":\"\\u0631\\u0633\\u0627\\u0644\\u0629 \\u0642\\u0635\\u064a\\u0631\\u0629\",\"info\":\"\\u0645\\u0639\\u0644\\u0648\\u0645\\u0627\\u062a\",\"operations_are_disabled_in_demo_version\":\"\\u0639\\u0645\\u0644\\u064a\\u0627\\u062a \\u0645\\u0639\\u0637\\u0644\\u0629 \\u0641\\u064a \\u0627\\u0644\\u0646\\u0633\\u062e\\u0629 \\u0627\\u0644\\u062a\\u062c\\u0631\\u064a\\u0628\\u064a\\u0629\",\"exam_types\":\"\\u0623\\u0646\\u0648\\u0627\\u0639 \\u0627\\u0644\\u0627\\u0645\\u062a\\u062d\\u0627\\u0646\",\"themes\":\"\\u0627\\u0644\\u0645\\u0648\\u0627\\u0636\\u064a\\u0639\",\"please_wait\":\"\\u0623\\u0631\\u062c\\u0648 \\u0627\\u0644\\u0625\\u0646\\u062a\\u0638\\u0627\\u0631\",\"send_push_notification\":\"Send Push Notification\",\"resumes_templates\":\"Resumes Templates\",\"pages\":\"Pages\",\"blogs\":\"Blogs\",\"practice_exams_and_exam_categories\":\"Practice Exams And Exam Categories\",\"start_exam\":\"Start Exam\",\"price\":\"Price\",\"browse_all_exams\":\"Browse All Exams\",\"browse_all_categories\":\"Browse All Categories\",\"free_exams\":\"Free Exams\",\"paid_exams\":\"Paid Exams\",\"learning_management_system\":\"Learning Management System\",\"practice_exams\":\"Practice Exams\",\"courses\":\"Courses\",\"pattern\":\"Pattern\",\"pricing\":\"Pricing\",\"syllabus\":\"Syllabus\",\"more\":\"More\",\"follow_us_on\":\"Follow Us On\",\"terms_and_conditions\":\"Terms And Conditions\",\"privacy_and_policy\":\"Privacy And Policy\",\"subscribe\":\"Subscribe\",\"create_account\":\"Create Account\",\"sign_in\":\"Sign In\",\"pending\":\"Pending\",\"total\":\"Total\",\"overall_statistics\":\"Overall Statistics\",\"payments_reports_in\":\"Payments Reports In\",\"demanding_quizzes\":\"Demanding Quizzes\",\"demanding\":\"Demanding\",\"subscribed_users\":\"Subscribed Users\",\"quizzes_usage\":\"Quizzes Usage\",\"paid_quizzes_usage\":\"Paid Quizzes Usage\",\"payment_statistics\":\"Payment Statistics\",\"payment_monthly_statistics\":\"Payment Monthly Statistics\",\"resume_templates\":\"Resume Templates\",\"is_default\":\"Is Default\",\"you_would_like_to_change_the_account_status_of_user\":\"You Would Like To Change The Account Status Of User\",\"changed\":\"Changed\",\"cannot_change_status_as_this_record_as\":\"Cannot Change Status As This Record As\",\"status_has_been_changed\":\"Status Has Been Changed\",\"account_status_not_changed\":\"Account Status Not Changed\",\"add_categories\":\"Add Categories\",\"update_parent\":\"Update Parent\",\"correct\":\"Correct\",\"wrong\":\"Wrong\",\"not_answered\":\"Not Answered\",\"overall_performance\":\"Overall Performance\",\"performance\":\"Performance\",\"best_performance_in_all_quizzes\":\"Best Performance In All Quizzes\",\"details_of\":\"Details Of\",\"exam_history\":\"Exam History\",\"by_exam\":\"By Exam\",\"by_subject\":\"By Subject\",\"subscriptions\":\"Subscriptions\",\"user_resume\":\"User Resume\",\"personal_profile\":\"Personal Profile\",\"gender\":\"Gender\",\"date_of_birth\":\"Date Of Birth\",\"marital_status\":\"Marital Status\",\"nationality\":\"Nationality\",\"father_name\":\"Father Name\",\"linguistic_ability\":\"Linguistic Ability\",\"passport_number\":\"Passport Number\",\"present_address\":\"Present Address\",\"personal_strength\":\"Personal Strength\",\"career_objective\":\"Career Objective\",\"work_experience\":\"Work Experience\",\"projects\":\"Projects\",\"work_done\":\"Work Done\",\"academic_profile\":\"Academic Profile\",\"examination_passed\":\"Examination Passed\",\"university\":\"University\",\"board\":\"Board\",\"year\":\"Year\",\"marks_obtained\":\"Marks Obtained\",\"class\":\"Class\",\"technical_skills\":\"Technical Skills\",\"field_of_interest\":\"Field Of Interest\",\"subject_taught\":\"Subject Taught\",\"extra_activities\":\"Extra Activities\",\"declaration\":\"Declaration\",\"push_notification\":\"Push Notification\",\"send\":\"Send\",\"message\":\"Message\",\"send_sms\":\"Send Sms\",\"sms_to\":\"Sms To\",\"parents\":\"Parents\",\"admins\":\"Admins\",\"for_category\":\"For Category\",\"all\":\"All\",\"selected\":\"Selected\",\"message_template\":\"Message Template\",\"create_blog\":\"Create Blog\",\"tags\":\"Tags\",\"my_bookmarks\":\"My Bookmarks\",\"analysis\":\"Analysis\",\"by_subjcet\":\"By Subjcet\",\"history\":\"History\",\"build_resume\":\"Build Resume\",\"give_feedback\":\"Give Feedback\",\"feedback_form\":\"Feedback Form\",\"premium\":\"Premium\",\"view_more\":\"View More\",\"items\":\"Items\",\"learning_management_series\":\"Learning Management Series\",\"buy_now\":\"Buy Now\",\"all_exams\":\"All Exams\",\"exam_categories\":\"Exam Categories\",\"duration\":\"Duration\",\"total_questions\":\"Total Questions\",\"take_exam\":\"Take Exam\",\"mins\":\"Mins\",\"days\":\"Days\",\"theme_name\":\"Theme Name\",\"make_as_default_theme\":\"Make As Default Theme\",\"update_settings\":\"Update Settings\",\"banner_title\":\"Banner Title\",\"banner_sub_title\":\"Banner Sub Title\",\"home_page_facebook_link\":\"Home Page Facebook Link\",\"home_page_twitter_link\":\"Home Page Twitter Link\",\"home_page_googleplus_link\":\"Home Page Googleplus Link\",\"copyrights\":\"Copyrights\",\"privacy-policy\":\"Privacy-policy\",\"terms-conditions\":\"Terms-conditions\"}',	'2016-08-18 00:10:49',	'2019-06-11 04:02:34'),
(6,	'Tamil',	'tamil',	'ta',	0,	0,	'{\"success\":\"\\u0bb5\\u0bc6\\u0bb1\\u0bcd\\u0bb1\\u0bbf\",\"record_updated_successfully\":\"\\u0baa\\u0ba4\\u0bbf\\u0bb5\\u0bc1 \\u0bb5\\u0bc6\\u0bb1\\u0bcd\\u0bb1\\u0bbf\\u0b95\\u0bb0\\u0bae\\u0bbe\\u0b95 \\u0baa\\u0bc1\\u0ba4\\u0bc1\\u0baa\\u0bcd\\u0baa\\u0bbf\\u0b95\\u0bcd\\u0b95\\u0baa\\u0bcd\\u0baa\\u0b9f\\u0bcd\\u0b9f\\u0ba4\\u0bc1\",\"languages\":\"\\u0bae\\u0bc6\\u0bbe\\u0bb4\\u0bbf\\u0b95\\u0bb3\\u0bcd\",\"create\":\"\\u0b89\\u0bb0\\u0bc1\\u0bb5\\u0bbe\\u0b95\\u0bcd\\u0b95\\u0bc1\",\"language\":\"\\u0bae\\u0bc6\\u0bbe\\u0bb4\\u0bbf\",\"code\":\"\\u0b95\\u0bc1\\u0bb1\\u0bbf\\u0baf\\u0bc0\\u0b9f\\u0bc1\",\"is_rtl\":\"\\u0bb5\\u0bb2\\u0bae\\u0bbf\\u0bb0\\u0bc1\\u0ba8\\u0bcd\\u0ba4\\u0bc1 \\u0b87\\u0b9f\\u0bae\\u0bbe\\u0b95 \\u0b87\\u0bb0\\u0bc1\\u0b95\\u0bcd\\u0b95\\u0bbf\\u0bb1\\u0ba4\\u0bc1\",\"default_language\":\"\\u0b87\\u0baf\\u0bb2\\u0bcd\\u0baa\\u0bc1\\u0ba8\\u0bbf\\u0bb2\\u0bc8 \\u0bae\\u0bc6\\u0bbe\\u0bb4\\u0bbf\",\"action\":\"\\u0b85\\u0ba4\\u0bbf\\u0bb0\\u0b9f\\u0bbf\",\"deleted\":\"\\u0ba8\\u0bc0\\u0b95\\u0bcd\\u0b95\\u0baa\\u0bcd\\u0baa\\u0b9f\\u0bcd\\u0b9f\",\"sorry\":\"\\u0bae\\u0ba9\\u0bcd\\u0ba9\\u0bbf\\u0b95\\u0bcd\\u0b95\\u0bb5\\u0bc1\\u0bae\\u0bcd\",\"cannot_delete_this_record_as\":\"\\u0b87\\u0ba8\\u0bcd\\u0ba4 \\u0b9a\\u0bbe\\u0ba4\\u0ba9\\u0bc8\\u0baf\\u0bc8 \\u0baa\\u0bc7\\u0bbe\\u0bb2\\u0bcd \\u0ba8\\u0bc0\\u0b95\\u0bcd\\u0b95 \\u0bae\\u0bc1\\u0b9f\\u0bbf\\u0baf\\u0bbe\\u0ba4\\u0bc1\",\"site_title\":\"\\u0ba4\\u0bb3 \\u0ba4\\u0bb2\\u0bc8\\u0baa\\u0bcd\\u0baa\\u0bc1\",\"latest_users\":\"\\u0b9a\\u0bae\\u0bc0\\u0baa\\u0ba4\\u0bcd\\u0ba4\\u0bbf\\u0baf \\u0baa\\u0baf\\u0ba9\\u0bb0\\u0bcd\\u0b95\\u0bb3\\u0bcd\",\"was_joined_as\":\"\\u0b8e\\u0ba9 \\u0b87\\u0ba3\\u0bc8\\u0ba8\\u0bcd\\u0ba4\\u0bc1 \\u0b95\\u0bc6\\u0bbe\\u0ba3\\u0bcd\\u0b9f\\u0ba9\\u0bb0\\u0bcd\",\"see_more\":\"\\u0bae\\u0bc7\\u0bb2\\u0bc1\\u0bae\\u0bcd \\u0baa\\u0bbe\\u0bb0\\u0bcd\\u0b95\\u0bcd\\u0b95\",\"my_profile\":\"\\u0b8e\\u0ba9\\u0bcd \\u0b9a\\u0bc1\\u0baf\\u0bb5\\u0bbf\\u0bb5\\u0bb0\\u0bae\\u0bcd\",\"change_password\":\"\\u0b95\\u0b9f\\u0bb5\\u0bc1\\u0b9a\\u0bcd\\u0b9a\\u0bc6\\u0bbe\\u0bb2\\u0bcd\\u0bb2\\u0bc8 \\u0bae\\u0bbe\\u0bb1\\u0bcd\\u0bb1\\u0bc1\",\"logout\":\"\\u0bb5\\u0bc6\\u0bb3\\u0bbf\\u0baf\\u0bc7\\u0bb1\\u0bc1\",\"dashboard\":\"\\u0b9f\\u0bbe\\u0bb7\\u0bcd\\u0baa\\u0bc7\\u0bbe\\u0bb0\\u0bcd\\u0b9f\\u0bc1\",\"users\":\"\\u0baa\\u0baf\\u0ba9\\u0bb0\\u0bcd\\u0b95\\u0bb3\\u0bcd\",\"roles\":\"\\u0baa\\u0bbe\\u0ba4\\u0bcd\\u0ba4\\u0bbf\\u0bb0\\u0b99\\u0bcd\\u0b95\\u0bb3\\u0bcd\",\"fee_settings\":\"\\u0b95\\u0b9f\\u0bcd\\u0b9f\\u0ba3\\u0bae\\u0bcd \\u0b85\\u0bae\\u0bc8\\u0baa\\u0bcd\\u0baa\\u0bc1\\u0b95\\u0bb3\\u0bcd\",\"fee_categories\":\"\\u0b95\\u0b9f\\u0bcd\\u0b9f\\u0ba3\\u0bae\\u0bcd \\u0bb5\\u0b95\\u0bc8\\u0b95\\u0bb3\\u0bcd\",\"fee_category_allotment\":\"\\u0b95\\u0b9f\\u0bcd\\u0b9f\\u0ba3\\u0bae\\u0bcd \\u0baa\\u0b95\\u0bc1\\u0baa\\u0bcd\\u0baa\\u0bc1 \\u0b92\\u0ba4\\u0bc1\\u0b95\\u0bcd\\u0b95\\u0bc0\\u0b9f\\u0bc1\",\"fee_particulars\":\"\\u0b95\\u0b9f\\u0bcd\\u0b9f\\u0ba3\\u0bae\\u0bcd \\u0bb5\\u0bbf\\u0baa\\u0bb0\\u0b99\\u0bcd\\u0b95\\u0bb3\\u0bcd\",\"fee_schedules\":\"\\u0b95\\u0b9f\\u0bcd\\u0b9f\\u0ba3\\u0bae\\u0bcd \\u0bb5\\u0bbf\\u0bae\\u0bbe\\u0ba9 \\u0b95\\u0bbe\\u0bb2 \\u0b85\\u0b9f\\u0bcd\\u0b9f\\u0bb5\\u0ba3\\u0bc8\\u0b95\\u0bb3\\u0bcd\",\"fines\":\"\\u0b85\\u0baa\\u0bb0\\u0bbe\\u0ba4\\u0bae\\u0bcd\",\"discounts\":\"\\u0ba4\\u0bb3\\u0bcd\\u0bb3\\u0bc1\\u0baa\\u0b9f\\u0bbf\\u0b95\\u0bb3\\u0bcd\",\"master_settings\":\"\\u0bae\\u0bbe\\u0bb8\\u0bcd\\u0b9f\\u0bb0\\u0bcd \\u0b85\\u0bae\\u0bc8\\u0baa\\u0bcd\\u0baa\\u0bc1\\u0b95\\u0bb3\\u0bcd\",\"religions_master\":\"\\u0bae\\u0ba4\\u0b99\\u0bcd\\u0b95\\u0bb3\\u0bcd \\u0bae\\u0bbe\\u0bb8\\u0bcd\\u0b9f\\u0bb0\\u0bcd\",\"academics_master\":\"\\u0b95\\u0bb2\\u0bcd\\u0bb5\\u0bbf\\u0baf\\u0bbe\\u0bb3\\u0bb0\\u0bcd\\u0b95\\u0bb3\\u0bcd \\u0bae\\u0bbe\\u0bb8\\u0bcd\\u0b9f\\u0bb0\\u0bcd\",\"courses_master\":\"\\u0bae\\u0bc8\\u0ba4\\u0bbe\\u0ba9\\u0b99\\u0bcd\\u0b95\\u0bb3\\u0bcd \\u0bae\\u0bbe\\u0bb8\\u0bcd\\u0b9f\\u0bb0\\u0bcd\",\"subjects_master\":\"\\u0baa\\u0bbe\\u0b9f\\u0b99\\u0bcd\\u0b95\\u0bb3\\u0bcd \\u0bae\\u0bbe\\u0bb8\\u0bcd\\u0b9f\\u0bb0\\u0bcd\",\"subject_topics\":\"\\u0baa\\u0bc6\\u0bbe\\u0bb0\\u0bc1\\u0bb3\\u0bcd \\u0ba4\\u0bb2\\u0bc8\\u0baa\\u0bcd\\u0baa\\u0bc1\\u0b95\\u0bb3\\u0bcd\",\"course_subjects\":\"\\u0baa\\u0bbe\\u0b9f\\u0ba4\\u0bcd\\u0ba4\\u0bbf\\u0b9f\\u0bcd\\u0b9f\\u0b99\\u0bcd\\u0b95\\u0bb3\\u0bc8\",\"email_templates\":\"\\u0bae\\u0bbf\\u0ba9\\u0bcd\\u0ba9\\u0b9e\\u0bcd\\u0b9a\\u0bb2\\u0bcd \\u0bb5\\u0bbe\\u0bb0\\u0bcd\\u0baa\\u0bcd\\u0baa\\u0bc1\",\"exams\":\"\\u0ba4\\u0bc7\\u0bb0\\u0bcd\\u0bb5\\u0bc1\\u0b95\\u0bb3\\u0bcd\",\"categories\":\"\\u0bb5\\u0b95\\u0bc8\\u0b95\\u0bb3\\u0bcd\",\"question_bank\":\"\\u0b95\\u0bc7\\u0bb3\\u0bcd\\u0bb5\\u0bbf \\u0bb5\\u0b99\\u0bcd\\u0b95\\u0bbf\",\"quiz\":\"\\u0bb5\\u0bbf\\u0ba9\\u0bbe\\u0b9f\\u0bbf \\u0bb5\\u0bbf\\u0ba9\\u0bbe\",\"lms\":\"LMS\",\"content\":\"\\u0b89\\u0bb3\\u0bcd\\u0bb3\\u0b9f\\u0b95\\u0bcd\\u0b95\",\"study_materials\":\"\\u0b86\\u0baf\\u0bcd\\u0bb5\\u0bc1 \\u0baa\\u0bc6\\u0bbe\\u0bb0\\u0bc1\\u0b9f\\u0bcd\\u0b95\\u0bb3\\u0bcd\",\"library\":\"\\u0ba8\\u0bc2\\u0bb2\\u0b95\\u0bae\\u0bcd\",\"asset_types\":\"\\u0b9a\\u0bc6\\u0bbe\\u0ba4\\u0bcd\\u0ba4\\u0bc1 \\u0bb5\\u0b95\\u0bc8\\u0b95\\u0bb3\\u0bcd\",\"master_data\":\"\\u0baa\\u0bbf\\u0bb0\\u0ba4\\u0bbe\\u0ba9 \\u0ba4\\u0bb0\\u0bb5\\u0bc1\",\"publishers\":\"\\u0baa\\u0baa\\u0bcd\\u0bb3\\u0bbf\\u0bb7\\u0bb0\\u0bcd\\u0bb8\\u0bcd\",\"authors\":\"\\u0b86\\u0b9a\\u0bbf\\u0bb0\\u0bbf\\u0baf\\u0bb0\\u0bcd\\u0b95\\u0bb3\\u0bcd\",\"students\":\"\\u0bae\\u0bbe\\u0ba3\\u0bb5\\u0bb0\\u0bcd\\u0b95\\u0bb3\\u0bcd\",\"staff\":\"\\u0b8a\\u0bb4\\u0bbf\\u0baf\\u0bb0\\u0bcd\\u0b95\\u0bb3\\u0bcd\",\"school_hub\":\"\\u0baa\\u0bb3\\u0bcd\\u0bb3\\u0bbf \\u0bae\\u0bc8\\u0baf\\u0bae\\u0bcd\",\"attendance\":\"\\u0bb5\\u0bb0\\u0bc1\\u0b95\\u0bc8\",\"edit\":\"\\u0ba4\\u0bc6\\u0bbe\\u0b95\\u0bc1\",\"delete\":\"\\u0b85\\u0bb4\\u0bbf\",\"enable\":\"\\u0b87\\u0baf\\u0b95\\u0bcd\\u0b95\\u0bc1\",\"set_default\":\"\\u0b87\\u0baf\\u0bb2\\u0bcd\\u0baa\\u0bbe\\u0b95 \\u0b85\\u0bae\\u0bc8\",\"disable\":\"\\u0bae\\u0bc1\\u0b9f\\u0b95\\u0bcd\\u0b95\\u0bc1\",\"user_statistics\":\"\\u0baa\\u0baf\\u0ba9\\u0bb0\\u0bcd \\u0baa\\u0bc1\\u0bb3\\u0bcd\\u0bb3\\u0bbf \\u0bb5\\u0bbf\\u0baa\\u0bb0\\u0b99\\u0bcd\\u0b95\\u0bb3\\u0bcd\",\"view_all\":\"\\u0b95\\u0bbe\\u0ba3\\u0bcd\\u0b95 \\u0b85\\u0ba9\\u0bc8\\u0ba4\\u0bcd\\u0ba4\\u0bc1\",\"quiz_categories\":\"\\u0bb5\\u0bbf\\u0ba9\\u0bbe\\u0b9f\\u0bbf \\u0bb5\\u0bbf\\u0ba9\\u0bbe \\u0bb5\\u0b95\\u0bc8\\u0b95\\u0bb3\\u0bcd\",\"quizzes\":\"\\u0bb5\\u0bbf\\u0ba9\\u0bbe\\u0bb5\\u0bbf\\u0b9f\\u0bc8\",\"subjects\":\"\\u0baa\\u0bbe\\u0b9f\\u0b99\\u0bcd\\u0b95\\u0bb3\\u0bcd\",\"topics\":\"\\u0ba4\\u0bb2\\u0bc8\\u0baa\\u0bcd\\u0baa\\u0bc1\\u0b95\\u0bb3\\u0bcd\",\"questions\":\"\\u0b95\\u0bc7\\u0bb3\\u0bcd\\u0bb5\\u0bbf\\u0b95\\u0bb3\\u0bcd\",\"home\":\"\\u0bae\\u0bc1\\u0b95\\u0baa\\u0bcd\\u0baa\\u0bc1\",\"faqs\":\"\\u0b95\\u0bc7\\u0bb3\\u0bcd\\u0bb5\\u0bbf \\u0baa\\u0ba4\\u0bbf\\u0bb2\\u0bcd\",\"about_us\":\"\\u0b8e\\u0b99\\u0bcd\\u0b95\\u0bb3\\u0bc8 \\u0baa\\u0bb1\\u0bcd\\u0bb1\\u0bbf\",\"contact_us\":\"\\u0b8e\\u0b99\\u0bcd\\u0b95\\u0bb3\\u0bc8 \\u0ba4\\u0bc6\\u0bbe\\u0b9f\\u0bb0\\u0bcd\\u0baa\\u0bc1\",\"email\":\"\\u0bae\\u0bbf\\u0ba9\\u0bcd\\u0ba9\\u0b9e\\u0bcd\\u0b9a\\u0bb2\\u0bcd\",\"password\":\"\\u0b95\\u0b9f\\u0bb5\\u0bc1\\u0b9a\\u0bcd\\u0b9a\\u0bc6\\u0bbe\\u0bb2\\u0bcd\",\"login\":\"\\u0b89\\u0bb3\\u0bcd \\u0ba8\\u0bc1\\u0bb4\\u0bc8\",\"forgot_password\":\"\\u0b95\\u0b9f\\u0bb5\\u0bc1\\u0b9a\\u0bcd\\u0b9a\\u0bc6\\u0bbe\\u0bb2\\u0bcd \\u0bae\\u0bb1\\u0ba8\\u0bcd\\u0ba4\\u0bc1 \\u0bb5\\u0bbf\\u0b9f\\u0bcd\\u0b9f\\u0bc0\\u0bb0\\u0bcd\\u0b95\\u0bb3\\u0bbe\",\"register\":\"\\u0baa\\u0ba4\\u0bbf\\u0bb5\\u0bc1\",\"this_field_id_required\":\"\\u0b87\\u0ba8\\u0bcd\\u0ba4 \\u0ba4\\u0bc1\\u0bb1\\u0bc8\\u0baf\\u0bbf\\u0bb2\\u0bcd \\u0b90\\u0b9f\\u0bbf \\u0ba4\\u0bc7\\u0bb5\\u0bc8\",\"please_enter_valid_email\":\"\\u0b9a\\u0bb0\\u0bbf\\u0baf\\u0bbe\\u0ba9 \\u0bae\\u0bbf\\u0ba9\\u0bcd\\u0ba9\\u0b9e\\u0bcd\\u0b9a\\u0bb2\\u0bc8 \\u0b89\\u0bb3\\u0bcd\\u0bb3\\u0bbf\\u0b9f\\u0bb5\\u0bc1\\u0bae\\u0bcd\",\"this_field_is_required\":\"\\u0b87\\u0ba8\\u0bcd\\u0ba4 \\u0ba4\\u0bc1\\u0bb1\\u0bc8\\u0baf\\u0bbf\\u0bb2\\u0bcd \\u0ba4\\u0bc7\\u0bb5\\u0bc8\",\"the_text_is_too_short\":\"\\u0b89\\u0bb0\\u0bc8 \\u0bae\\u0bbf\\u0b95\\u0bb5\\u0bc1\\u0bae\\u0bcd \\u0b9a\\u0bbf\\u0bb1\\u0bbf\\u0baf\\u0ba4\\u0bbe\\u0b95 \\u0b89\\u0bb3\\u0bcd\\u0bb3\\u0ba4\\u0bc1\",\"settings\":\"\",\"are_you_sure\":\"\\u0ba8\\u0bc0 \\u0b9a\\u0bc6\\u0bbe\\u0bb2\\u0bcd\\u0bb5\\u0ba4\\u0bc1 \\u0b89\\u0bb1\\u0bc1\\u0ba4\\u0bbf\\u0baf\\u0bbe\",\"you_will_not_be_able_to_recover_this_record\":\"\\u0b87\\u0ba8\\u0bcd\\u0ba4\\u0baa\\u0bcd \\u0baa\\u0ba4\\u0bbf\\u0bb5\\u0bbf\\u0bb2\\u0bcd \\u0bae\\u0bc0\\u0b9f\\u0bcd\\u0b95 \\u0bae\\u0bc1\\u0b9f\\u0bbf\\u0baf\\u0bbe\\u0ba4\\u0bc1\",\"yes\":\"\\u0b86\\u0bae\\u0bcd\",\"delete_it\":\"\\u0ba8\\u0bc0\\u0b95\\u0bcd\\u0b95\\u0bc1\",\"no\":\"\\u0b87\\u0bb2\\u0bcd\\u0bb2\\u0bc8\",\"cancel_please\":\"\\u0bb0\\u0ba4\\u0bcd\\u0ba4\\u0bc1 \\u0b9a\\u0bc6\\u0baf\\u0bcd\\u0b95\",\"your_record_has_been_deleted\":\"\\u0b89\\u0b99\\u0bcd\\u0b95\\u0bb3\\u0bcd \\u0baa\\u0ba4\\u0bbf\\u0bb5\\u0bc1 \\u0ba8\\u0bc0\\u0b95\\u0bcd\\u0b95\\u0baa\\u0bcd\\u0baa\\u0b9f\\u0bcd\\u0b9f\\u0ba4\\u0bc1\",\"cancelled\":\"\\u0bb0\\u0ba4\\u0bcd\\u0ba4\\u0bc1\",\"your_record_is_safe\":\"\\u0b89\\u0b99\\u0bcd\\u0b95\\u0bb3\\u0bcd \\u0b9a\\u0bbe\\u0ba4\\u0ba9\\u0bc8\\u0baf\\u0bc8 \\u0baa\\u0bbe\\u0ba4\\u0bc1\\u0b95\\u0bbe\\u0baa\\u0bcd\\u0baa\\u0bbe\\u0ba9\\u0ba4\\u0bc1\",\"exam_series\":\"\\u0ba4\\u0bc7\\u0bb0\\u0bcd\\u0bb5\\u0bc1 \\u0ba4\\u0bc6\\u0bbe\\u0b9f\\u0bb0\\u0bcd\",\"instructions\":\"\\u0bb5\\u0bb4\\u0bbf\\u0bae\\u0bc1\\u0bb1\\u0bc8\\u0b95\\u0bb3\\u0bcd\",\"coupons\":\"\\u0b95\\u0bc2\\u0baa\\u0bcd\\u0baa\\u0ba9\\u0bcd\\u0b95\\u0bb3\\u0bcd\",\"list\":\"\\u0baa\\u0b9f\\u0bcd\\u0b9f\\u0bbf\\u0baf\\u0bb2\\u0bcd\",\"add\":\"\\u0b95\\u0bc2\\u0b9f\\u0bcd\\u0b9f\\u0bc1\",\"contents\":\"\\u0baa\\u0bc6\\u0bbe\\u0bb0\\u0bc1\\u0bb3\\u0b9f\\u0b95\\u0bcd\\u0b95\\u0bae\\u0bcd\",\"series\":\"\\u0ba4\\u0bc6\\u0bbe\\u0b9f\\u0bb0\\u0bcd\",\"payment_reports\":\"\\u0b95\\u0bc6\\u0bbe\\u0b9f\\u0bc1\\u0baa\\u0bcd\\u0baa\\u0ba9\\u0bb5\\u0bc1 \\u0b85\\u0bb1\\u0bbf\\u0b95\\u0bcd\\u0b95\\u0bc8\\u0b95\\u0bb3\\u0bcd\",\"online_payments\":\"\\u0b86\\u0ba9\\u0bcd\\u0bb2\\u0bc8\\u0ba9\\u0bcd \\u0b95\\u0bc6\\u0bbe\\u0b9f\\u0bc1\\u0baa\\u0bcd\\u0baa\\u0ba9\\u0bb5\\u0bc1\",\"offline_payments\":\"\\u0ba8\\u0ba9\\u0bcd\\u0bb1\\u0bbf \\u0b9a\\u0bc6\\u0bb2\\u0bc1\\u0ba4\\u0bcd\\u0ba4\\u0bc1\\u0bae\\u0bcd\",\"export\":\"\\u0b8f\\u0bb1\\u0bcd\\u0bb1\\u0bc1\\u0bae\\u0ba4\\u0bbf\",\"notifications\":\"\\u0b85\\u0bb1\\u0bbf\\u0bb5\\u0bbf\\u0baa\\u0bcd\\u0baa\\u0bc1\\u0b95\\u0bb3\\u0bcd\",\"sms\":\"\\u0b8e\\u0bb8\\u0bcd\\u0b8e\\u0bae\\u0bcd\\u0b8e\\u0bb8\\u0bcd\",\"feedback\":\"\\u0b95\\u0bb0\\u0bc1\\u0ba4\\u0bcd\\u0ba4\\u0bc1\",\"update_strings\":\"\\u0b9a\\u0bb0\\u0b99\\u0bcd\\u0b95\\u0bb3\\u0bc8 \\u0baa\\u0bc1\\u0ba4\\u0bc1\\u0baa\\u0bcd\\u0baa\\u0bbf\\u0b95\\u0bcd\\u0b95\\u0baa\\u0bcd\\u0baa\\u0b9f\\u0bcd\\u0b9f\\u0ba4\\u0bc1\",\"create_series\":\"\\u0ba4\\u0bc6\\u0bbe\\u0b9f\\u0bb0\\u0bc8 \\u0b89\\u0bb0\\u0bc1\\u0bb5\\u0bbe\\u0b95\\u0bcd\\u0b95\\u0bc1\",\"title\":\"\\u0ba4\\u0bb2\\u0bc8\\u0baa\\u0bcd\\u0baa\\u0bc1\",\"duration\":\"\\u0b95\\u0bbe\\u0bb2\\u0bae\\u0bcd\",\"category\":\"\\u0baa\\u0b95\\u0bc1\\u0baa\\u0bcd\\u0baa\\u0bc1\",\"is_paid\":\"\\u0b9a\\u0bc6\\u0bb2\\u0bc1\\u0ba4\\u0bcd\\u0ba4\\u0baa\\u0bcd\\u0baa\\u0b9f\\u0bc1\\u0b95\\u0bbf\\u0bb1\\u0ba4\\u0bc1\",\"total_marks\":\"\\u0bae\\u0bc6\\u0bbe\\u0ba4\\u0bcd\\u0ba4 \\u0bae\\u0ba4\\u0bbf\\u0baa\\u0bcd\\u0baa\\u0bc6\\u0ba3\\u0bcd\\u0b95\\u0bb3\\u0bcd\",\"update_questions\":\"\\u0baa\\u0bc1\\u0ba4\\u0bc1\\u0baa\\u0bcd\\u0baa\\u0bbf\\u0b95\\u0bcd\\u0b95\\u0baa\\u0bcd\\u0baa\\u0b9f\\u0bcd\\u0b9f\\u0ba4\\u0bc1 \\u0b95\\u0bc7\\u0bb3\\u0bcd\\u0bb5\\u0bbf\\u0b95\\u0bb3\\u0bcd\",\"free\":\"\\u0b87\\u0bb2\\u0bb5\\u0b9a\",\"paid\":\"\\u0baa\\u0ba3\\u0bae\\u0bcd\",\"create_quiz\":\"\\u0bb5\\u0bbf\\u0ba9\\u0bbe\\u0b9f\\u0bbf \\u0bb5\\u0bbf\\u0ba9\\u0bbe \\u0b89\\u0bb0\\u0bc1\\u0bb5\\u0bbe\\u0b95\\u0bcd\\u0b95\\u0bc1\",\"quiz_title\":\"\\u0bb5\\u0bbf\\u0ba9\\u0bbe\\u0b9f\\u0bbf \\u0bb5\\u0bbf\\u0ba9\\u0bbe \\u0ba4\\u0bb2\\u0bc8\\u0baa\\u0bcd\\u0baa\\u0bc1\",\"invalid_input\":\"\\u0ba4\\u0bb5\\u0bb1\\u0bbe\\u0ba9 \\u0b89\\u0bb3\\u0bcd\\u0bb3\\u0bc0\\u0b9f\\u0bc1\",\"the_text_is_too_long\":\"\\u0b89\\u0bb0\\u0bc8 \\u0bae\\u0bbf\\u0b95\\u0bb5\\u0bc1\\u0bae\\u0bcd \\u0ba8\\u0bc0\\u0bb3\\u0bae\\u0bbe\\u0b95 \\u0b89\\u0bb3\\u0bcd\\u0bb3\\u0ba4\\u0bc1\",\"enter_value_in_minutes\":\"\\u0bae\\u0ba4\\u0bbf\\u0baa\\u0bcd\\u0baa\\u0bc1 \\u0ba8\\u0bbf\\u0bae\\u0bbf\\u0b9f\\u0b99\\u0bcd\\u0b95\\u0bb3\\u0bcd \\u0b89\\u0bb3\\u0bcd\\u0bb3\\u0bbf\\u0b9f\\u0bb5\\u0bc1\\u0bae\\u0bcd\",\"please_enter_valid_number\":\"\\u0ba4\\u0baf\\u0bb5\\u0bc1 \\u0b9a\\u0bc6\\u0baf\\u0bcd\\u0ba4\\u0bc1 \\u0b9a\\u0bb0\\u0bbf\\u0baf\\u0bbe\\u0ba9 \\u0b8e\\u0ba3\\u0bcd\\u0ba3\\u0bc8 \\u0b89\\u0bb3\\u0bcd\\u0bb3\\u0bbf\\u0b9f\\u0bb5\\u0bc1\\u0bae\\u0bcd\",\"it will be updated by adding the questions\":\"\\u0b85\\u0ba4\\u0bc1 \\u0b95\\u0bc7\\u0bb3\\u0bcd\\u0bb5\\u0bbf\\u0b95\\u0bb3\\u0bcd \\u0b9a\\u0bc7\\u0bb0\\u0bcd\\u0baa\\u0bcd\\u0baa\\u0ba4\\u0ba9\\u0bcd \\u0bae\\u0bc2\\u0bb2\\u0bae\\u0bcd \\u0baa\\u0bc1\\u0ba4\\u0bc1\\u0baa\\u0bcd\\u0baa\\u0bbf\\u0b95\\u0bcd\\u0b95\\u0baa\\u0bcd\\u0baa\\u0b9f\\u0bc1\\u0bae\\u0bcd\",\"pass_percentage\":\"\\u0ba4\\u0bc7\\u0bb0\\u0bcd\\u0b9a\\u0bcd\\u0b9a\\u0bbf \\u0b9a\\u0ba4\\u0bb5\\u0bc0\\u0ba4\\u0bae\\u0bcd\",\"negative_mark\":\"\\u0b8e\\u0ba4\\u0bbf\\u0bb0\\u0bcd\\u0bae\\u0bb1\\u0bc8 \\u0bae\\u0bbe\\u0bb0\\u0bcd\\u0b95\\u0bcd\",\"instructions_page\":\"\\u0bb5\\u0bb4\\u0bbf\\u0bae\\u0bc1\\u0bb1\\u0bc8\\u0b95\\u0bb3\\u0bcd \\u0baa\\u0b95\\u0bcd\\u0b95\\u0bae\\u0bcd\",\"start_date\":\"\\u0ba4\\u0bc6\\u0bbe\\u0b9f\\u0b95\\u0bcd\\u0b95 \\u0ba4\\u0bc7\\u0ba4\\u0bbf\",\"end_date\":\"\\u0b95\\u0b9f\\u0bc8\\u0b9a\\u0bbf \\u0ba4\\u0bc7\\u0ba4\\u0bbf\",\"select\":\"\\u0ba4\\u0bc7\\u0bb0\\u0bcd\\u0bb5\\u0bc1\",\"validity\":\"\\u0b8f\\u0bb1\\u0bcd\\u0bb1\\u0bc1\\u0b95\\u0bcd\\u0b95\\u0bc6\\u0bbe\\u0bb3\\u0bcd\\u0bb3\\u0b95\\u0bcd\\u0b95\\u0bc2\\u0b9f\\u0bbf\\u0baf\",\"validity_in_days\":\"\\u0ba8\\u0bbe\\u0b9f\\u0bcd\\u0b95\\u0bb3\\u0bcd \\u0b8f\\u0bb1\\u0bcd\\u0bb1\\u0bc1\\u0b95\\u0bcd\\u0b95\\u0bc6\\u0bbe\\u0bb3\\u0bcd\\u0bb3\\u0b95\\u0bcd \\u0b95\\u0bc2\\u0b9f\\u0bbf\\u0baf\",\"cost\":\"\\u0b9a\\u0bc6\\u0bb2\\u0bb5\\u0bc1\",\"description\":\"\\u0bb5\\u0bbf\\u0bb3\\u0b95\\u0bcd\\u0b95\\u0bae\\u0bcd\",\"update_questions_for\":\"\\u0bae\\u0bc7\\u0bae\\u0bcd\\u0baa\\u0b9f\\u0bc1\\u0ba4\\u0bcd\\u0ba4\\u0bb2\\u0bcd \\u0b95\\u0bc7\\u0bb3\\u0bcd\\u0bb5\\u0bbf\\u0b95\\u0bb3\\u0bcd\",\"difficulty\":\"\\u0b95\\u0b9f\\u0bbf\\u0ba9\\u0bae\\u0bcd\",\"easy\":\"\\u0b8e\\u0bb3\\u0bbf\\u0ba4\\u0bbe\\u0b95\",\"medium\":\"\\u0ba8\\u0b9f\\u0bc1\\u0ba4\\u0bcd\\u0ba4\\u0bb0\",\"hard\":\"\\u0bb9\\u0bbe\\u0bb0\\u0bcd\\u0b9f\\u0bcd\",\"question_type\":\"\\u0b95\\u0bc7\\u0bb3\\u0bcd\\u0bb5\\u0bbf \\u0bb5\\u0b95\\u0bc8\",\"single_answer\":\"\\u0b92\\u0bb1\\u0bcd\\u0bb1\\u0bc8 \\u0baa\\u0ba4\\u0bbf\\u0bb2\\u0bcd\",\"multi_answer\":\"\\u0bae\\u0bb2\\u0bcd\\u0b9f\\u0bbf \\u0baa\\u0ba4\\u0bbf\\u0bb2\\u0bcd\",\"fill_in_the_blanks\":\"\\u0bb5\\u0bc6\\u0bb1\\u0bcd\\u0bb1\\u0bbf\\u0b9f\\u0b99\\u0bcd\\u0b95\\u0bb3\\u0bc8 \\u0ba8\\u0bbf\\u0bb0\\u0baa\\u0bcd\\u0baa\",\"match_the_following\":\"\\u0ba4\\u0bc6\\u0bbe\\u0b9f\\u0bb0\\u0bcd\\u0ba8\\u0bcd\\u0ba4\\u0bc1 \\u0bb5\\u0ba8\\u0bcd\\u0ba4 \\u0baa\\u0bc7\\u0bbe\\u0b9f\\u0bcd\\u0b9f\\u0bbf\\u0b95\\u0bcd\\u0b95\\u0bc1\",\"paragraph\":\"\\u0baa\\u0ba4\\u0bcd\\u0ba4\\u0bbf\",\"video\":\"\\u0b95\\u0bbe\\u0ba3\\u0bc6\\u0bbe\\u0bb3\\u0bbf\",\"search_term\":\"\\u0ba4\\u0bc7\\u0b9f\\u0bb2\\u0bcd \\u0b95\\u0bbe\\u0bb2\",\"enter_search_term\":\"\\u0ba4\\u0bc7\\u0b9f\\u0bb2\\u0bcd \\u0b9a\\u0bc6\\u0bbe\\u0bb2\\u0bcd\\u0bb2\\u0bc8 \\u0b89\\u0bb3\\u0bcd\\u0bb3\\u0bbf\\u0b9f\\u0bb5\\u0bc1\\u0bae\\u0bcd\",\"subject\":\"\\u0baa\\u0bc6\\u0bbe\\u0bb0\\u0bc1\\u0bb3\\u0bcd\",\"question\":\"\\u0b95\\u0bc7\\u0bb3\\u0bcd\\u0bb5\\u0bbf\",\"type\":\"\\u0bb5\\u0b95\\u0bc8\",\"marks\":\"\\u0bae\\u0ba4\\u0bbf\\u0baa\\u0bcd\\u0baa\\u0bc6\\u0ba3\\u0bcd\\u0b95\\u0bb3\\u0bcd\",\"saved_questions\":\"\\u0b9a\\u0bc7\\u0bae\\u0bbf\\u0ba4\\u0bcd\\u0ba4 \\u0b95\\u0bc7\\u0bb3\\u0bcd\\u0bb5\\u0bbf\\u0b95\\u0bb3\\u0bcd\",\"remove_all\":\"\\u0b85\\u0ba9\\u0bc8\\u0ba4\\u0bcd\\u0ba4\\u0bc1 \\u0ba8\\u0bc0\\u0b95\\u0bcd\\u0b95\",\"update\":\"\\u0baa\\u0bc1\\u0ba4\\u0bc1\\u0baa\\u0bcd\\u0baa\\u0bbf\\u0b95\\u0bcd\\u0b95\\u0baa\\u0bcd\\u0baa\\u0b9f\\u0bcd\\u0b9f\\u0ba4\\u0bc1\",\"import_excel\":\"\\u0b87\\u0bb1\\u0b95\\u0bcd\\u0b95\\u0bc1\\u0bae\\u0ba4\\u0bbf \\u0b8e\\u0b95\\u0bcd\\u0b9a\\u0bc6\\u0bb2\\u0bcd\",\"add_user\":\"\\u0baa\\u0baf\\u0ba9\\u0bb0\\u0bcd \\u0b9a\\u0bc7\\u0bb0\\u0bcd\\u0b95\\u0bcd\\u0b95\",\"name\":\"\\u0baa\\u0bc6\\u0baf\\u0bb0\\u0bcd\",\"image\":\"\\u0baa\\u0b9f\",\"role\":\"\\u0baa\\u0b99\\u0bcd\\u0b95\\u0bc1\",\"import_users\":\"\\u0b87\\u0bb1\\u0b95\\u0bcd\\u0b95\\u0bc1\\u0bae\\u0ba4\\u0bbf \\u0baa\\u0baf\\u0ba9\\u0bb0\\u0bcd\\u0b95\\u0bb3\\u0bcd\",\"download_template\":\"\\u0baa\\u0ba4\\u0bbf\\u0bb5\\u0bbf\\u0bb1\\u0b95\\u0bcd\\u0b95 \\u0b9f\\u0bc6\\u0bae\\u0bcd\\u0baa\\u0bcd\\u0bb3\\u0bc7\\u0b9f\\u0bcd\",\"upload\":\"\\u0baa\\u0ba4\\u0bbf\\u0bb5\\u0bc7\\u0bb1\\u0bcd\\u0bb1\\u0bc1\",\"upload_excel\":\"\\u0baa\\u0ba4\\u0bbf\\u0bb5\\u0bc7\\u0bb1\\u0bcd\\u0bb1\\u0bae\\u0bcd \\u0b8e\\u0b95\\u0bcd\\u0b9a\\u0bc6\\u0bb2\\u0bcd\",\"file_type_not_allowed\":\"\\u0b95\\u0bc7\\u0bbe\\u0baa\\u0bcd\\u0baa\\u0bc1 \\u0bb5\\u0b95\\u0bc8 \\u0b85\\u0ba9\\u0bc1\\u0bae\\u0ba4\\u0bbf\\u0b95\\u0bcd\\u0b95\\u0baa\\u0bcd\\u0baa\\u0b9f\\u0bb5\\u0bbf\\u0bb2\\u0bcd\\u0bb2\\u0bc8\",\"subjects_list\":\"\\u0baa\\u0bbe\\u0b9f\\u0b99\\u0bcd\\u0b95\\u0bb3\\u0bbf\\u0bb2\\u0bcd \\u0baa\\u0b9f\\u0bcd\\u0b9f\\u0bbf\\u0baf\\u0bb2\\u0bcd\",\"import\":\"\\u0b87\\u0bb1\\u0b95\\u0bcd\\u0b95\\u0bc1\\u0bae\\u0ba4\\u0bbf\",\"id\":\"\\u0b85\\u0b9f\\u0bc8\\u0baf\\u0bbe\\u0bb3\\u0bae\\u0bcd\",\"max_marks\":\"\\u0bae\\u0bc7\\u0b95\\u0bcd\\u0bb8\\u0bcd \\u0bae\\u0bbe\\u0bb0\\u0bcd\\u0b95\\u0bcd\\u0bb8\\u0bcd\",\"pass_marks\":\"\\u0baa\\u0bbe\\u0bb8\\u0bcd \\u0bae\\u0bbe\\u0bb0\\u0bcd\\u0b95\\u0bcd\\u0bb8\\u0bcd\",\"total_exams\":\"\\u0bae\\u0bc6\\u0bbe\\u0ba4\\u0bcd\\u0ba4 \\u0ba4\\u0bc7\\u0bb0\\u0bcd\\u0bb5\\u0bc1\\u0b95\\u0bb3\\u0bcd\",\"total_questions\":\"\\u0bae\\u0bc6\\u0bbe\\u0ba4\\u0bcd\\u0ba4 \\u0b95\\u0bc7\\u0bb3\\u0bcd\\u0bb5\\u0bbf\\u0b95\\u0bb3\\u0bcd\",\"update_quizzes\":\"\\u0baa\\u0bc1\\u0ba4\\u0bc1\\u0baa\\u0bcd\\u0baa\\u0bbf\\u0b95\\u0bcd\\u0b95\\u0baa\\u0bcd\\u0baa\\u0b9f\\u0bcd\\u0b9f\\u0ba4\\u0bc1 \\u0bb5\\u0bbf\\u0ba9\\u0bbe\\u0bb5\\u0bbf\\u0b9f\\u0bc8\",\"update_series_for\":\"\\u0baa\\u0bc1\\u0ba4\\u0bc1\\u0baa\\u0bcd\\u0baa\\u0bbf\\u0b95\\u0bcd\\u0b95\\u0baa\\u0bcd\\u0baa\\u0b9f\\u0bcd\\u0b9f\\u0ba4\\u0bc1 \\u0ba4\\u0bc6\\u0bbe\\u0b9f\\u0bb0\\u0bcd\",\"exam_categories\":\"\\u0ba4\\u0bc7\\u0bb0\\u0bcd\\u0bb5\\u0bc1 \\u0bb5\\u0b95\\u0bc8\\u0b95\\u0bb3\\u0bcd\",\"exam_name\":\"\\u0ba4\\u0bc7\\u0bb0\\u0bcd\\u0bb5\\u0bc1 \\u0baa\\u0bc6\\u0baf\\u0bb0\\u0bcd\",\"saved_exams\":\"\\u0b9a\\u0bc7\\u0bae\\u0bbf\\u0ba4\\u0bcd\\u0ba4 \\u0ba4\\u0bc7\\u0bb0\\u0bcd\\u0bb5\\u0bc1\\u0b95\\u0bb3\\u0bcd\",\"no_data_available\":\"\\u0ba4\\u0bb0\\u0bb5\\u0bc1 \\u0b8e\\u0ba4\\u0bc1\\u0bb5\\u0bc1\\u0bae\\u0bcd \\u0b95\\u0bbf\\u0b9f\\u0bc8\\u0b95\\u0bcd\\u0b95\\u0bb5\\u0bbf\\u0bb2\\u0bcd\\u0bb2\\u0bc8\",\"couponcodes\":\"Couponcodes\",\"discount\":\"\\u0ba4\\u0bb3\\u0bcd\\u0bb3\\u0bc1\\u0baa\\u0b9f\\u0bbf\",\"minimum_bill\":\"\\u0b95\\u0bc1\\u0bb1\\u0bc8\\u0ba8\\u0bcd\\u0ba4\\u0baa\\u0b9f\\u0bcd\\u0b9a \\u0baa\\u0bbf\\u0bb2\\u0bcd\",\"maximum_discount\":\"\\u0b85\\u0ba4\\u0bbf\\u0b95\\u0baa\\u0b9f\\u0bcd\\u0b9a \\u0ba4\\u0bb3\\u0bcd\\u0bb3\\u0bc1\\u0baa\\u0b9f\\u0bbf\",\"limit\":\"\\u0b85\\u0bb3\\u0bb5\\u0bc1\",\"status\":\"\\u0ba8\\u0bbf\\u0bb2\\u0bc8\\u0bae\\u0bc8\",\"question_subjects\":\"\\u0b95\\u0bc7\\u0bb3\\u0bcd\\u0bb5\\u0bbf \\u0baa\\u0bbe\\u0b9f\\u0b99\\u0bcd\\u0b95\\u0bb3\\u0bcd\",\"import_questions\":\"\\u0b87\\u0bb1\\u0b95\\u0bcd\\u0b95\\u0bc1\\u0bae\\u0ba4\\u0bbf \\u0b95\\u0bc7\\u0bb3\\u0bcd\\u0bb5\\u0bbf\\u0b95\\u0bb3\\u0bcd\",\"add_subject\":\"\\u0baa\\u0bc6\\u0bbe\\u0bb0\\u0bc1\\u0bb3\\u0bcd \\u0b9a\\u0bc7\\u0bb0\\u0bcd\",\"view_questions\":\"\\u0b95\\u0bc7\\u0bb3\\u0bcd\\u0bb5\\u0bbf\\u0b95\\u0bb3\\u0bc8\\u0b95\\u0bcd \\u0b95\\u0bbe\\u0ba3\\u0bcd\\u0b95\",\"examseries\":\"Examseries\",\"edit_coupon\":\"\\u0b95\\u0bc2\\u0baa\\u0bcd\\u0baa\\u0ba9\\u0bcd \\u0ba4\\u0bbf\\u0bb0\\u0bc1\\u0ba4\\u0bcd\\u0ba4\\u0bc1\",\"coupon_code\":\"\\u0b95\\u0bc2\\u0baa\\u0bcd\\u0baa\\u0ba9\\u0bcd \\u0b95\\u0bc1\\u0bb1\\u0bbf\\u0baf\\u0bc0\\u0b9f\\u0bc1\",\"value\":\"\\u0bae\\u0ba4\\u0bbf\\u0baa\\u0bcd\\u0baa\\u0bc1\",\"percent\":\"\\u0b9a\\u0ba4\\u0bb5\\u0bc0\\u0ba4\\u0bae\\u0bcd\",\"discount_type\":\"\\u0ba4\\u0bb3\\u0bcd\\u0bb3\\u0bc1\\u0baa\\u0b9f\\u0bbf \\u0bb5\\u0b95\\u0bc8\",\"discount_value\":\"\\u0ba4\\u0bb3\\u0bcd\\u0bb3\\u0bc1\\u0baa\\u0b9f\\u0bbf \\u0bae\\u0ba4\\u0bbf\\u0baa\\u0bcd\\u0baa\\u0bc1\",\"enter_value\":\"\\u0bae\\u0ba4\\u0bbf\\u0baa\\u0bcd\\u0baa\\u0bc8 \\u0b89\\u0bb3\\u0bcd\\u0bb3\\u0bbf\\u0b9f\\u0bb5\\u0bc1\\u0bae\\u0bcd\",\"discount_maximum_amount\":\"\\u0ba4\\u0bb3\\u0bcd\\u0bb3\\u0bc1\\u0baa\\u0b9f\\u0bbf \\u0b85\\u0ba4\\u0bbf\\u0b95\\u0baa\\u0b9f\\u0bcd\\u0b9a \\u0b85\\u0bb3\\u0bb5\\u0bc1\",\"enter_maximum_amount\":\"\\u0b85\\u0ba4\\u0bbf\\u0b95\\u0baa\\u0b9f\\u0bcd\\u0b9a \\u0b85\\u0bb3\\u0bb5\\u0bc1 \\u0b9a\\u0bc7\\u0bb0\\u0bcd\\u0b95\\u0bcd\\u0b95\\u0bb5\\u0bc1\\u0bae\\u0bcd\",\"valid_from\":\"\\u0b9a\\u0bc6\\u0bb2\\u0bcd\\u0bb2\\u0bc1\\u0baa\\u0b9f\\u0bbf\\u0baf\\u0bbe\\u0b95\\u0bc1\\u0bae\\u0bcd\",\"valid_to\":\"\\u0b9a\\u0bc6\\u0bb2\\u0bcd\\u0bb2\\u0bc1\\u0baa\\u0b9f\\u0bbf\\u0baf\\u0bbe\\u0b95\\u0bc1\\u0bae\\u0bcd\",\"usage_limit\":\"\\u0baa\\u0baf\\u0ba9\\u0bcd\\u0baa\\u0bbe\\u0b9f\\u0bc1 \\u0b95\\u0bc1\\u0bb1\\u0bc8\\u0b95\\u0bcd\\u0b95\",\"enter_usage_limit_per_user\":\"\\u0baa\\u0baf\\u0ba9\\u0bb0\\u0bcd \\u0b92\\u0ba9\\u0bcd\\u0bb1\\u0bc1\\u0b95\\u0bcd\\u0b95\\u0bc1 \\u0baa\\u0baf\\u0ba9\\u0bcd\\u0baa\\u0bbe\\u0b9f\\u0bc1 \\u0b95\\u0bc1\\u0bb1\\u0bc8\\u0b95\\u0bcd\\u0b95 \\u0b89\\u0bb3\\u0bcd\\u0bb3\\u0bbf\\u0b9f\\u0bb5\\u0bc1\\u0bae\\u0bcd\",\"pending\":\"\\u0ba8\\u0bbf\\u0bb2\\u0bc1\\u0bb5\\u0bc8\\u0baf\\u0bbf\\u0bb2\\u0bcd\",\"total\":\"\\u0bae\\u0bc6\\u0bbe\\u0ba4\\u0bcd\\u0ba4\",\"overall_statistics\":\"\\u0b92\\u0b9f\\u0bcd\\u0b9f\\u0bc1\\u0bae\\u0bc6\\u0bbe\\u0ba4\\u0bcd\\u0ba4 \\u0baa\\u0bc1\\u0bb3\\u0bcd\\u0bb3\\u0bbf\\u0bb5\\u0bbf\\u0baa\\u0bb0\\u0bae\\u0bcd\",\"payments_reports_in\":\"\\u0baa\\u0ba3\\u0bae\\u0bcd \\u0b85\\u0bb1\\u0bbf\\u0b95\\u0bcd\\u0b95\\u0bc8\\u0b95\\u0bb3\\u0bcd\",\"payments\":\"\\u0b95\\u0bc6\\u0bbe\\u0b9f\\u0bc1\\u0baa\\u0bcd\\u0baa\\u0ba9\\u0bb5\\u0bc1\",\"payment_statistics\":\"\\u0b95\\u0bc6\\u0bbe\\u0b9f\\u0bc1\\u0baa\\u0bcd\\u0baa\\u0ba9\\u0bb5\\u0bc1 \\u0baa\\u0bc1\\u0bb3\\u0bcd\\u0bb3\\u0bbf\\u0baf\\u0bbf\\u0baf\\u0bb2\\u0bcd\",\"payment_monthly_statistics\":\"\\u0bae\\u0bbe\\u0ba4\\u0bbe\\u0ba8\\u0bcd\\u0ba4\\u0bbf\\u0bb0 \\u0baa\\u0bc1\\u0bb3\\u0bcd\\u0bb3\\u0bbf\\u0bb5\\u0bbf\\u0baa\\u0bb0\\u0bae\\u0bcd\",\"feed_backs\":\"\\u0b8a\\u0b9f\\u0bcd\\u0b9f\\u0bae\\u0bcd \\u0bae\\u0bc1\\u0ba4\\u0bc1\\u0b95\\u0bc1\\u0b95\\u0bcd\\u0b95\\u0bc1\",\"posted_on\":\"posted On\",\"view\":\"\\u0b95\\u0bbe\\u0ba3\\u0bcd\\u0b95\",\"feedback_details\":\"\\u0b95\\u0bb0\\u0bc1\\u0ba4\\u0bcd\\u0ba4\\u0bc1 \\u0bb5\\u0bbf\\u0baa\\u0bb0\\u0b99\\u0bcd\\u0b95\\u0bb3\\u0bcd\",\"feedbacks\":\"\\u0baa\\u0bbf\\u0ba9\\u0bcd\\u0ba9\\u0bc2\\u0b9f\\u0bcd\\u0b9f\\u0b99\\u0bcd\\u0b95\\u0bb3\\u0bc8\",\"back\":\"\\u0bae\\u0bc0\\u0ba3\\u0bcd\\u0b9f\\u0bc1\\u0bae\\u0bcd\",\"module\":\"\\u0ba4\\u0bc6\\u0bbe\\u0b95\\u0bc1\\u0ba4\\u0bbf\",\"key\":\"\\u0bae\\u0bc1\\u0b95\\u0bcd\\u0b95\\u0bbf\\u0baf\",\"demanding_quizzes\":\"\\u0b95\\u0bc7\\u0bbe\\u0bb0\\u0bbf \\u0bb5\\u0bbf\\u0ba9\\u0bbe\\u0bb5\\u0bbf\\u0b9f\\u0bc8\",\"demanding\":\"\\u0b95\\u0bc7\\u0bbe\\u0bb0\\u0bbf\",\"quizzes_usage\":\"\\u0bb5\\u0bbf\\u0ba9\\u0bbe\\u0bb5\\u0bbf\\u0b9f\\u0bc8 \\u0baa\\u0baf\\u0ba9\\u0bcd\\u0baa\\u0bbe\\u0b9f\\u0bc1\",\"paid_quizzes_usage\":\"\\u0baa\\u0ba3\\u0bae\\u0bcd \\u0bb5\\u0bbf\\u0ba9\\u0bbe\\u0bb5\\u0bbf\\u0b9f\\u0bc8 \\u0baa\\u0baf\\u0ba9\\u0bcd\\u0baa\\u0bbe\\u0b9f\\u0bc1\",\"your_payment_was cancelled\":\"\\u0b89\\u0b99\\u0bcd\\u0b95\\u0bb3\\u0bcd \\u0baa\\u0ba3\\u0bae\\u0bcd \\u0bb0\\u0ba4\\u0bcd\\u0ba4\\u0bc1 \\u0b9a\\u0bc6\\u0baf\\u0bcd\\u0baf\\u0baa\\u0bcd\\u0baa\\u0b9f\\u0bcd\\u0b9f\\u0ba4\\u0bc1\",\"subscriptions_list\":\"\\u0b9a\\u0ba8\\u0bcd\\u0ba4\\u0bbe\\u0b95\\u0bcd\\u0b95\\u0bb3\\u0bcd \\u0baa\\u0b9f\\u0bcd\\u0b9f\\u0bbf\\u0baf\\u0bb2\\u0bcd\",\"plan_type\":\"\\u0ba4\\u0bbf\\u0b9f\\u0bcd\\u0b9f\\u0bae\\u0bcd \\u0bb5\\u0b95\\u0bc8\",\"paid_from\":\"\\u0b87\\u0bb0\\u0bc1\\u0ba8\\u0bcd\\u0ba4\\u0bc1 \\u0baa\\u0ba3\\u0bae\\u0bcd\",\"datetime\":\"\\u0ba4\\u0bc7\\u0ba4\\u0bbf \\u0ba8\\u0bc7\\u0bb0\\u0bae\\u0bcd\",\"my_bookmarks\":\"\\u0b8e\\u0ba9\\u0ba4\\u0bc1 \\u0baa\\u0bc1\\u0b95\\u0bcd\\u0bae\\u0bbe\\u0bb0\\u0bcd\\u0b95\\u0bcd\\u0b95\\u0bc1\\u0b95\\u0bb3\\u0bcd\",\"analysis\":\"\\u0baa\\u0b95\\u0bc1\\u0baa\\u0bcd\\u0baa\\u0bbe\\u0baf\\u0bcd\\u0bb5\\u0bc1\",\"by_subjcet\":\"Subjcet \\u0bae\\u0bc2\\u0bb2\\u0bae\\u0bcd\",\"by_exam\":\"\\u0ba4\\u0bc7\\u0bb0\\u0bcd\\u0bb5\\u0bc1 \\u0bae\\u0bc2\\u0bb2\\u0bae\\u0bcd\",\"history\":\"\\u0bb5\\u0bb0\\u0bb2\\u0bbe\\u0bb1\\u0bc1\",\"subscriptions\":\"\\u0b9a\\u0ba8\\u0bcd\\u0ba4\\u0bbe\\u0b95\\u0bcd\\u0b95\\u0bb3\\u0bcd\",\"add_setting\":\"\\u0b85\\u0bae\\u0bc8\\u0ba4\\u0bcd\\u0ba4\\u0bb2\\u0bcd \\u0b9a\\u0bc7\\u0bb0\\u0bcd\",\"introduction\":\"\\u0b85\\u0bb1\\u0bbf\\u0bae\\u0bc1\\u0b95\\u0bae\\u0bcd\",\"description_of_the_topic\":\"\\u0ba4\\u0bb2\\u0bc8\\u0baa\\u0bcd\\u0baa\\u0bbf\\u0ba9\\u0bcd \\u0bb5\\u0bbf\\u0bb3\\u0b95\\u0bcd\\u0b95\\u0bae\\u0bcd\",\"old_password\":\"\\u0baa\\u0bb4\\u0bc8\\u0baf \\u0b95\\u0b9f\\u0bb5\\u0bc1\\u0b9a\\u0bcd\\u0b9a\\u0bc6\\u0bbe\\u0bb2\\u0bcd\",\"the_password_is_too_short\":\"\\u0b95\\u0b9f\\u0bb5\\u0bc1\\u0b9a\\u0bcd\\u0b9a\\u0bc6\\u0bbe\\u0bb2\\u0bcd \\u0bae\\u0bbf\\u0b95\\u0bb5\\u0bc1\\u0bae\\u0bcd \\u0b9a\\u0bbf\\u0bb1\\u0bbf\\u0baf\\u0ba4\\u0bbe\\u0b95 \\u0b89\\u0bb3\\u0bcd\\u0bb3\\u0ba4\\u0bc1\",\"new_password\":\"\\u0baa\\u0bc1\\u0ba4\\u0bbf\\u0baf \\u0b95\\u0b9f\\u0bb5\\u0bc1\\u0b9a\\u0bcd\\u0b9a\\u0bc6\\u0bbe\\u0bb2\\u0bcd\",\"retype_password\":\"\\u0b95\\u0b9f\\u0bb5\\u0bc1\\u0b9a\\u0bcd\\u0b9a\\u0bc6\\u0bbe\\u0bb2\\u0bcd\\u0bb2\\u0bc8 \\u0bae\\u0bc0\\u0ba3\\u0bcd\\u0b9f\\u0bc1\\u0bae\\u0bcd \\u0ba4\\u0b9f\\u0bcd\\u0b9f\\u0b9a\\u0bcd\\u0b9a\\u0bc1 \\u0b9a\\u0bc6\\u0baf\\u0bcd\\u0b95\",\"password_and_confirm_password_does_not_match\":\"\\u0b95\\u0b9f\\u0bb5\\u0bc1\\u0b9a\\u0bcd\\u0b9a\\u0bc6\\u0bbe\\u0bb2\\u0bcd \\u0b89\\u0bb1\\u0bc1\\u0ba4\\u0bbf \\u0b95\\u0b9f\\u0bb5\\u0bc1\\u0b9a\\u0bcd\\u0b9a\\u0bc6\\u0bbe\\u0bb2\\u0bcd \\u0baa\\u0bc6\\u0bbe\\u0bb0\\u0bc1\\u0ba8\\u0bcd\\u0ba4\\u0bb5\\u0bbf\\u0bb2\\u0bcd\\u0bb2\\u0bc8\",\"correct\":\"\\u0b9a\\u0bb0\\u0bbf\",\"wrong\":\"\\u0ba4\\u0bb5\\u0bb1\\u0bbe\\u0ba9\",\"not_answered\":\"\\u0baa\\u0ba4\\u0bbf\\u0bb2\\u0bb3\\u0bbf\\u0b95\\u0bcd\\u0b95\\u0bb5\\u0bbf\\u0bb2\\u0bcd\\u0bb2\\u0bc8\",\"overall_performance\":\"\\u0bae\\u0bc6\\u0bbe\\u0ba4\\u0bcd\\u0ba4\\u0ba4\\u0bcd\\u0ba4\\u0bbf\\u0bb2\\u0bcd \\u0b9a\\u0bc6\\u0baf\\u0bb2\\u0bcd\\u0ba4\\u0bbf\\u0bb1\\u0ba9\\u0bcd\",\"performance\":\"\\u0b9a\\u0bc6\\u0baf\\u0bb2\\u0bcd\\u0ba4\\u0bbf\\u0bb1\\u0ba9\\u0bcd\",\"best_performance_in_all_quizzes\":\"\\u0b85\\u0ba9\\u0bc8\\u0ba4\\u0bcd\\u0ba4\\u0bc1 \\u0bb5\\u0bbf\\u0ba9\\u0bbe\\u0bb5\\u0bbf\\u0b9f\\u0bc8 \\u0b9a\\u0bbf\\u0bb1\\u0ba8\\u0bcd\\u0ba4 \\u0ba8\\u0b9f\\u0bbf\\u0baa\\u0bcd\\u0baa\\u0bc1\",\"view_analysis\":\"\\u0b95\\u0bbe\\u0ba3\\u0bcd\\u0b95 \\u0baa\\u0b95\\u0bc1\\u0baa\\u0bcd\\u0baa\\u0bbe\\u0baf\\u0bcd\\u0bb5\\u0bc1\",\"edit_user\":\"\\u0baa\\u0baf\\u0ba9\\u0bb0\\u0bcd \\u0ba4\\u0bbf\\u0bb0\\u0bc1\\u0ba4\\u0bcd\\u0ba4\\u0bc1\",\"username\":\"\\u0baa\\u0baf\\u0ba9\\u0bb0\\u0bcd\\u0baa\\u0bc6\\u0baf\\u0bb0\\u0bcd\",\"select_role\":\"\\u0ba4\\u0bc7\\u0bb0\\u0bcd\\u0bb5\\u0bc1 \\u0baa\\u0b99\\u0bcd\\u0b95\\u0bc1\",\"phone\":\"\\u0ba4\\u0bc6\\u0bbe\\u0bb2\\u0bc8\\u0baa\\u0bc7\\u0b9a\\u0bbf\",\"please_enter_10-15_digit_mobile_number\":\"\\u0ba4\\u0baf\\u0bb5\\u0bc1 \\u0b9a\\u0bc6\\u0baf\\u0bcd\\u0ba4\\u0bc1 10-15 \\u0b87\\u0bb2\\u0b95\\u0bcd\\u0b95\\u0bae\\u0bcd \\u0bae\\u0bc6\\u0bbe\\u0baa\\u0bc8\\u0bb2\\u0bcd \\u0b8e\\u0ba3\\u0bcd\\u0ba3\\u0bc8 \\u0b89\\u0bb3\\u0bcd\\u0bb3\\u0bbf\\u0b9f\\u0bb5\\u0bc1\\u0bae\\u0bcd\",\"please_enter_valid_phone_number\":\"\\u0ba4\\u0baf\\u0bb5\\u0bc1 \\u0b9a\\u0bc6\\u0baf\\u0bcd\\u0ba4\\u0bc1 \\u0b9a\\u0bb0\\u0bbf\\u0baf\\u0bbe\\u0ba9 \\u0ba4\\u0bc6\\u0bbe\\u0bb2\\u0bc8\\u0baa\\u0bc7\\u0b9a\\u0bbf \\u0b8e\\u0ba3\\u0bcd\\u0ba3\\u0bc8 \\u0b89\\u0bb3\\u0bcd\\u0bb3\\u0bbf\\u0b9f\\u0bb5\\u0bc1\\u0bae\\u0bcd\",\"address\":\"\\u0bae\\u0bc1\\u0b95\\u0bb5\\u0bb0\\u0bbf\",\"please_enter_your_address\":\"\\u0ba4\\u0baf\\u0bb5\\u0bc1 \\u0b9a\\u0bc6\\u0baf\\u0bcd\\u0ba4\\u0bc1 \\u0b89\\u0b99\\u0bcd\\u0b95\\u0bb3\\u0bcd \\u0bae\\u0bc1\\u0b95\\u0bb5\\u0bb0\\u0bbf\\u0baf\\u0bc8 \\u0b89\\u0bb3\\u0bcd\\u0bb3\\u0bbf\\u0b9f\\u0bb5\\u0bc1\\u0bae\\u0bcd\",\"give_feedback\":\"\\u0b95\\u0bb0\\u0bc1\\u0ba4\\u0bcd\\u0ba4\\u0bc1 \\u0ba4\\u0bc6\\u0bb0\\u0bbf\\u0bb5\\u0bbf\",\"feedback_form\":\"\\u0b95\\u0bb0\\u0bc1\\u0ba4\\u0bcd\\u0ba4\\u0bc1 \\u0baa\\u0b9f\\u0bbf\\u0bb5\\u0bae\\u0bcd\",\"send\":\"\\u0b85\\u0ba9\\u0bc1\\u0baa\\u0bcd\\u0baa\\u0bc1\",\"account_settings\":\"\\u0b95\\u0ba3\\u0b95\\u0bcd\\u0b95\\u0bc1 \\u0b85\\u0bae\\u0bc8\\u0baa\\u0bcd\\u0baa\\u0bc1\\u0b95\\u0bb3\\u0bcd\",\"quiz_and_exam_series\":\"\\u0bb5\\u0bbf\\u0ba9\\u0bbe\\u0b9f\\u0bbf \\u0bb5\\u0bbf\\u0ba9\\u0bbe \\u0bae\\u0bb1\\u0bcd\\u0bb1\\u0bc1\\u0bae\\u0bcd \\u0baa\\u0bb0\\u0bc0\\u0b9f\\u0bcd\\u0b9a\\u0bc8 \\u0ba4\\u0bc6\\u0bbe\\u0b9f\\u0bb0\\u0bcd\",\"lms_categories\":\"LMS \\u0bb5\\u0b95\\u0bc8\\u0b95\\u0bb3\\u0bcd\",\"time_spent_on_correct_answers\":\"\\u0ba8\\u0bc7\\u0bb0\\u0bae\\u0bcd \\u0b9a\\u0bb0\\u0bbf\\u0baf\\u0bbe\\u0ba9 \\u0baa\\u0ba4\\u0bbf\\u0bb2\\u0bcd\\u0b95\\u0bb3\\u0bc8 \\u0b9a\\u0bc6\\u0bb2\\u0bb5\\u0bc1\",\"time_spent_on_wrong_answers\":\"\\u0ba8\\u0bc7\\u0bb0\\u0bae\\u0bcd \\u0ba4\\u0bb5\\u0bb1\\u0bbe\\u0ba9 \\u0baa\\u0ba4\\u0bbf\\u0bb2\\u0bcd\\u0b95\\u0bb3\\u0bc8 \\u0b9a\\u0bc6\\u0bb2\\u0bb5\\u0bc1\",\"overall_marks_analysis\":\"\\u0b92\\u0b9f\\u0bcd\\u0b9f\\u0bc1\\u0bae\\u0bc6\\u0bbe\\u0ba4\\u0bcd\\u0ba4 \\u0bae\\u0bbe\\u0bb0\\u0bcd\\u0b95\\u0bcd\\u0bb8\\u0bcd \\u0baa\\u0b95\\u0bc1\\u0baa\\u0bcd\\u0baa\\u0bbe\\u0baf\\u0bcd\\u0bb5\\u0bc1\",\"overall_subject_wise_analysis\":\"\\u0b92\\u0b9f\\u0bcd\\u0b9f\\u0bc1\\u0bae\\u0bc6\\u0bbe\\u0ba4\\u0bcd\\u0ba4 \\u0baa\\u0bc6\\u0bbe\\u0bb0\\u0bc1\\u0bb3\\u0bcd \\u0bb5\\u0bbe\\u0bb0\\u0bbf\\u0baf\\u0bbe\\u0b95 \\u0baa\\u0b95\\u0bc1\\u0baa\\u0bcd\\u0baa\\u0bbe\\u0baf\\u0bcd\\u0bb5\\u0bc1\",\"of\":\"\\u0b8e\\u0ba9\\u0bcd\\u0bb1\",\"spent_on_correct\":\"\\u0b9a\\u0bb0\\u0bbf\\u0baf\\u0bbe\\u0ba9 \\u0b9a\\u0bc6\\u0bb2\\u0bb5\\u0bc1\",\"spent_on_wrong\":\"\\u0ba4\\u0bb5\\u0bb1\\u0bbe\\u0ba9 \\u0b9a\\u0bc6\\u0bb2\\u0bb5\\u0bc1\",\"total_time\":\"\\u0bae\\u0bc6\\u0bbe\\u0ba4\\u0bcd\\u0ba4 \\u0ba8\\u0bc7\\u0bb0\\u0bae\\u0bcd\",\"spent_time\":\"\\u0b95\\u0bb4\\u0bbf\\u0ba4\\u0bcd\\u0ba4 \\u0ba8\\u0bc7\\u0bb0\\u0bae\\u0bcd\",\"all_exams\":\"\\u0b85\\u0ba9\\u0bc8\\u0ba4\\u0bcd\\u0ba4\\u0bc1 \\u0ba4\\u0bc7\\u0bb0\\u0bcd\\u0bb5\\u0bc1\\u0b95\\u0bb3\\u0bcd\",\"dueration\":\"Dueration\",\"take_exam\":\"\\u0baa\\u0bb0\\u0bc0\\u0b9f\\u0bcd\\u0b9a\\u0bc8 \\u0b8e\\u0b9f\\u0bc1\\u0b95\\u0bcd\\u0b95\",\"mins\":\"mins\",\"please_read_the_instructions_carefully\":\"\\u0b95\\u0bb5\\u0ba9\\u0bae\\u0bbe\\u0b95 \\u0b85\\u0bb1\\u0bbf\\u0bb5\\u0bc1\\u0bb0\\u0bc8\\u0b95\\u0bb3\\u0bc8 \\u0baa\\u0b9f\\u0bbf\\u0ba4\\u0bcd\\u0ba4\\u0bc1 \\u0b95\\u0bc6\\u0bbe\\u0bb3\\u0bcd\\u0bb3\\u0bb5\\u0bc1\\u0bae\\u0bcd\",\"general_instructions\":\"\\u0baa\\u0bc6\\u0bbe\\u0ba4\\u0bc1 \\u0bb5\\u0bb4\\u0bbf\\u0bae\\u0bc1\\u0bb1\\u0bc8\\u0b95\\u0bb3\\u0bcd\",\"buy_now\":\"\\u0b87\\u0baa\\u0bcd\\u0baa\\u0bc7\\u0bbe\\u0ba4\\u0bc1 \\u0bb5\\u0bbe\\u0b99\\u0bcd\\u0b95\",\"checkout\":\"\\u0bb5\\u0bc6\\u0bb3\\u0bbf\\u0baf\\u0bc7\\u0bb1\\u0bc1\\u0ba4\\u0bb2\\u0bcd\",\"valid_for\":\"\\u0b9a\\u0bc6\\u0bb2\\u0bcd\\u0bb2\\u0bc1\\u0baa\\u0b9f\\u0bbf\\u0baf\\u0bbe\\u0b95\\u0bc1\\u0bae\\u0bcd\",\"days\":\"\\u0ba8\\u0bbe\\u0b9f\\u0bcd\\u0b95\\u0bb3\\u0bbf\\u0bb2\\u0bcd\",\"enter_coupon_code\":\"\\u0b95\\u0bc2\\u0baa\\u0bcd\\u0baa\\u0ba9\\u0bcd \\u0b95\\u0bc1\\u0bb1\\u0bbf\\u0baf\\u0bc0\\u0b9f\\u0bc1 \\u0ba8\\u0bc1\\u0bb4\\u0bc8\\u0baf\",\"apply\":\"\\u0bb5\\u0bbf\\u0ba3\\u0bcd\\u0ba3\\u0baa\\u0bcd\\u0baa\\u0bbf\\u0b95\\u0bcd\\u0b95\",\"payu\":\"Payu\",\"paypal\":\"\\u0baa\\u0bc7\\u0baa\\u0bbe\\u0bb2\\u0bcd\",\"click_here_to_update_payment_details\":\"\\u0b95\\u0bc6\\u0bbe\\u0b9f\\u0bc1\\u0baa\\u0bcd\\u0baa\\u0ba9\\u0bb5\\u0bc1 \\u0bb5\\u0bbf\\u0bb5\\u0bb0\\u0b99\\u0bcd\\u0b95\\u0bb3\\u0bcd \\u0baa\\u0bc1\\u0ba4\\u0bc1\\u0baa\\u0bcd\\u0baa\\u0bbf\\u0b95\\u0bcd\\u0b95 \\u0b87\\u0b99\\u0bcd\\u0b95\\u0bc1 \\u0b95\\u0bbf\\u0bb3\\u0bbf\\u0b95\\u0bcd\",\"offline_payment\":\"\\u0ba8\\u0ba9\\u0bcd\\u0bb1\\u0bbf \\u0b9a\\u0bc6\\u0bb2\\u0bc1\\u0ba4\\u0bcd\\u0ba4\\u0bc1\\u0ba4\\u0bb2\\u0bcd\",\"details\":\"\\u0bb5\\u0bbf\\u0bb5\\u0bb0\\u0b99\\u0bcd\\u0b95\\u0bb3\\u0bcd\",\"billing_address\":\"\\u0baa\\u0bbf\\u0bb2\\u0bcd\\u0bb2\\u0bbf\\u0b99\\u0bcd \\u0bae\\u0bc1\\u0b95\\u0bb5\\u0bb0\\u0bbf\",\"limit_reached\":\"\\u0bb5\\u0bb0\\u0bc8\\u0baf\\u0bb1\\u0bc8\\u0baf\\u0bc8 \\u0b8e\\u0b9f\\u0bcd\\u0b9f\\u0bbf\\u0baf\\u0bc1\\u0bb3\\u0bcd\\u0bb3\\u0ba4\\u0bc1\",\"hey_you_are_eligible_for_discount\":\"\\u0bb9\\u0bc7 \\u0baf\\u0bc2 \\u0ba4\\u0bb3\\u0bcd\\u0bb3\\u0bc1\\u0baa\\u0b9f\\u0bbf \\u0ba4\\u0b95\\u0bc1\\u0ba4\\u0bbf\\u0baf\\u0bc1\\u0b9f\\u0bc8\\u0baf\\u0bb5\\u0bb0\\u0bcd\\u0b95\\u0bb3\\u0bcd \\u0b86\\u0bb5\\u0bb0\\u0bcd\",\"your_subscription_was_successfull\":\"\\u0b89\\u0b99\\u0bcd\\u0b95\\u0bb3\\u0bcd \\u0b9a\\u0ba8\\u0bcd\\u0ba4\\u0bbe\\u0bb5\\u0bc8 \\u0bb5\\u0bc6\\u0bb1\\u0bcd\\u0bb1\\u0bbf\\u0b95\\u0bb0\\u0bae\\u0bbe\\u0b95\",\"please_accept_terms_and_conditions\":\"\\u0bb5\\u0bbf\\u0ba4\\u0bbf\\u0bae\\u0bc1\\u0bb1\\u0bc8\\u0b95\\u0bb3\\u0bcd \\u0bae\\u0bb1\\u0bcd\\u0bb1\\u0bc1\\u0bae\\u0bcd \\u0ba8\\u0bbf\\u0baa\\u0ba8\\u0bcd\\u0ba4\\u0ba9\\u0bc8\\u0b95\\u0bb3\\u0bcd \\u0ba4\\u0baf\\u0bb5\\u0bc1 \\u0b9a\\u0bc6\\u0baf\\u0bcd\\u0ba4\\u0bc1 \\u0b8f\\u0bb1\\u0bcd\\u0bb1\\u0bc1\\u0b95\\u0bcd\\u0b95\\u0bc6\\u0bbe\\u0bb3\\u0bcd\\u0bb3\\u0bc1\\u0b99\\u0bcd\\u0b95\\u0bb3\\u0bcd\",\"start_exam\":\"\\u0ba4\\u0bc7\\u0bb0\\u0bcd\\u0bb5\\u0bc1 \\u0ba4\\u0bc6\\u0bbe\\u0b9f\\u0b99\\u0bcd\\u0b95\",\"previous\":\"\\u0bae\\u0bc1\\u0ba8\\u0bcd\\u0ba4\\u0bc8\\u0baf\",\"next\":\"\\u0b85\\u0b9f\\u0bc1\\u0ba4\\u0bcd\\u0ba4\",\"clear_answer\":\"\\u0ba4\\u0bc6\\u0bb3\\u0bbf\\u0bb5\\u0bbe\\u0ba9 \\u0baa\\u0ba4\\u0bbf\\u0bb2\\u0bcd\",\"bookmarks\":\"\\u0baa\\u0bc1\\u0b95\\u0bcd\\u0bae\\u0bbe\\u0bb0\\u0bcd\\u0b95\\u0bcd\\u0bb8\\u0bcd\",\"exam_duration\":\"\\u0ba4\\u0bc7\\u0bb0\\u0bcd\\u0bb5\\u0bc1 \\u0b95\\u0bbe\\u0bb2\\u0bae\\u0bcd\",\"hints\":\"\\u0b95\\u0bc1\\u0bb1\\u0bbf\\u0baa\\u0bcd\\u0baa\\u0bc1\\u0b95\\u0bb3\\u0bcd\",\"bookmark_this_question\":\"\\u0b87\\u0ba8\\u0bcd\\u0ba4\\u0b95\\u0bcd \\u0b95\\u0bc7\\u0bb3\\u0bcd\\u0bb5\\u0bbf\\u0baf\\u0bc8\\u0b95\\u0bcd \\u0baa\\u0bc1\\u0b95\\u0bcd\\u0bae\\u0bbe\\u0bb0\\u0bcd\\u0b95\\u0bcd\",\"unbookmark_this_question\":\"Unbookmark \\u0b87\\u0ba8\\u0bcd\\u0ba4\\u0b95\\u0bcd \\u0b95\\u0bc7\\u0bb3\\u0bcd\\u0bb5\\u0bbf\\u0baf\\u0bc8\\u0b95\\u0bcd\",\"mark_for_review\":\"\\u0bae\\u0bbe\\u0bb0\\u0bcd\\u0b95\\u0bcd, \\u0bb5\\u0bbf\\u0bae\\u0bb0\\u0bcd\\u0b9a\\u0ba9\\u0bae\\u0bcd\",\"finish\":\"\\u0baa\\u0bbf\\u0ba9\\u0bbf\\u0bb7\\u0bcd\",\"summary\":\"\\u0b9a\\u0bc1\\u0bb0\\u0bc1\\u0b95\\u0bcd\\u0b95\\u0bae\\u0bcd\",\"answered\":\"\\u0baa\\u0ba4\\u0bbf\\u0bb2\\u0bcd\",\"marked\":\"\\u0b95\\u0bc1\\u0bb1\\u0bbf\\u0b95\\u0bcd\\u0b95\\u0baa\\u0bcd\\u0baa\\u0b9f\\u0bcd\\u0b9f\\u0ba4\\u0bc1\",\"not_visited\":\"\\u0bb5\\u0bbf\\u0b9c\\u0baf\\u0bae\\u0bcd\",\"consumed_time\":\"\\u0b89\\u0b9f\\u0bcd\\u0b95\\u0bc6\\u0bbe\\u0bb3\\u0bcd\\u0bb3\\u0baa\\u0bcd\\u0baa\\u0b9f\\u0bc1\\u0b95\\u0bbf\\u0bb1\\u0ba4\\u0bc1 \\u0ba8\\u0bc7\\u0bb0\\u0bae\\u0bcd\",\"result_for\":\"\\u0bae\\u0bc1\\u0b9f\\u0bbf\\u0bb5\\u0bc1\",\"score\":\"\\u0bb8\\u0bcd\\u0b95\\u0bc7\\u0bbe\\u0bb0\\u0bcd\",\"percentage\":\"\\u0b9a\\u0ba4\\u0bb5\\u0bbf\\u0ba4\\u0bae\\u0bcd\",\"grade\":\"\\u0ba4\\u0bb0\\u0bae\\u0bcd\",\"view_key\":\"\\u0b95\\u0bbe\\u0ba3\\u0bcd\\u0b95 \\u0bae\\u0bc1\\u0b95\\u0bcd\\u0b95\\u0bbf\\u0baf\",\"toppers_in_this_exam\":\"\\u0b87\\u0ba8\\u0bcd\\u0ba4 \\u0ba4\\u0bc7\\u0bb0\\u0bcd\\u0bb5\\u0bbf\\u0bb2\\u0bcd \\u0bae\\u0bc1\\u0ba4\\u0bb2\\u0bbf\\u0b9f\\u0ba4\\u0bcd\\u0ba4\\u0bbf\\u0bb2\\u0bcd\",\"click on toper to compare your score\":\"\\u0b89\\u0b99\\u0bcd\\u0b95\\u0bb3\\u0bcd \\u0bb8\\u0bcd\\u0b95\\u0bc7\\u0bbe\\u0bb0\\u0bcd \\u0b92\\u0baa\\u0bcd\\u0baa\\u0bbf\\u0b9f\\u0bcd\\u0b9f\\u0bc1 Toper \\u0b95\\u0bbf\\u0bb3\\u0bbf\\u0b95\\u0bcd \\u0b9a\\u0bc6\\u0baf\\u0bcd\\u0baf\\u0bb5\\u0bc1\\u0bae\\u0bcd\",\"answers\":\"\\u0baa\\u0ba4\\u0bbf\\u0bb2\\u0bcd\\u0b95\\u0bb3\\u0bcd\",\"result\":\"\\u0bb5\\u0bbf\\u0bb3\\u0bc8\\u0bb5\\u0bbe\\u0b95\",\"time_limit\":\"\\u0ba8\\u0bc7\\u0bb0 \\u0bb5\\u0bb0\\u0bae\\u0bcd\\u0baa\\u0bbf\\u0bb1\\u0bcd\\u0b95\\u0bc1\",\"time_taken\":\"\\u0b8e\\u0b9f\\u0bc1\\u0ba4\\u0bcd\\u0ba4\\u0bc1\\u0b95\\u0bcd\\u0b95\\u0bc6\\u0bbe\\u0ba3\\u0bcd\\u0b9f \\u0ba8\\u0bc7\\u0bb0\\u0bae\\u0bcd\",\"explanation\":\"\\u0bb5\\u0bbf\\u0bb3\\u0b95\\u0bcd\\u0b95\\u0bae\\u0bcd\",\"exam_analysis\":\"\\u0ba4\\u0bc7\\u0bb0\\u0bcd\\u0bb5\\u0bc1 \\u0baa\\u0b95\\u0bc1\\u0baa\\u0bcd\\u0baa\\u0bbe\\u0baf\\u0bcd\\u0bb5\\u0bc1\",\"attempts\":\"\\u0bae\\u0bc1\\u0baf\\u0bb1\\u0bcd\\u0b9a\\u0bbf\\u0b95\\u0bb3\\u0bcd\",\"analysis_by_exam\":\"\\u0ba4\\u0bc7\\u0bb0\\u0bcd\\u0bb5\\u0bc1 \\u0bae\\u0bc2\\u0bb2\\u0bae\\u0bcd \\u0baa\\u0b95\\u0bc1\\u0baa\\u0bcd\\u0baa\\u0bbe\\u0baf\\u0bcd\\u0bb5\\u0bc1\",\"children\":\"\\u0b95\\u0bc1\\u0bb4\\u0ba8\\u0bcd\\u0ba4\\u0bc8\\u0b95\\u0bb3\\u0bcd\",\"no_categories_available\":\"\\u0b95\\u0bbf\\u0b9f\\u0bc8\\u0b95\\u0bcd\\u0b95\\u0bc1\\u0bae\\u0bcd \\u0b87\\u0bb2\\u0bcd\\u0bb2\\u0bc8 \\u0bb5\\u0b95\\u0bc8\\u0b95\\u0bb3\\u0bcd\",\"click_here_to_change_your_preferences\":\"\\u0b89\\u0b99\\u0bcd\\u0b95\\u0bb3\\u0bcd \\u0bb5\\u0bbf\\u0bb0\\u0bc1\\u0baa\\u0bcd\\u0baa\\u0b99\\u0bcd\\u0b95\\u0bb3\\u0bcd \\u0bae\\u0bbe\\u0bb1\\u0bcd\\u0bb1 \\u0b87\\u0b99\\u0bcd\\u0b95\\u0bc7 \\u0b95\\u0bbf\\u0bb3\\u0bbf\\u0b95\\u0bcd \\u0b9a\\u0bc6\\u0baf\\u0bcd\\u0baf\\u0bb5\\u0bc1\\u0bae\\u0bcd\",\"record_added_successfully\":\"\\u0baa\\u0ba4\\u0bbf\\u0bb5\\u0bc1 \\u0b9a\\u0bc7\\u0bb0\\u0bcd\\u0b95\\u0bcd\\u0b95\\u0baa\\u0bcd\\u0baa\\u0b9f\\u0bcd\\u0b9f\\u0ba4\\u0bc1 \\u0bb5\\u0bc6\\u0bb1\\u0bcd\\u0bb1\\u0bbf\\u0b95\\u0bb0\\u0bae\\u0bbe\\u0b95\",\"lms_series\":\"LMS \\u0ba4\\u0bc6\\u0bbe\\u0b9f\\u0bb0\\u0bcd\",\"no_series_available\":\"\\u0b95\\u0bbf\\u0b9f\\u0bc8\\u0b95\\u0bcd\\u0b95\\u0bc1\\u0bae\\u0bcd \\u0b8e\\u0ba8\\u0bcd\\u0ba4 \\u0ba4\\u0bc6\\u0bbe\\u0b9f\\u0bb0\\u0bcd\",\"edit_quiz\":\"\\u0bb5\\u0bbf\\u0ba9\\u0bbe\\u0b9f\\u0bbf \\u0bb5\\u0bbf\\u0ba9\\u0bbe \\u0ba4\\u0bbf\\u0bb0\\u0bc1\\u0ba4\\u0bcd\\u0ba4\\u0bc1\",\"themes\":\"Themes\",\"send_push_notification\":\"Send Push Notification\",\"exam_types\":\"Exam Types\",\"resumes_templates\":\"Resumes Templates\",\"messages\":\"Messages\",\"pages\":\"Pages\",\"blogs\":\"Blogs\",\"please_wait\":\"Please Wait\",\"theme_name\":\"Theme Name\",\"make_as_default_theme\":\"Make As Default Theme\",\"update_settings\":\"Update Settings\"}',	'2016-08-23 00:09:43',	'2019-06-11 04:02:34'),
(7,	'Urdu',	'urdu',	'ur',	1,	0,	'{\"success\":\"\\u06a9\\u0627\\u0645\\u06cc\\u0627\\u0628\\u06cc\",\"record_updated_successfully\":\"\\u0631\\u06cc\\u06a9\\u0627\\u0631\\u0688 \\u06a9\\u0627\\u0645\\u06cc\\u0627\\u0628\\u06cc \\u0633\\u06d2 \\u0627\\u067e \\u0688\\u06cc\\u0679\",\"languages\":\"\\u0632\\u0628\\u0627\\u0646\\u06cc\\u06ba\",\"create\":\"\\u0628\\u0646\\u0627\\u0646\\u0627\",\"language\":\"\\u0632\\u0628\\u0627\\u0646\",\"code\":\"\\u0636\\u0627\\u0628\\u0637\\u06d2\",\"is_rtl\":\"RTL \\u06c1\\u06d2\",\"default_language\":\"\\u0688\\u06cc\\u0641\\u0627\\u0644\\u0679 \\u0644\\u06cc\\u0646\\u06af\\u0648\\u0626\\u062c\",\"action\":\"\\u0639\\u0645\\u0644\",\"deleted\":\"\\u062d\\u0630\\u0641 \\u0634\\u062f\\u06c1\",\"sorry\":\"\\u0645\\u0639\\u0630\\u0631\\u062a\",\"cannot_delete_this_record_as\":\"\\u062d\\u0630\\u0641 \\u0646\\u06c1\\u06cc\\u06ba \\u06a9\\u0631 \\u0633\\u06a9\\u062a\\u06d2 \\u0627\\u0633 \\u0631\\u06cc\\u06a9\\u0627\\u0631\\u0688 \\u06a9\\u06d2 \\u0637\\u0648\\u0631 \\u067e\\u0631\",\"site_title\":\"\\u0648\\u06cc\\u0628 \\u0633\\u0627\\u0626\\u0679 \\u06a9\\u0627 \\u0639\\u0646\\u0648\\u0627\\u0646\",\"latest_users\":\"\\u062a\\u0627\\u0632\\u06c1 \\u062a\\u0631\\u06cc\\u0646 \\u0635\\u0627\\u0631\\u0641\\u06cc\\u0646\",\"was_joined_as\":\"\\u062c\\u06cc\\u0633\\u0627 \\u06a9\\u06c1 \\u0634\\u0627\\u0645\\u0644 \\u06a9\\u06cc\\u0627 \\u06af\\u06cc\\u0627 \\u062a\\u06be\\u0627\",\"see_more\":\"\\u062f\\u06cc\\u06a9\\u06be\\u06cc\\u06ba \\u0645\\u0632\\u06cc\\u062f\",\"my_profile\":\"\\u0645\\u06cc\\u0631\\u06cc \\u067e\\u0631\\u0648\\u0641\\u0627\\u0626\\u0644\",\"change_password\":\"\\u067e\\u0627\\u0633 \\u0648\\u0631\\u0688 \\u062a\\u0628\\u062f\\u06cc\\u0644 \\u06a9\\u0631\\u06cc\\u06ba\",\"logout\":\"\\u0644\\u0627\\u06af \\u0622\\u0648\\u0679\",\"dashboard\":\"\\u0688\\u06cc\\u0634 \\u0628\\u0648\\u0631\\u0688\",\"users\":\"\\u0635\\u0627\\u0631\\u0641\\u06cc\\u0646\",\"roles\":\"\\u06a9\\u0631\\u062f\\u0627\\u0631\",\"fee_settings\":\"\\u0641\\u06cc\\u0633 \\u062a\\u0631\\u062a\\u06cc\\u0628\\u0627\\u062a\",\"fee_categories\":\"\\u0641\\u06cc\\u0633 \\u062c\\u0627\\u062a\",\"fee_category_allotment\":\"\\u0641\\u06cc\\u0633 \\u0632\\u0645\\u0631\\u06c1 \\u062a\\u06cc\\u0646 \\u06c1\\u0644\\u0627\\u06a9\",\"fee_particulars\":\"\\u0641\\u06cc\\u0633 \\u062a\\u0641\\u0635\\u06cc\\u0644\\u0627\\u062a\",\"fee_schedules\":\"\\u0641\\u06cc\\u0633 \\u0634\\u06cc\\u0688\\u0648\\u0644\",\"fines\":\"\\u062c\\u0631\\u0645\\u0627\\u0646\\u06c1\",\"discounts\":\"\\u0688\\u0633\\u06a9\\u0627\\u0624\\u0646\\u0679\\u0633\",\"master_settings\":\"\\u0645\\u0627\\u0633\\u0679\\u0631 \\u062a\\u0631\\u062a\\u06cc\\u0628\\u0627\\u062a\",\"religions_master\":\"\\u0645\\u0630\\u0627\\u06c1\\u0628 \\u0645\\u0627\\u0633\\u0679\\u0631\",\"academics_master\":\"\\u0645\\u0627\\u06c1\\u0631\\u06cc\\u0646 \\u062a\\u0639\\u0644\\u06cc\\u0645 \\u0645\\u0627\\u0633\\u0679\\u0631\",\"courses_master\":\"\\u06a9\\u0648\\u0631\\u0633\\u0632 \\u0645\\u0627\\u0633\\u0679\\u0631\",\"subjects_master\":\"\\u0645\\u0636\\u0627\\u0645\\u06cc\\u0646 \\u0645\\u06cc\\u06ba \\u0645\\u0627\\u0633\\u0679\\u0631\",\"subject_topics\":\"\\u0645\\u0648\\u0636\\u0648\\u0639 \\u06a9\\u06d2 \\u0645\\u0648\\u0636\\u0648\\u0639\\u0627\\u062a\",\"course_subjects\":\"\\u06a9\\u0648\\u0631\\u0633 \\u0645\\u0636\\u0627\\u0645\\u06cc\\u0646\",\"email_templates\":\"\\u0627\\u06cc \\u0645\\u06cc\\u0644 \\u0633\\u0627\\u0646\\u0686\\u06d2\",\"exams\":\"\\u0627\\u0645\\u062a\\u062d\\u0627\\u0646\\u0627\\u062a\",\"categories\":\"\\u0627\\u0642\\u0633\\u0627\\u0645\",\"question_bank\":\"\\u0633\\u0648\\u0627\\u0644 \\u0628\\u06cc\\u0646\\u06a9\",\"quiz\":\"\\u06a9\\u0648\\u0626\\u0632\",\"lms\":\"LMS\",\"content\":\"\\u0645\\u0648\\u0627\\u062f\",\"study_materials\":\"\\u0645\\u0637\\u0627\\u0644\\u0639\\u06c1 \\u0645\\u0648\\u0627\\u062f\",\"library\":\"\\u0644\\u0627\\u0626\\u0628\\u0631\\u06cc\\u0631\\u06cc\",\"asset_types\":\"\\u0627\\u062b\\u0627\\u062b\\u06c1 \\u06a9\\u06cc \\u0627\\u0642\\u0633\\u0627 \\u0645\",\"master_data\":\"\\u0645\\u0627\\u0633\\u0679\\u0631 \\u0688\\u06cc\\u0679\\u0627\",\"publishers\":\"\\u0646\\u0627\\u0634\\u0631\\u06cc\\u0646\",\"authors\":\"\\u0645\\u0635\\u0646\\u0641\\u06cc\\u0646\",\"students\":\"\\u0637\\u0644\\u0628\\u0627\\u0621\",\"staff\":\"\\u0627\\u0633\\u0679\\u0627\\u0641\",\"school_hub\":\"\\u0633\\u06a9\\u0648\\u0644 \\u062d\\u0628\",\"attendance\":\"\\u062d\\u0627\\u0636\\u0631\\u06cc\",\"edit\":\"\\u062a\\u0635\\u06cc\\u062d\",\"delete\":\"\\u062d\\u0630\\u0641 \\u06a9\\u0631\\u06cc\\u06ba\",\"enable\":\"\\u0641\\u0639\\u0627\\u0644\",\"set_default\":\"\\u067e\\u06c1\\u0644\\u06d2 \\u0633\\u06d2 \\u0637\\u06d2 \\u0634\\u062f\\u06c1\",\"disable\":\"\\u063a\\u06cc\\u0631 \\u0641\\u0639\\u0627\\u0644 \\u06a9\\u0631\\u06cc\\u06ba\",\"user_statistics\":\"\\u06cc\\u0648\\u0632\\u0631 \\u06a9\\u06d2 \\u0627\\u0639\\u062f\\u0627\\u062f\\u0648\\u0634\\u0645\\u0627\\u0631\",\"view_all\":\"\\u0633\\u0628 \\u062f\\u06cc\\u06a9\\u06be\\u06cc\\u06ba\",\"quiz_categories\":\"\\u06a9\\u0648\\u0626\\u0632 \\u062c\\u0627\\u062a\",\"quizzes\":\"QUIZZES\",\"subjects\":\"\\u0645\\u0636\\u0627\\u0645\\u06cc\\u0646\",\"topics\":\"\\u0645\\u0648\\u0636\\u0648\\u0639\\u0627\\u062a\",\"questions\":\"\\u0633\\u0648\\u0627\\u0644\\u0627\\u062a\",\"are_you_sure\":\"Are You Sure\",\"you_will_not_be_able_to_recover_this_record\":\"You Will Not Be Able To Recover This Record\",\"yes\":\"Yes\",\"delete_it\":\"Delete It\",\"no\":\"No\",\"cancel_please\":\"Cancel Please\",\"your_record_has_been_deleted\":\"Your Record Has Been Deleted\",\"cancelled\":\"Cancelled\",\"your_record_is_safe\":\"Your Record Is Safe\",\"themes\":\"Themes\",\"send_push_notification\":\"Send Push Notification\",\"exam_types\":\"Exam Types\",\"exam_series\":\"Exam Series\",\"instructions\":\"Instructions\",\"coupons\":\"Coupons\",\"list\":\"List\",\"add\":\"Add\",\"contents\":\"Contents\",\"series\":\"Series\",\"resumes_templates\":\"Resumes Templates\",\"payment_reports\":\"Payment Reports\",\"online_payments\":\"Online Payments\",\"offline_payments\":\"Offline Payments\",\"export\":\"Export\",\"notifications\":\"Notifications\",\"messages\":\"Messages\",\"feedback\":\"Feedback\",\"pages\":\"Pages\",\"blogs\":\"Blogs\",\"faqs\":\"Faqs\",\"settings\":\"Settings\",\"please_wait\":\"Please Wait\",\"update_strings\":\"Update Strings\"}',	'2016-08-23 04:38:33',	'2019-06-11 04:02:34'),
(9,	'English',	'english-1',	'en',	0,	1,	'{\"success\":\"Success\",\"record_updated_successfully\":\"Record Updated Successfully\",\"languages\":\"Languages\",\"create\":\"Create\",\"language\":\"Language\",\"code\":\"Code\",\"is_rtl\":\"Is Rtl\",\"default_language\":\"Default Language\",\"action\":\"Action\",\"deleted\":\"Deleted\",\"sorry\":\"Sorry\",\"cannot_delete_this_record_as\":\"Cannot Delete This Record As\",\"site_title\":\"Site Title\",\"latest_users\":\"Latest Users\",\"was_joined_as\":\"Was Joined As\",\"see_more\":\"See More\",\"my_profile\":\"My Profile\",\"change_password\":\"Change Password\",\"logout\":\"Logout\",\"dashboard\":\"Dashboard\",\"users\":\"Users\",\"exams\":\"Exams\",\"categories\":\"Categories\",\"question_bank\":\"Question Bank\",\"quiz\":\"Quiz\",\"master_settings\":\"Master Settings\",\"subjects_master\":\"Subjects Master\",\"subject_topics\":\"Subject Topics\",\"email_templates\":\"Email Templates\",\"settings\":\"Settings\",\"edit\":\"Edit\",\"delete\":\"Delete\",\"enable\":\"Enable\",\"set_default\":\"Set Default\",\"disable\":\"Disable\",\"add_user\":\"Add User\",\"name\":\"Name\",\"email\":\"Email\",\"image\":\"Image\",\"role\":\"Role\",\"edit_user\":\"Edit User\",\"list\":\"List\",\"update\":\"Update\",\"this_field_is_required\":\"This Field Is Required\",\"the_text_is_too_short\":\"The Text Is Too Short\",\"the_text_is_too_long\":\"The Text Is Too Long\",\"invalid_input\":\"Invalid Input\",\"please_enter_valid_email\":\"Please Enter Valid Email\",\"select_role\":\"Select Role\",\"add_language\":\"Add Language\",\"language_title\":\"Language Title\",\"language_code\":\"Language Code\",\"supported_language_codes\":\"Supported Language Codes\",\"no\":\"No\",\"yes\":\"Yes\",\"edit_language\":\"Edit Language\",\"add_users\":\"Add Users\",\"quiz_categories\":\"Quiz Categories\",\"category\":\"Category\",\"description\":\"Description\",\"create_category\":\"Create Category\",\"category_name\":\"Category Name\",\"please_upload_valid_image_type\":\"Please Upload Valid Image Type\",\"edit_author\":\"Edit Author\",\"question_subjects\":\"Question Subjects\",\"add_subject\":\"Add Subject\",\"subject\":\"Subject\",\"view_questions\":\"View Questions\",\"add\":\"Add\",\"subjects\":\"Subjects\",\"subject_title\":\"Subject Title\",\"subject_code\":\"Subject Code\",\"is_lab\":\"Is Lab\",\"is_elective\":\"Is Elective\",\"maximum_marks\":\"Maximum Marks\",\"please_enter_valid_number\":\"Please Enter Valid Number\",\"pass_marks\":\"Pass Marks\",\"please_enter_valid_maximum_marks\":\"Please Enter Valid Maximum Marks\",\"please_enter_valid_pass_marks\":\"Please Enter Valid Pass Marks\",\"pass_marks_cannot_be_greater_than_maximum_marks\":\"Pass Marks Cannot Be Greater Than Maximum Marks\",\"password\":\"Password\",\"login\":\"Login\",\"forgot_password\":\"Forgot Password\",\"register\":\"Register\",\"questions\":\"Questions\",\"topic\":\"Topic\",\"type\":\"Type\",\"question\":\"Question\",\"marks\":\"Marks\",\"difficulty\":\"Difficulty\",\"subjects_list\":\"Subjects List\",\"max_marks\":\"Max Marks\",\"topics_list\":\"Topics List\",\"parent\":\"Parent\",\"title\":\"Title\",\"from_email\":\"From Email\",\"from_name\":\"From Name\",\"quizzes\":\"Quizzes\",\"dueration\":\"Dueration\",\"is_paid\":\"Is Paid\",\"total_marks\":\"Total Marks\",\"update_questions\":\"Update Questions\",\"free\":\"Free\",\"paid\":\"Paid\",\"module\":\"Module\",\"key\":\"Key\",\"view\":\"View\",\"add_setting\":\"Add Setting\",\"edit_topic\":\"Edit Topic\",\"topics\":\"Topics\",\"select_parent\":\"Select Parent\",\"topic_name\":\"Topic Name\",\"edit_template\":\"Edit Template\",\"welcome\":\"Welcome\",\"content\":\"Content\",\"email_content\":\"Email Content\",\"create_template\":\"Create Template\",\"select\":\"Select\",\"add_topic\":\"Add Topic\",\"user_statistics\":\"User Statistics\",\"view_all\":\"View All\",\"edit_subject\":\"Edit Subject\",\"user_registration\":\"User Registration\",\"password_confirmation\":\"Password Confirmation\",\"password_and_confirm_password_does_not_match\":\"Password And Confirm Password Does Not Match\",\"i_am_a_student\":\"I Am A Student\",\"i_am_a_parent\":\"I Am A Parent\",\"register_now\":\"Register Now\",\"i_am_having_account\":\"I Am Having Account\",\"children\":\"Children\",\"edit_profile\":\"Edit Profile\",\"buy_package\":\"Buy Package\",\"all_exams\":\"All Exams\",\"recent_activity\":\"Recent Activity\",\"mins\":\"Mins\",\"old_password\":\"Old Password\",\"new_password\":\"New Password\",\"retype_password\":\"Retype Password\",\"exam_already_submitted\":\"Exam Already Submitted\",\"history\":\"History\",\"analysis\":\"Analysis\",\"by_subjcet\":\"By Subjcet\",\"by_exam\":\"By Exam\",\"subscriptions\":\"Subscriptions\",\"plans\":\"Plans\",\"invoices\":\"Invoices\",\"exam_analysis\":\"Exam Analysis\",\"attempts\":\"Attempts\",\"analysis_by_exam\":\"Analysis By Exam\",\"of\":\"Of\",\"exam_attempt\":\"Exam Attempt\",\"marks_obtained\":\"Marks Obtained\",\"exam_aborted\":\"Exam Aborted\",\"take_exam\":\"Take Exam\",\"exam_name\":\"Exam Name\",\"explanation\":\"Explanation\",\"previous\":\"Previous\",\"mark_for_review\":\"Mark For Review\",\"next\":\"Next\",\"clear_answer\":\"Clear Answer\",\"finish\":\"Finish\",\"total_time\":\"Total Time\",\"summary\":\"Summary\",\"answered\":\"Answered\",\"marked\":\"Marked\",\"not_answered\":\"Not Answered\",\"not_visited\":\"Not Visited\",\"subscription_plans\":\"Subscription Plans\",\"it_is_a\":\"It Is A\",\"ooops__!\":\"Ooops..!\",\"you_have_no_permission_to_access\":\"You Have No Permission To Access\",\"correct\":\"Correct\",\"wrong\":\"Wrong\",\"overall_performance\":\"Overall Performance\",\"performance\":\"Performance\",\"best_performance_in_all_quizzes\":\"Best Performance In All Quizzes\",\"view_analysis\":\"View Analysis\",\"you_already_subscribed_to_use_this_system___\":\"You Already Subscribed To Use This System...\",\"sno\":\"Sno\",\"date\":\"Date\",\"total\":\"Total\",\"download\":\"Download\",\"overall_subject_wise_analysis\":\"Overall Subject Wise Analysis\",\"update_questions_for\":\"Update Questions For\",\"page_not_found\":\"Page Not Found\",\"ooops___!\":\"Ooops...!\",\"inter_mathematicss__have_no_topics,_please_add_topics_to_upload_questions\":\"Inter Mathematicss  Have No Topics, Please Add Topics To Upload Questions\",\"upload_question\":\"Upload Question\",\"question_file\":\"Question File\",\"difficulty_level\":\"Difficulty Level\",\"hint\":\"Hint\",\"question_type\":\"Question Type\",\"total_options\":\"Total Options\",\"answer_number\":\"Answer Number\",\"total_correct_answers\":\"Total Correct Answers\",\"total_blank_answers\":\"Total Blank Answers\",\"left_title\":\"Left Title\",\"right_title\":\"Right Title\",\"left_option\":\"Left Option\",\"total_questions\":\"Total Questions\",\"create_quiz\":\"Create Quiz\",\"quiz_title\":\"Quiz Title\",\"enter_value_in_minutes\":\"Enter Value In Minutes\",\"it_will_be_updated_by_adding_the_questions\":\"It Will Be Updated By Adding The Questions\",\"pass_percentage\":\"Pass Percentage\",\"edit_quiz\":\"Edit Quiz\",\"currently_you_have_not_subscribed_to_any_plan\":\"Currently You Have Not Subscribed To Any Plan\",\"subscription_was_successfull\":\"Subscription Was Successfull\",\"congrats_you_account_is_successfully_subscribed_with\":\"Congrats You Account Is Successfully Subscribed With\",\"plan_with_transaction_no\":\"Plan With Transaction No\",\"record_added_successfully\":\"Record Added Successfully\",\"user_details\":\"User Details\",\"details_of\":\"Details Of\",\"reports\":\"Reports\",\"exam_history\":\"Exam History\",\"view_details\":\"View Details\",\"by_subject\":\"By Subject\",\"exam_attempts_and_score\":\"Exam Attempts And Score\",\"quiz_attempts\":\"Quiz Attempts\",\"percentage\":\"Percentage\",\"grade\":\"Grade\",\"result\":\"Result\",\"attempted_on\":\"Attempted On\",\"edit_question\":\"Edit Question\",\"password_updated_successfully\":\"Password Updated Successfully\",\"result_for\":\"Result For\",\"score\":\"Score\",\"toppers_in_this_exam\":\"Toppers In This Exam\",\"the_password_is_too_short\":\"The Password Is Too Short\",\"explanation_file\":\"Explanation File\",\"negative_mark\":\"Negative Mark\",\"time_to_spend\":\"Time To Spend\",\"in_seconds\":\"In Seconds\",\"having_negative_mark\":\"Having Negative Mark\",\"asset_belongs_to_subject\":\"Asset Belongs To Subject\",\"is_having_url\":\"Is Having Url\",\"question_file_is_url\":\"Question File Is Url\",\"instructions\":\"Instructions\",\"add_instructions\":\"Add Instructions\",\"edit_instruction\":\"Edit Instruction\",\"instructions_page\":\"Instructions Page\",\"record_deleted_successfully\":\"Record Deleted Successfully\",\"category_deleted_successfully\":\"Category Deleted Successfully\",\"setting_key\":\"Setting Key\",\"value\":\"Value\",\"setting_value\":\"Setting Value\",\"edit_settings\":\"Edit Settings\",\"subject_wise_analysis\":\"Subject Wise Analysis\",\"in\":\"In\",\"exam\":\"Exam\",\"my_bookmarks\":\"My Bookmarks\",\"record_bookmarked\":\"Record Bookmarked\",\"bookmark_already_available\":\"Bookmark Already Available\",\"bookmark_removed\":\"Bookmark Removed\",\"added_to_bookmarks\":\"Added To Bookmarks\",\"unbookmark_this_question\":\"Unbookmark This Question\",\"bookmark_this_question\":\"Bookmark This Question\",\"remove_from_bookmarks\":\"Remove From Bookmarks\",\"cost\":\"Cost\",\"validity\":\"Validity\",\"total_exams\":\"Total Exams\",\"create_series\":\"Create Series\",\"exam_series\":\"Exam Series\",\"series_title\":\"Series Title\",\"validity_in_days\":\"Validity In Days\",\"it_will_be_updated_by_adding_the_exams\":\"It Will Be Updated By Adding The Exams\",\"short_description\":\"Short Description\",\"add_exam_series\":\"Add Exam Series\",\"update_quizzes\":\"Update Quizzes\",\"edit_series\":\"Edit Series\",\"under_construction\":\"Under Construction\",\"exam_categories\":\"Exam Categories\",\"update_series_for\":\"Update Series For\",\"saved_exams\":\"Saved Exams\",\"no_data_available\":\"No Data Available\",\"remove_all\":\"Remove All\",\"add_series\":\"Add Series\",\"no_settings_available\":\"No Settings Available\",\"oops\":\"Oops\",\"invalid_record\":\"Invalid Record\",\"details\":\"Details\",\"advantages_of_this_package\":\"Advantages Of This Package\",\"it_includes\":\"It Includes\",\"overview\":\"Overview\",\"days\":\"Days\",\"pay_now\":\"Pay Now\",\"valid_for\":\"Valid For\",\"apply\":\"Apply\",\"enter_coupon_code\":\"Enter Coupon Code\",\"paypal\":\"Paypal\",\"payu\":\"Payu\",\"your_subscription_was_successfull\":\"Your Subscription Was Successfull\",\"subscriptions_list\":\"Subscriptions List\",\"plan_type\":\"Plan Type\",\"start_date\":\"Start Date\",\"end_date\":\"End Date\",\"paid_through\":\"Paid Through\",\"coupon_applied\":\"Coupon Applied\",\"your_payment_was_cancelled\":\"Your Payment Was Cancelled\",\"status\":\"Status\",\"paid_from\":\"Paid From\",\"datetime\":\"Datetime\",\"phone\":\"Phone\",\"please_enter_valid_phone_number\":\"Please Enter Valid Phone Number\",\"address\":\"Address\",\"billing_address\":\"Billing Address\",\"couponcodes\":\"Couponcodes\",\"coupons\":\"Coupons\",\"usage\":\"Usage\",\"discount\":\"Discount\",\"minimum_bill\":\"Minimum Bill\",\"maximum_discount\":\"Maximum Discount\",\"limit\":\"Limit\",\"create_coupon\":\"Create Coupon\",\"coupon_code\":\"Coupon Code\",\"percent\":\"Percent\",\"discount_type\":\"Discount Type\",\"discount_value\":\"Discount Value\",\"discount_maximum_amoumt\":\"Discount Maximum Amoumt\",\"valid_from\":\"Valid From\",\"valid_to\":\"Valid To\",\"attendance_date\":\"Attendance Date\",\"usage_limit\":\"Usage Limit\",\"edit_coupon\":\"Edit Coupon\",\"checkout\":\"Checkout\",\"minimum_bill_not_reached__this_is_valid_for_minimum_purchase_of_$_100_00\":\"Minimum Bill Not Reached. This Is Valid For Minimum Purchase Of $ 100.00\",\"invalid_coupon\":\"Invalid Coupon\",\"hey_you_are_eligible_for_discount\":\"Hey You Are Eligible For Discount\",\"limit_reached\":\"Limit Reached\",\"hey\":\"Hey\",\"you_already_purchased_this_item\":\"You Already Purchased This Item\",\"hey_peter\":\"Hey Peter\",\"buy_now\":\"Buy Now\",\"start_series\":\"Start Series\",\"lms_categories\":\"Lms Categories\",\"lms_content\":\"Lms Content\",\"author\":\"Author\",\"masters\":\"Masters\",\"select_category\":\"Select Category\",\"content_type\":\"Content Type\",\"is_series\":\"Is Series\",\"series\":\"Series\",\"resource_link\":\"Resource Link\",\"coupons_usage\":\"Coupons Usage\",\"lms\":\"Lms\",\"study_materials\":\"Study Materials\",\"edit_category\":\"Edit Category\",\"contents\":\"Contents\",\"create_content\":\"Create Content\",\"add_content\":\"Add Content\",\"enter_search_term\":\"Enter Search Term\",\"search_term\":\"Search Term\",\"select_subject\":\"Select Subject\",\"file_path\":\"File Path\",\"lms_file\":\"Lms File\",\"updated_at\":\"Updated At\",\"lms_contents\":\"Lms Contents\",\"lms_series\":\"Lms Series\",\"total_items\":\"Total Items\",\"add_lms_series\":\"Add Lms Series\",\"lms_category\":\"Lms Category\",\"notifications\":\"Notifications\",\"url\":\"Url\",\"add_notification\":\"Add Notification\",\"edit_notification\":\"Edit Notification\",\"posted_on\":\"Posted On\",\"file_type\":\"File Type\",\"today\":\"Today\",\"read_more\":\"Read More\",\"items\":\"Items\",\"view_more\":\"View More\",\"learning_management_series\":\"Learning Management Series\",\"premium\":\"Premium\",\"import_excel\":\"Import Excel\",\"import_users\":\"Import Users\",\"upload\":\"Upload\",\"answers\":\"Answers\",\"attempted\":\"Attempted\",\"time_spent_on_correct_answers\":\"Time Spent On Correct Answers\",\"time_spent_on_wrong_answers\":\"Time Spent On Wrong Answers\",\"overall_marks_analysis\":\"Overall Marks Analysis\",\"spent_on_correct\":\"Spent On Correct\",\"spent_on_wrong\":\"Spent On Wrong\",\"spent_time\":\"Spent Time\",\"congrats_you_are_the_new_top_10_scorer_of_this_exam\":\"Congrats You Are The New Top 10 Scorer Of This Exam\",\"consumed_time\":\"Consumed Time\",\"total_time_in_sec\":\"Total Time In Sec\",\"view_key\":\"View Key\",\"click_on_toper_to_compare_your_score\":\"Click On Toper To Compare Your Score\",\"report\":\"Report\",\"reason\":\"Reason\",\"failed\":\"Failed\",\"download_template\":\"Download Template\",\"import_subjects\":\"Import Subjects\",\"import\":\"Import\",\"id\":\"Id\",\"record_already_exists_with_this_title\":\"Record Already Exists With This Title\",\"minimum_marks\":\"Minimum Marks\",\"import_topics\":\"Import Topics\",\"topic_id\":\"Topic Id\",\"topic_(id)\":\"Topic (id)\",\"invalid_subject_id\":\"Invalid Subject Id\",\"unknown_error_occurred\":\"Unknown Error Occurred\",\"subject_id\":\"Subject Id\",\"operating_systems__have_no_topics,_please_add_topics_to_upload_questions\":\"Operating Systems  Have No Topics, Please Add Topics To Upload Questions\",\"import_questions\":\"Import Questions\",\"single_answers\":\"Single Answers\",\"multi_answers\":\"Multi Answers\",\"fill_blanks\":\"Fill Blanks\",\"match_the_following\":\"Match The Following\",\"paragraph\":\"Paragraph\",\"this_question_is_not_type_of_\":\"This Question Is Not Type Of \",\"topic_not_available_with_subject\":\"Topic Not Available With Subject\",\"insufficient_answers\":\"Insufficient Answers\",\"invalid_difficulty_level\":\"Invalid Difficulty Level\",\"total_answers\":\"Total Answers\",\"single_answer\":\"Single Answer\",\"multi_answer\":\"Multi Answer\",\"fill_the_blanks\":\"Fill The Blanks\",\"this_question_is_not_type_of__blank\":\"This Question Is Not Type Of  Blank\",\"exam_toppers\":\"Exam Toppers\",\"your_current_rank_id_is\":\"Your Current Rank Id Is\",\"outof\":\" Outof\",\"out_of\":\" Out Of\",\"compare\":\"Compare\",\"view_answers\":\"View Answers\",\"exam_details\":\"Exam Details\",\"total_users\":\"Total Users\",\"correct_answers\":\"Correct Answers\",\"wrong_answers\":\"Wrong Answers\",\"time_taken_for_correct_answers\":\"Time Taken For Correct Answers\",\"time_spent_on_not_answers\":\"Time Spent On Not Answers\",\"your_result\":\"Your Result\",\"your_best_rank_is\":\"Your Best Rank Is\",\"feed_backs\":\"Feed Backs\",\"give_feedback\":\"Give Feedback\",\"enter_your_feedback_here\":\"Enter Your Feedback Here\",\"send\":\"Send\",\"feedback_form\":\"Feedback Form\",\"feedback_submitted_successfully\":\"Feedback Submitted Successfully\",\"feedback_details\":\"Feedback Details\",\"feedbacks\":\"Feedbacks\",\"back\":\"Back\",\"deleted_successfully\":\"Deleted Successfully\",\"feedback\":\"Feedback\",\"create_message\":\"Create Message\",\"messages\":\"Messages\",\"inbox\":\"Inbox\",\"compose\":\"Compose\",\"send_message\":\"Send Message\",\"this_question_is_not_type_of__radio\":\"This Question Is Not Type Of  Radio\",\"upload_questions\":\"Upload Questions\",\"time_spent_correct_answers\":\"Time Spent Correct Answers\",\"time_spent_wrong_answers\":\"Time Spent Wrong Answers\",\"this_question_is_not_type_of__blanks\":\"This Question Is Not Type Of  Blanks\",\"this_question_is_not_type_of__checkbox\":\"This Question Is Not Type Of  Checkbox\",\"data_structures__have_no_topics,_please_add_topics_to_upload_questions\":\"Data Structures  Have No Topics, Please Add Topics To Upload Questions\",\"information_technology__have_no_topics,_please_add_topics_to_upload_questions\":\"Information Technology  Have No Topics, Please Add Topics To Upload Questions\",\"username\":\"Username\",\"please_subscribe_to_use_this_quiz\":\"Please Subscribe To Use This Quiz\",\"option_value\":\"Option Value\",\"option_text\":\"Option Text\",\"make_default\":\"Make Default\",\"currency\":\"Currency\",\"account_type\":\"Account Type\",\"site_address\":\"Site Address\",\"site_city\":\"Site City\",\"site_logo\":\"Site Logo\",\"site_favicon\":\"Site Favicon\",\"site_state\":\"Site State\",\"site_country\":\"Site Country\",\"site_zipcode\":\"Site Zipcode\",\"site_phone\":\"Site Phone\",\"meta_description\":\"Meta Description\",\"meta_keywords\":\"Meta Keywords\",\"payment_gateway_payu\":\"Payment Gateway Payu\",\"payment_gateway_paypal\":\"Payment Gateway Paypal\",\"invalid_setting\":\"Invalid Setting\",\"merchantkey\":\"Merchantkey\",\"payu_salt\":\"Payu Salt\",\"payu_merchantkey\":\"Payu Merchantkey\",\"payu_workingkey\":\"Payu Workingkey\",\"payu_mode\":\"Payu Mode\",\"enter_value\":\"Enter Value\",\"discount_maximum_amount\":\"Discount Maximum Amount\",\"id_paid\":\"Id Paid\",\"exams_are_in_use_for_this_category\":\"Exams Are In Use For This Category\",\"no_records_available\":\"No Records Available\",\"invalid_subject\":\"Invalid Subject\",\"demo_subject__have_no_topics,_please_add_topics_to_upload_questions\":\"Demo Subject  Have No Topics, Please Add Topics To Upload Questions\",\"start_exam\":\"Start Exam\",\"please_accept_terms_and_conditions\":\"Please Accept Terms And Conditions\",\"please_read_the_instructions_carefully\":\"Please Read The Instructions Carefully\",\"general_instructions\":\"General Instructions\",\"site_coupons\":\"Site Coupons\",\"select_your_child\":\"Select Your Child\",\"already_in_use\":\"Already In Use\",\"please_add_children_to_continue_payment\":\"Please Add Children To Continue Payment\",\"topper_percentage\":\"Topper Percentage\",\"update_strings\":\"Update Strings\",\"home\":\"Home\",\"faqs\":\"Faqs\",\"about_us\":\"About Us\",\"contact_us\":\"Contact Us\",\"admin_dashboard\":\"Admin Dashboard\",\"overall_users\":\"Overall Users\",\"roles\":\"Roles\",\"fee_settings\":\"Fee Settings\",\"fee_categories\":\"Fee Categories\",\"fee_category_allotment\":\"Fee Category Allotment\",\"fee_particulars\":\"Fee Particulars\",\"fee_schedules\":\"Fee Schedules\",\"fines\":\"Fines\",\"discounts\":\"Discounts\",\"religions_master\":\"Religions Master\",\"academics_master\":\"Academics Master\",\"courses_master\":\"Courses Master\",\"course_subjects\":\"Course Subjects\",\"library\":\"Library\",\"asset_types\":\"Asset Types\",\"master_data\":\"Master Data\",\"publishers\":\"Publishers\",\"authors\":\"Authors\",\"students\":\"Students\",\"staff\":\"Staff\",\"school_hub\":\"School Hub\",\"attendance\":\"Attendance\",\"update_details\":\"Update Details\",\"tool_tip\":\"Tool Tip\",\"test\":\"Test\",\"paypaltool\":\"Paypaltool\",\"pavanvalue\":\"Pavanvalue\",\"offline_payment\":\"Offline Payment\",\"click_here_to_update_payment_details\":\"Click Here To Update Payment Details\",\"offline_payment_form\":\"Offline Payment Form\",\"offline_payment_information\":\"Offline Payment Information\",\"offline_payment_instructions\":\"Offline Payment Instructions\",\"payment_details\":\"Payment Details\",\"submit\":\"Submit\",\"your_request_was_submitted_to_admin_with_reference_5a41d36fb3a6fdc49fc1818f0e2bf6d42694dbf8\":\"Your Request Was Submitted To Admin With Reference 5a41d36fb3a6fdc49fc1818f0e2bf6d42694dbf8\",\"your_request_was_submitted_to_admin_with_reference_a0ed34accbd54955a7990a3b86de1702990c0d46\":\"Your Request Was Submitted To Admin With Reference A0ed34accbd54955a7990a3b86de1702990c0d46\",\"your_request_was_submitted_to_admin\":\"Your Request Was Submitted To Admin\",\"logged_out_successfully\":\"Logged Out Successfully\",\"view_profile\":\"View Profile\",\"user_roles\":\"User Roles\",\"permissions\":\"Permissions\",\"add_role\":\"Add Role\",\"role_name\":\"Role Name\",\"display_name\":\"Display Name\",\"list_roles\":\"List Roles\",\"religions\":\"Religions\",\"this_field_id_required\":\"This Field Id Required\",\"account_settings\":\"Account Settings\",\"no_categories_available\":\"No Categories Available\",\"click_here_to_change_your_preferences\":\"Click Here To Change Your Preferences\",\"no_series_available\":\"No Series Available\",\"module_payu\":\"Module Payu\",\"messaging\":\"Messaging\",\"push_notifications\":\"Push Notifications\",\"pusher_app_id\":\"Pusher App Id\",\"pusher_key\":\"Pusher Key\",\"pusher_secret\":\"Pusher Secret\",\"one_signal_app_id\":\"One Signal App Id\",\"one_signal_subdomain_name\":\"One Signal Subdomain Name\",\"default\":\"Default\",\"driver\":\"Driver\",\"logo\":\"Logo\",\"left_sign_image\":\"Left Sign Image\",\"right_sign_image\":\"Right Sign Image\",\"left_sign_name\":\"Left Sign Name\",\"right_sign_name\":\"Right Sign Name\",\"left_sign_designation\":\"Left Sign Designation\",\"right_sign_designation\":\"Right Sign Designation\",\"watermark_image\":\"Watermark Image\",\"bottom_middle_logo\":\"Bottom Middle Logo\",\"generate_certificate\":\"Generate Certificate\",\"certificate_generation\":\"Certificate Generation\",\"certificate\":\"Certificate\",\"certificate_for\":\"Certificate For\",\"print\":\"Print\",\"payment_statistics\":\"Payment Statistics\",\"cancelled\":\"Cancelled\",\"pending\":\"Pending\",\"payment_monthly_statistics\":\"Payment Monthly Statistics\",\"payments_reports_in\":\"Payments Reports In\",\"overall_statistics\":\"Overall Statistics\",\"demanding_quizzes\":\"Demanding Quizzes\",\"quizzes_usage\":\"Quizzes Usage\",\"demanding\":\"Demanding\",\"paid_quizzes_usage\":\"Paid Quizzes Usage\",\"overall\":\"Overall\",\"payment_reports\":\"Payment Reports\",\"online_payments\":\"Online Payments\",\"offline_payments\":\"Offline Payments\",\"payments\":\"Payments\",\"success_list\":\"Success List\",\"user_name\":\"User Name\",\"item\":\"Item\",\"plan\":\"Plan\",\"payment_gateway\":\"Payment Gateway\",\"payment_status\":\"Payment Status\",\"export\":\"Export\",\"export_payments_report\":\"Export Payments Report\",\"all_records\":\"All Records\",\"from\":\"From\",\"to\":\"To\",\"payment_type\":\"Payment Type\",\"all\":\"All\",\"online\":\"Online\",\"offline\":\"Offline\",\"download_excel\":\"Download Excel\",\"from_date\":\"From Date\",\"to_date\":\"To Date\",\"export_payment_records\":\"Export Payment Records\",\"offline_payment_details\":\"Offline Payment Details\",\"notes\":\"Notes\",\"created_at\":\"Created At\",\"approve\":\"Approve\",\"reject\":\"Reject\",\"close\":\"Close\",\"comments\":\"Comments\",\"record_was_updated_successfully\":\"Record Was Updated Successfully\",\"send_sms\":\"Send Sms\",\"sms_to\":\"Sms To\",\"parents\":\"Parents\",\"admins\":\"Admins\",\"for_category\":\"For Category\",\"selected\":\"Selected\",\"message_template\":\"Message Template\",\"messges_sent_successfully_for_25_users\":\"Messges Sent Successfully For 25 Users\",\"messges_sent_successfully_for_0_users\":\"Messges Sent Successfully For 0 Users\",\"messges_sent_successfully_for_1_users\":\"Messges Sent Successfully For 1 Users\",\"no_users_available_with_the_combination\":\"No Users Available With The Combination\",\"info\":\"Info\",\"sms\":\"Sms\",\"this_record_is_in_use_in_other_modules\":\"This Record Is In Use In Other Modules\",\"show_foreign_key_constraint\":\"Show Foreign Key Constraint\",\"duration\":\"Duration\",\"examseries\":\"Examseries\",\"minimum_bill_not_reached__this_is_valid_for_minimum_purchase_of_$_111_00\":\"Minimum Bill Not Reached. This Is Valid For Minimum Purchase Of $ 111.00\",\"hey_student\":\"Hey Student\",\"are_you_sure\":\"Are You Sure\",\"you_will_not_be_able_to_recover_this_record\":\"You Will Not Be Able To Recover This Record\",\"delete_it\":\"Delete It\",\"cancel_please\":\"Cancel Please\",\"your_record_has_been_deleted\":\"Your Record Has Been Deleted\",\"your_record_is_safe\":\"Your Record Is Safe\",\"enter_maximum_amount\":\"Enter Maximum Amount\",\"enter_usage_limit_per_user\":\"Enter Usage Limit Per User\",\"please_enter_10-15_digit_mobile_number\":\"Please Enter 10-15 Digit Mobile Number\",\"please_enter_your_address\":\"Please Enter Your Address\",\"upload_excel\":\"Upload Excel\",\"easy\":\"Easy\",\"medium\":\"Medium\",\"hard\":\"Hard\",\"fill_in_the_blanks\":\"Fill In The Blanks\",\"video\":\"Video\",\"saved_questions\":\"Saved Questions\",\"introduction\":\"Introduction\",\"description_of_the_topic\":\"Description Of The Topic\",\"after_discount\":\"After Discount\",\"hey_rajesh\":\"Hey Rajesh\",\"file_type_not_allowed\":\"File Type Not Allowed\",\"enter_category_name\":\"Enter Category Name\",\"oops___!\":\"Oops...!\",\"improper_sheet_uploaded\":\"Improper Sheet Uploaded\",\"congrats you are the new top 10 scorer of this exam\":\"Congrats You Are The New Top 10 Scorer Of This Exam\",\"click on toper to compare your score\":\"Click On Toper To Compare Your Score\",\"it will be updated by adding the exams\":\"It Will Be Updated By Adding The Exams\",\"it will be updated by adding the questions\":\"It Will Be Updated By Adding The Questions\",\"topic (id)\":\"Topic (id)\",\"ooops...!\":\"Ooops...!\",\"page not found\":\"Page Not Found\",\"exam_duration\":\"Exam Duration\",\"hints\":\"Hints\",\"quiz_and_exam_series\":\"Quiz And Exam Series\",\"time_limit\":\"Time Limit\",\"time_taken\":\"Time Taken\",\"bookmarks\":\"Bookmarks\",\"email content\":\"Email Content\",\"ooops..!\":\"Ooops..!\",\"no records available\":\"No Records Available\",\"reset_password\":\"Reset Password\",\"reset_link_sent\":\"Reset Link Sent\",\"oops..!\":\"Oops..!\",\"invalid_email\":\"Invalid Email\",\"password_reset_link_sent_to_email\":\"Password Reset Link Sent To Email\",\"cannot_change_password\":\"Cannot Change Password\",\"update_lms\":\"Update Lms\",\"enter_minimum_bill\":\"Enter Minimum Bill\",\"time\":\"Time\",\"time_is_shown_in_seconds\":\"Time Is Shown In Seconds\",\"mail_driver\":\"Mail Driver\",\"mail_host\":\"Mail Host\",\"mail_port\":\"Mail Port\",\"mail_username\":\"Mail Username\",\"mail_password\":\"Mail Password\",\"mail_encryption\":\"Mail Encryption\",\"payu_merchant_key\":\"Payu Merchant Key\",\"payu_working_key\":\"Payu Working Key\",\"payu_test_mode\":\"Payu Test Mode\",\"payu_testmode\":\"Payu Testmode\",\"one_signal_user_id\":\"One Signal User Id\",\"messaging_system_for\":\"Messaging System For\",\"facebook_login\":\"Facebook Login\",\"google_plus_login\":\"Google Plus Login\",\"record_added_successfully_with_password \":\"Record Added Successfully With Password \",\"\\\\ncannot_send_email_to_user, please_check_your_server_settings\":\"\\\\ncannot Send Email To User, Please Check Your Server Settings\",\"coupon_codes\":\"Coupon Codes\",\"supported_formats are\":\"Supported Formats Are\",\"it will be updated by adding the lms items\":\"It Will Be Updated By Adding The Lms Items\",\"saved_items\":\"Saved Items\",\"warning\":\"Warning\",\"don_not_press_back\\/refresh_button\":\"Don Not Press Back\\/refresh Button\",\"billing_details\":\"Billing Details\",\"exam_analysis_by_attempts\":\"Exam Analysis By Attempts\",\"your_payment_was cancelled\":\"Your Payment Was Cancelled\",\"do_not_refresh_this_page\":\"Do Not Refresh This Page\",\"cart_subtotal\":\"Cart Subtotal\",\"order_total\":\"Order Total\",\"hey adam\":\"Hey Adam\",\"email_address\":\"Email Address\",\"confirm_password\":\"Confirm Password\",\"password_changed_successfully\":\"Password Changed Successfully\",\"oops...!\":\"Oops...!\",\"system_timezone\":\"System Timezone\",\"phone_number_expression\":\"Phone Number Expression\",\"operations_are_disabled\":\"Operations Are Disabled\",\"crudoperations are disabled\":\"Crudoperations Are Disabled\",\"operations_are_disabled_in_demo_version\":\"Operations Are Disabled In Demo Version\",\"google_analytics\":\"Google Analytics\",\"please_wait\":\"Please Wait\",\"audio\":\"Audio\",\"negetive_mark\":\"Negetive Mark\",\"click_here_to_list_subjects\":\"Click Here To List Subjects\",\"educate\":\"Educate\",\"enlight\":\"Enlight\",\"enforce\":\"Enforce\",\"background_image\":\"Background Image\",\"currency_code\":\"Currency Code\",\"linked_in_login\":\"Linked In Login\",\"twitter_login\":\"Twitter Login\",\"update_parent\":\"Update Parent\",\"privacy-policy\":\"Privacy-policy\",\"terms-conditions\":\"Terms-conditions\",\"banner_title\":\"Banner Title\",\"banner_sub_title\":\"Banner Sub Title\",\"copyrights\":\"Copyrights\",\"facebook\":\"Facebook\",\"twitter\":\"Twitter\",\"linkedin\":\"Linkedin\",\"google\":\"Google\",\"banner_image1\":\"Banner Image1\",\"banner_image2\":\"Banner Image2\",\"banner_image3\":\"Banner Image3\",\"banner_image4\":\"Banner Image4\",\"front_image1\":\"Front Image1\",\"front_image2\":\"Front Image2\",\"front_image3\":\"Front Image3\",\"front_image4\":\"Front Image4\",\"front_image5\":\"Front Image5\",\"front_image6\":\"Front Image6\",\"you have registered successfully. please check your email address\":\"You Have Registered Successfully. Please Check Your Email Address\",\"do_not_press_back\\/refresh_button\":\"Do Not Press Back\\/refresh Button\",\"question_2nd_language\":\"Question 2nd Language\",\"explanation_2nd_language\":\"Explanation 2nd Language\",\"improper_data_in_the_question\":\"Improper Data In The Question\",\"exam_type\":\"Exam Type\",\"sub_topics\":\"Sub Topics\",\"show_in_front_end\":\"Show In Front End\",\"saved_questionsss\":\"Saved Questionsss\",\"save & next\":\"Save & Next\",\"answered & marked\":\"Answered & Marked\",\"practice_exams\":\"Practice Exams\",\"error! improper data submitted please try again\":\"Error! Improper Data Submitted Please Try Again\",\"rechaptcha_site_key\":\"Rechaptcha Site Key\",\"rechaptcha_secret_key\":\"Rechaptcha Secret Key\",\"nocaptcha_secret\":\"Nocaptcha Secret\",\"nocaptcha_sitekey\":\"Nocaptcha Sitekey\",\"error! please try again\":\"Error! Please Try Again\",\"table is already created\":\"Table Is Already Created\",\"application_updated_successfully\":\"Application Updated Successfully\",\"system_upgraded_successfully\":\"System Upgraded Successfully\",\"enable_rechaptcha\":\"Enable Rechaptcha\",\"practice_exam_must_be_non_paid_exam\":\"Practice Exam Must Be Non Paid Exam\",\"practice_exam_must_be_no_section_no_timer_exam\":\"Practice Exam Must Be No Section No Timer Exam\",\"exam_types\":\"Exam Types\",\"edit_exam_type\":\"Edit Exam Type\",\"exam_type_updated_successfully\":\"Exam Type Updated Successfully\",\"latest_quizzes\":\"Latest Quizzes\",\"latest\":\"Latest\",\"children_analysis\":\"Children Analysis\",\"hey student\":\"Hey Student\",\"razorpay\":\"Razorpay\",\"this payment has already been captured\":\"This Payment Has Already Been Captured\",\"undefined variable: other_details\":\"Undefined Variable: Other Details\",\"your_payment_done_successfully\":\"Your Payment Done Successfully\",\"minutes\":\"Minutes\",\"undefined variable: post \\/oes-staging\\/razoapay\\/success http\\/1.1\\r\\naccept:                    text\\/html,application\\/xhtml+xml,application\\/xml;q=0.9,image\\/webp,image\\/apng,*\\/*;q=0.8\\r\\naccept-encoding:           gzip, deflate, br\\r\\naccept-language:           en-gb,en-us;q=0.9,en;q=0.8\\r\\ncache-control:             max-age=0\\r\\nconnection:                keep-alive\\r\\ncontent-length:            309\\r\\ncontent-type:              application\\/x-www-form-urlencoded\\r\\ncookie:                    _ga=ga1.1.2088483531.1519802102; remember_web_59ba36addc2b2f9401580f014c7f58ea4e30989d=eyjpdii6ilwvbgvuz3g4odjnb0nkzhhkawxzvtrnpt0ilcj2ywx1zsi6ildlb3psbfwvvgwrrfjonfgxtle1nnb5swk4yngytfbhrnc4v1hkrfe0ttv6r0zzsghmdufvwerryvpuwnjmvjcwmzfkcjljb2f1ujhsnvbncw9rttaysvpwy3rkaevwm2jhmmxjmljmeecxehliq2ljr1bfzhvztle3evduchz2ru1mbnhgmtqxn0lmmejnag9xa3arqvuzdkniuly3uuv3rjfcl3ewemqywju3awvezhzhn3jpzefztllnd1u3m2t2iiwibwfjijoin2myzda2ntm5mmfmnwq4nmq5mzqymzuwogfkmmezmmi0nmrmmzdimzi3nwjmotg1yjcwzgi3yjk0yjiynjbjmij9; _gid=ga1.1.2016409626.1521520463; _gat=1; xsrf-token=eyjpdii6ilhmr01vzwdonstpwkk2mwx2m2neove9psisinzhbhvlijoizhrkdknnnzzsvfbntzfxdnf6ywnyqwxozedmewlgngtnuvwvte11ce9bdw1kttr5cevhng1zbvhpxc96dw1cq3dgdnfuywzlm3pvq0j3mhiybme2nxv0ut09iiwibwfjijoiztk3m2nkzdhiytqymgq1zmu0yzq1zme5ndkyndnkngu0njc5yjqxodflmzuxodhjmtjmowrlmguyn2eyyzu2ncj9; laravel_session=eyjpdii6ijj1tldizurxckvkb0k5bk5uyk43cnc9psisinzhbhvlijoice1bnfhzamp2yxvvxc9in1hwdhdcwhzybg5pvgvqdfuymzlrsnb2ewrysfn3n2zhuhblmdm5uflzouratdrmquzvqxbuy2zmeklwq01dz2dpula2bg5rpt0ilcjtywmioijjotfimddknzyxyjflowuyytvjztc3njg4zdnlymvjnda2mdc4zmeyzdm5zdaxota5mdgzndqxnmqynjm4mti0in0%3d\\r\\nhost:                      localhost\\r\\norigin:                    http:\\/\\/localhost\\r\\nreferer:                   http:\\/\\/localhost\\/oes-staging\\/payments\\/paynow\\/competitive-exam-series\\r\\nupgrade-insecure-requests: 1\\r\\nuser-agent:                mozilla\\/5.0 (windows nt 10.0; win64; x64) applewebkit\\/537.36 (khtml, like gecko) chrome\\/64.0.3282.186 safari\\/537.36\\r\\n\\r\\n_token=r235te0wr7ppvz7nff0ezuono2au8zwsgcjkxvtm&_token=r235te0wr7ppvz7nff0ezuono2au8zwsgcjkxvtm&razorpay_payment_id=pay_9pdj4ypw46ewb3&item_name=competitive-exam-series&type=combo&is_coupon_applied=0&coupon_id=0&actual_cost=200.00&discount_availed=0&after_discount=200.00&parent_user=1&selected_child_id=21755\":\"Undefined Variable: Post \\/oes-staging\\/razoapay\\/success Http\\/1.1\\r\\nAccept:                    Text\\/html,application\\/xhtml+xml,application\\/xml;q=0.9,image\\/webp,image\\/apng,*\\/*;q=0.8\\r\\nAccept-encoding:           Gzip, Deflate, Br\\r\\nAccept-language:           En-gb,en-us;q=0.9,en;q=0.8\\r\\nCache-control:             Max-age=0\\r\\nConnection:                Keep-alive\\r\\nContent-length:            309\\r\\nContent-type:              Application\\/x-www-form-urlencoded\\r\\nCookie:                     Ga=ga1.1.2088483531.1519802102; Remember Web 59ba36addc2b2f9401580f014c7f58ea4e30989d=eyjpdii6ilwvbgvuz3g4odjnb0nkzhhkawxzvtrnpt0ilcj2ywx1zsi6ildlb3psbfwvvgwrrfjonfgxtle1nnb5swk4yngytfbhrnc4v1hkrfe0ttv6r0zzsghmdufvwerryvpuwnjmvjcwmzfkcjljb2f1ujhsnvbncw9rttaysvpwy3rkaevwm2jhmmxjmljmeecxehliq2ljr1bfzhvztle3evduchz2ru1mbnhgmtqxn0lmmejnag9xa3arqvuzdkniuly3uuv3rjfcl3ewemqywju3awvezhzhn3jpzefztllnd1u3m2t2iiwibwfjijoin2myzda2ntm5mmfmnwq4nmq5mzqymzuwogfkmmezmmi0nmrmmzdimzi3nwjmotg1yjcwzgi3yjk0yjiynjbjmij9;  Gid=ga1.1.2016409626.1521520463;  Gat=1; Xsrf-token=eyjpdii6ilhmr01vzwdonstpwkk2mwx2m2neove9psisinzhbhvlijoizhrkdknnnzzsvfbntzfxdnf6ywnyqwxozedmewlgngtnuvwvte11ce9bdw1kttr5cevhng1zbvhpxc96dw1cq3dgdnfuywzlm3pvq0j3mhiybme2nxv0ut09iiwibwfjijoiztk3m2nkzdhiytqymgq1zmu0yzq1zme5ndkyndnkngu0njc5yjqxodflmzuxodhjmtjmowrlmguyn2eyyzu2ncj9; Laravel Session=eyjpdii6ijj1tldizurxckvkb0k5bk5uyk43cnc9psisinzhbhvlijoice1bnfhzamp2yxvvxc9in1hwdhdcwhzybg5pvgvqdfuymzlrsnb2ewrysfn3n2zhuhblmdm5uflzouratdrmquzvqxbuy2zmeklwq01dz2dpula2bg5rpt0ilcjtywmioijjotfimddknzyxyjflowuyytvjztc3njg4zdnlymvjnda2mdc4zmeyzdm5zdaxota5mdgzndqxnmqynjm4mti0in0%3d\\r\\nHost:                      Localhost\\r\\nOrigin:                    Http:\\/\\/localhost\\r\\nReferer:                   Http:\\/\\/localhost\\/oes-staging\\/payments\\/paynow\\/competitive-exam-series\\r\\nUpgrade-insecure-requests: 1\\r\\nUser-agent:                Mozilla\\/5.0 (windows Nt 10.0; Win64; X64) Applewebkit\\/537.36 (khtml, Like Gecko) Chrome\\/64.0.3282.186 Safari\\/537.36\\r\\n\\r\\n Token=r235te0wr7ppvz7nff0ezuono2au8zwsgcjkxvtm& Token=r235te0wr7ppvz7nff0ezuono2au8zwsgcjkxvtm&razorpay Payment Id=pay 9pdj4ypw46ewb3&item Name=competitive-exam-series&type=combo&is Coupon Applied=0&coupon Id=0&actual Cost=200.00&discount Availed=0&after Discount=200.00&parent User=1&selected Child Id=21755\",\"razorpay_apikey\":\"Razorpay Apikey\",\"razorpay_secret\":\"Razorpay Secret\",\"create_account\":\"Create Account\",\"sign_in\":\"Sign In\",\"fee_instructions\":\"Fee Instructions\",\"first_create_the_fee_particulars_(_ex:- _uniform_fee,_tution_fee)\":\"First Create The Fee Particulars ( Ex:-  Uniform Fee, Tution Fee)\",\"create_fee_category_(_ex:- 2017-2018 _computer_science_1st_year_1st_semester)\":\"Create Fee Category ( Ex:- 2017-2018  Computer Science 1st Year 1st Semester)\",\"assign_fee_particulars_to_respected_fee_category\":\"Assign Fee Particulars To Respected Fee Category\",\"note : \":\"Note : \",\"once_particulars_are_assigned_to_fee_category_you_cannot_delete_fee_category\":\"Once Particulars Are Assigned To Fee Category You Cannot Delete Fee Category\",\"create_fee_schedules_for_selected_fee_category\":\"Create Fee Schedules For Selected Fee Category\",\"if_any_payment_is_done_you_cannot_update_fee_schedules\":\"If Any Payment Is Done You Cannot Update Fee Schedules\",\"you_can_add_non_term_fee_particulars_even_payment_is_done\":\"You Can Add Non Term Fee Particulars Even Payment Is Done\",\"you_are_subscription_was_successfull\":\"You Are Subscription Was Successfull\",\"fail\":\"Fail\",\"subscribed_users\":\"Subscribed Users\",\"subscribed_on\":\"Subscribed On\",\"browse_all_categories\":\"Browse All Categories\",\"view_all_exams\":\"View All Exams\",\"practice_exams_and_exam_categories\":\"Practice Exams And Exam Categories\",\"show_in_home_page\":\"Show In Home Page\",\"home_page_series_must_be_free_type_series\":\"Home Page Series Must Be Free Type Series\",\"all_series\":\"All Series\",\"view_all_series\":\"View All Series\",\"download_file\":\"Download File\",\"view_url\":\"View Url\",\"subscribe\":\"Subscribe\",\"contact_our_experts_now\":\"Contact Our Experts Now\",\"feel_free_to_contact\":\"Feel Free To Contact\",\"our_contact_details\":\"Our Contact Details\",\"please enter your name\":\"Please Enter Your Name\",\"please enter your message\":\"Please Enter Your Message\",\"please enter your subject\":\"Please Enter Your Subject\",\"please enter your phone number\":\"Please Enter Your Phone Number\",\"please provide a valid email\":\"Please Provide A Valid Email\",\"please enter a valid email address\":\"Please Enter A Valid Email Address\",\"congratulations\":\"Congratulations\",\"our_team_will_contact_you_soon\":\"Our Team Will Contact You Soon\",\"your_message_was_sent_our_team_will_contact_you_soon\":\"Your Message Was Sent Our Team Will Contact You Soon\",\"themes\":\"Themes\",\"theme_name\":\"Theme Name\",\"make_as_default_theme\":\"Make As Default Theme\",\"theme_changed_successfully\":\"Theme Changed Successfully\",\"about-us\":\"About-us\",\"home_page_title\":\"Home Page Title\",\"home_page_link\":\"Home Page Link\",\"home_page_image\":\"Home Page Image\",\"home_page_background_image\":\"Home Page Background Image\",\"home_page_facebook_link\":\"Home Page Facebook Link\",\"home_page_twitter_link\":\"Home Page Twitter Link\",\"home_page_googleplus_link\":\"Home Page Googleplus Link\",\"need_help\":\"Need Help\",\"privacy_and_policy\":\"Privacy And Policy\",\"terms_and_conditions\":\"Terms And Conditions\",\"terms_conditions\":\"Terms Conditions\",\"privacy_policy\":\"Privacy Policy\",\"follow_us_on\":\"Follow Us On\",\"create_a_new_account\":\"Create A New Account\",\"courses\":\"Courses\",\"pattren\":\"Pattren\",\"pricing\":\"Pricing\",\"syallbus\":\"Syallbus\",\"syllabus\":\"Syllabus\",\"is_active\":\"Is Active\",\"userss\":\"Userss\",\"user\":\"User\",\"cats\":\"Cats\",\"no_exams_available\":\"No Exams Available\",\"pending_list\":\"Pending List\",\"hey parent\":\"Hey Parent\",\"buy_nowss\":\"Buy Nowss\",\"you_already_purchased_this_itemee\":\"You Already Purchased This Itemee\",\"free_exams\":\"Free Exams\",\"paid_exams\":\"Paid Exams\",\"learning_management_system\":\"Learning Management System\",\"browse_all_exams\":\"Browse All Exams\",\"ooops\":\"Ooops\",\"file_is_not_found\":\"File Is Not Found\",\"no_contents_are_available\":\"No Contents Are Available\",\"actionss\":\"Actionss\",\"all_payments\":\"All Payments\",\"cancelled_list\":\"Cancelled List\",\"offline_subscription_failed\":\"Offline Subscription Failed\",\"offline_subscription_success\":\"Offline Subscription Success\",\"offline_payment_submitted\":\"Offline Payment Submitted\",\"please_verify_the_payment_details_update_the_payment_status\":\"Please Verify The Payment Details Update The Payment Status\",\"new password is sent to your email account\":\"New Password Is Sent To Your Email Account\",\"no_practice_exams_are_available\":\"No Practice Exams Are Available\",\"no_categories_are_available\":\"No Categories Are Available\",\"sms_driver\":\"Sms Driver\",\"nexmo_key\":\"Nexmo Key\",\"nexmo_secret\":\"Nexmo Secret\",\"plivo_auth_id\":\"Plivo Auth Id\",\"plivo_auth_token\":\"Plivo Auth Token\",\"twilio_sid\":\"Twilio Sid\",\"twilio_token\":\"Twilio Token\",\"parent_details\":\"Parent Details\",\"parent_login_details\":\"Parent Login Details\",\"is_parent_account_available\":\"Is Parent Account Available\",\"search\":\"Search\",\"parent_name\":\"Parent Name\",\"parent_user_name\":\"Parent User Name\",\"parent_email\":\"Parent Email\",\"_empty_\":\"\",\"google_login_is_disabled\":\"Google Login Is Disabled\",\"this_question_is_not_type_of_ checkbox\":\"This Question Is Not Type Of  Checkbox\",\"theme_color\":\"Theme Color\",\"pattern\":\"Pattern\",\"update_settings\":\"Update Settings\",\"blue_header\":\"Blue Header\",\"blue_navigationbar\":\"Blue Navigationbar\",\"dark_header\":\"Dark Header\",\"dark_theme\":\"Dark Theme\",\"add_categories\":\"Add Categories\",\"no_quizzes_available\":\"No Quizzes Available\",\"click_here\":\"Click Here\",\"to_change_your_settings\":\"To Change Your Settings\",\"student_can_add_exam_and_lms_categories\":\"Student Can Add Exam And Lms Categories\",\"main_branch_and_institutes_share_data\":\"Main Branch And Institutes Share Data\",\"you_dont_have_permission_to_update_categories\":\"You Dont Have Permission To Update Categories\",\"price\":\"Price\",\"feedback_approved_successfully\":\"Feedback Approved Successfully\",\"disapprove\":\"Disapprove\",\"approved\":\"Approved\",\"not_approved\":\"Not Approved\",\"pages\":\"Pages\",\"create_page\":\"Create Page\",\"edit_page\":\"Edit Page\",\"more\":\"More\",\"faq_categories\":\"Faq Categories\",\"create_faq_category\":\"Create Faq Category\",\"edit_faq_category\":\"Edit Faq Category\",\"faq_questions\":\"Faq Questions\",\"create_faq\":\"Create Faq\",\"answer\":\"Answer\",\"edit_faq\":\"Edit Faq\",\"you_have_registered_successfully_please_active_your_email_verification_link_to_login_into_your_account\":\"You Have Registered Successfully Please Active Your Email Verification Link To Login Into Your Account\",\"you_have_successfully_actived_your_account_you_can_login_into_your_account\":\"You Have Successfully Actived Your Account You Can Login Into Your Account\",\"you_would_like_to_change_status_of_user\":\"You Would Like To Change Status Of User\",\"change_status\":\"Change Status\",\"changed\":\"Changed\",\"cannot_change_status_as_this_record_as\":\"Cannot Change Status As This Record As\",\"status_has_been_changed\":\"Status Has Been Changed\",\"account_status_not_changed\":\"Account Status Not Changed\",\"you_would_like_to_change_account_status_of_user\":\"You Would Like To Change Account Status Of User\",\"you_would_like_to_change_the_account_status_of_user\":\"You Would Like To Change The Account Status Of User\",\"account_status_changed_successfully\":\"Account Status Changed Successfully\",\"blogs\":\"Blogs\",\"create_blog\":\"Create Blog\",\"tags\":\"Tags\",\"edit_blog\":\"Edit Blog\",\"resumes_templates\":\"Resumes Templates\",\"resume_templates\":\"Resume Templates\",\"is_default\":\"Is Default\",\"user_resume\":\"User Resume\",\"resume\":\"Resume\",\"mobile\":\"Mobile\",\"career_objective\":\"Career Objective\",\"personal_profile\":\"Personal Profile\",\"gender\":\"Gender\",\"date_of_birth\":\"Date Of Birth\",\"marital_status\":\"Marital Status\",\"nationality\":\"Nationality\",\"father_name\":\"Father Name\",\"linguistic_ability\":\"Linguistic Ability\",\"passport_number\":\"Passport Number\",\"present_address\":\"Present Address\",\"personal_strength\":\"Personal Strength\",\"declaration\":\"Declaration\",\"build_resume\":\"Build Resume\",\"edit_resume\":\"Edit Resume\",\"preview_resume\":\"Preview Resume\",\"department\":\"Department\",\"department of computer science\":\"Department Of Computer Science\",\"college_place\":\"College Place\",\"country\":\"Country\",\"qualification\":\"Qualification\",\"phd student\":\"Phd Student\",\"college_name\":\"College Name\",\"state\":\"State\",\"select_gender\":\"Select Gender\",\"select_marital_status\":\"Select Marital Status\",\"work_experience\":\"Work Experience\",\"manage\":\"Manage\",\"projects_&_works_done\":\"Projects & Works Done\",\"academic_profile\":\"Academic Profile\",\"technical_skills\":\"Technical Skills\",\"field_of_interest\":\"Field Of Interest\",\"subject_taught\":\"Subject Taught\",\"extra_co_curricular_activities\":\"Extra Co Curricular Activities\",\"work_experience_details\":\"Work Experience Details\",\"projects_details\":\"Projects Details\",\"technical_skills_details\":\"Technical Skills Details\",\"extra_curricular_activities_details\":\"Extra Curricular Activities Details\",\"academic_profile_details\":\"Academic Profile Details\",\"resume_template\":\"Resume Template\",\"review_questions\":\"Review Questions\",\"end_exam\":\"End Exam\",\"exam_layout\":\"Exam Layout\",\"exam_result\":\"Exam Result\",\"send_push_notification\":\"Send Push Notification\",\"push_notification\":\"Push Notification\",\"message\":\"Message\",\"is_popular\":\"Is Popular\",\"fcm_server_key\":\"Fcm Server Key\",\"fcm_sender_id\":\"Fcm Sender Id\",\"projects\":\"Projects\",\"work_done\":\"Work Done\",\"email_sent_to_user\":\"Email Sent To User\",\"email_not_sent_to_user\":\"Email Not Sent To User\",\"extra_activities\":\"Extra Activities\",\"activities\":\"Activities\",\"details_saved_successfully\":\"Details Saved Successfully\",\"examination_passed\":\"Examination Passed\",\"university\":\"University\",\"board\":\"Board\",\"year\":\"Year\",\"class\":\"Class\",\"click_here_to_take_exam\":\"Click Here To Take Exam\",\"show_in_front\":\"Show In Front\",\"no_students_found\":\"No Students Found\",\"hey alissa m. morrison\":\"Hey Alissa M. Morrison\"}',	'2016-08-30 00:41:02',	'2019-06-11 04:02:34'),
(10,	'Hindi',	'hindi',	'hi',	0,	0,	'{\"success\":\"\\u0938\\u092b\\u0932\\u0924\\u093e\",\"record_updated_successfully\":\"\\u0930\\u093f\\u0915\\u093e\\u0930\\u094d\\u0921 \\u0938\\u092b\\u0932\\u0924\\u093e\\u092a\\u0942\\u0930\\u094d\\u0935\\u0915 \\u0905\\u092a\\u0921\\u0947\\u091f\",\"languages\":\"\\u092c\\u094b\\u0932\\u0940\",\"create\":\"\\u0938\\u0930\\u094d\\u091c\\u0928 \\u0915\\u0930\\u0928\\u093e\",\"language\":\"\\u092d\\u093e\\u0937\\u093e\",\"code\":\"\\u0915\\u094b\\u0921\",\"is_rtl\":\"Rtl \\u0939\\u0948\",\"default_language\":\"\\u092e\\u0941\\u0916\\u094d\\u092f \\u092d\\u093e\\u0937\\u093e\",\"action\":\"\\u0915\\u093e\\u0930\\u094d\\u092f\",\"are_you_sure\":\"\\u0915\\u094d\\u092f\\u093e \\u0906\\u092a\\u0915\\u094b \\u092f\\u0915\\u0940\\u0928 \\u0939\\u0948\",\"you_will_not_be_able_to_recover_this_record\":\"\\u0906\\u092a \\u0907\\u0938 \\u0930\\u093f\\u0915\\u0949\\u0930\\u094d\\u0921 \\u0920\\u0940\\u0915 \\u0915\\u0930\\u0928\\u0947 \\u092e\\u0947\\u0902 \\u0938\\u0915\\u094d\\u0937\\u092e \\u0928\\u0939\\u0940\\u0902 \\u0939\\u094b\\u0917\\u093e\",\"yes\":\"\\u0939\\u093e\\u0901\",\"delete_it\":\"\\u0907\\u0938\\u0947 \\u092e\\u093f\\u091f\\u093e\\u0913\",\"no\":\"\\u0928\\u0939\\u0940\\u0902\",\"cancel_please\":\"\\u0930\\u0926\\u094d\\u0926 \\u0915\\u0930\\u0947\\u0902\",\"deleted\":\"\\u0939\\u091f\\u093e\\u090f \\u0917\\u090f\",\"sorry\":\"\\u092e\\u093e\\u092b\\u093c \\u0915\\u0940\\u091c\\u093f\\u092f\\u0947\",\"cannot_delete_this_record_as\":\"\\u0928\\u0939\\u0940\\u0902 \\u0939\\u091f\\u093e \\u0938\\u0915\\u0924\\u0947 \\u0939\\u0948\\u0902 \\u0907\\u0938 \\u0930\\u093f\\u0915\\u0949\\u0930\\u094d\\u0921 \\u0915\\u0947 \\u0930\\u0942\\u092a \\u092e\\u0947\\u0902\",\"your_record_has_been_deleted\":\"\\u0906\\u092a\\u0915\\u093e \\u0930\\u093f\\u0915\\u0949\\u0930\\u094d\\u0921 \\u0928\\u0937\\u094d\\u091f \\u0915\\u0930 \\u0926\\u093f\\u092f\\u093e \\u0917\\u092f\\u093e \\u0939\\u0948\",\"cancelled\":\"\\u0930\\u0926\\u094d\\u0926\",\"your_record_is_safe\":\"\\u0905\\u092a\\u0928\\u0947 \\u0930\\u093f\\u0915\\u0949\\u0930\\u094d\\u0921 \\u0938\\u0941\\u0930\\u0915\\u094d\\u0937\\u093f\\u0924 \\u0939\\u0948\",\"latest_users\":\"\\u0928\\u0935\\u0940\\u0928\\u0924\\u092e \\u0909\\u092a\\u092f\\u094b\\u0917\\u0915\\u0930\\u094d\\u0924\\u093e\\u0913\\u0902\",\"was_joined_as\":\"\\u0915\\u0947 \\u0930\\u0942\\u092a \\u092e\\u0947\\u0902 \\u0936\\u093e\\u092e\\u093f\\u0932 \\u0939\\u094b \\u0917\\u092f\\u093e \\u0925\\u093e\",\"see_more\":\"\\u0914\\u0930 \\u0926\\u0947\\u0916\\u0947\\u0902\",\"my_profile\":\"\\u092e\\u0947\\u0930\\u0940 \\u092a\\u094d\\u0930\\u094b\\u092b\\u093e\\u0907\\u0932\",\"change_password\":\"\\u092a\\u093e\\u0938\\u0935\\u0930\\u094d\\u0921 \\u092c\\u0926\\u0932\\u0947\\u0902\",\"logout\":\"\\u0932\\u094b\\u0917 \\u0906\\u0909\\u091f\",\"dashboard\":\"\\u0921\\u0948\\u0936\\u092c\\u094b\\u0930\\u094d\\u0921\",\"users\":\"\\u0909\\u092a\\u092f\\u094b\\u0917\\u0915\\u0930\\u094d\\u0924\\u093e\",\"exams\":\"\\u092a\\u0930\\u0940\\u0915\\u094d\\u0937\\u093e\",\"categories\":\"\\u0936\\u094d\\u0930\\u0947\\u0923\\u093f\\u092f\\u093e\\u0901\",\"question_bank\":\"\\u092a\\u094d\\u0930\\u0936\\u094d\\u0928 \\u092c\\u0948\\u0902\\u0915\",\"quiz\":\"\\u092a\\u094d\\u0930\\u0936\\u094d\\u0928\\u094b\\u0924\\u094d\\u0924\\u0930\\u0940\",\"exam_series\":\"\\u092a\\u0930\\u0940\\u0915\\u094d\\u0937\\u093e \\u0938\\u0940\\u0930\\u0940\\u091c\",\"instructions\":\"\\u0905\\u0928\\u0941\\u0926\\u0947\\u0936\",\"subjects_master\":\"\\u0935\\u093f\\u0937\\u092f\\u094b\\u0902 \\u0915\\u0947 \\u092e\\u093e\\u0938\\u094d\\u091f\\u0930\",\"subject_topics\":\"\\u0935\\u093f\\u0937\\u092f \\u0935\\u093f\\u0937\\u092f\\u094b\\u0902\",\"coupons\":\"\\u0915\\u0942\\u092a\\u0928\",\"list\":\"\\u0938\\u0942\\u091a\\u0940\",\"add\":\"\\u091c\\u094b\\u0921\\u093c\\u0928\\u093e\",\"lms\":\"\\u090f\\u0932\\u090f\\u092e\\u090f\\u0938\",\"contents\":\"\\u0905\\u0902\\u0924\\u0930\\u094d\\u0935\\u0938\\u094d\\u0924\\u0941\",\"series\":\"\\u0936\\u0943\\u0902\\u0916\\u0932\\u093e\",\"payment_reports\":\"\\u092d\\u0941\\u0917\\u0924\\u093e\\u0928 \\u0930\\u093f\\u092a\\u094b\\u0930\\u094d\\u091f\",\"online_payments\":\"\\u0911\\u0928\\u0932\\u093e\\u0907\\u0928 \\u092d\\u0941\\u0917\\u0924\\u093e\\u0928\",\"offline_payments\":\"\\u0911\\u092b\\u093c\\u0932\\u093e\\u0907\\u0928 \\u092d\\u0941\\u0917\\u0924\\u093e\\u0928\",\"export\":\"\\u0928\\u093f\\u0930\\u094d\\u092f\\u093e\\u0924\",\"notifications\":\"\\u0938\\u0942\\u091a\\u0928\\u093e\\u090f\\u0902\",\"messages\":\"\\u0938\\u0902\\u0926\\u0947\\u0936\",\"feedback\":\"\\u092a\\u094d\\u0930\\u0924\\u093f\\u0915\\u094d\\u0930\\u093f\\u092f\\u093e\",\"master_settings\":\"\\u092e\\u093e\\u0938\\u094d\\u091f\\u0930 \\u0938\\u0947\\u091f\\u093f\\u0902\\u0917\",\"email_templates\":\"\\u0908\\u092e\\u0947\\u0932 \\u091f\\u0947\\u092e\\u094d\\u092a\\u0932\\u0947\\u091f\\u094d\\u0938\",\"settings\":\"\\u0938\\u0947\\u091f\\u093f\\u0902\\u0917\\u094d\\u0938\",\"update_strings\":\"\\u0938\\u094d\\u091f\\u094d\\u0930\\u093f\\u0902\\u0917\\u094d\\u0938 \\u0905\\u092a\\u0921\\u0947\\u091f\",\"edit\":\"\\u0938\\u0902\\u092a\\u093e\\u0926\\u093f\\u0924 \\u0915\\u0930\\u0947\\u0902\",\"delete\":\"\\u092e\\u093f\\u091f\\u093e\\u0928\\u093e\",\"enable\":\"\\u0938\\u0915\\u094d\\u0937\\u092e \\u0915\\u0930\\u0947\\u0902\",\"set_default\":\"\\u0921\\u093f\\u092b\\u0949\\u0932\\u094d\\u091f \\u0938\\u0947\\u091f \\u0915\\u0930\\u0947\\u0902\",\"disable\":\"\\u0905\\u0915\\u094d\\u0937\\u092e\",\"user_statistics\":\"\\u0909\\u092a\\u092f\\u094b\\u0917\\u0915\\u0930\\u094d\\u0924\\u093e \\u0938\\u093e\\u0902\\u0916\\u094d\\u092f\\u093f\\u0915\\u0940\",\"pending\":\"\\u0905\\u092a\\u0942\\u0930\\u094d\\u0923\",\"total\":\"\\u0915\\u0941\\u0932\",\"overall_statistics\":\"\\u0915\\u0941\\u0932 \\u092e\\u093f\\u0932\\u093e\\u0915\\u0930 \\u0938\\u093e\\u0902\\u0916\\u094d\\u092f\\u093f\\u0915\\u0940\",\"payments_reports_in\":\"\\u092d\\u0941\\u0917\\u0924\\u093e\\u0928 \\u092e\\u0947\\u0902 \\u0930\\u093f\\u092a\\u094b\\u0930\\u094d\\u091f\",\"demanding_quizzes\":\"\\u0915\\u0940 \\u092e\\u093e\\u0902\\u0917 \\u0915\\u0940 \\u0915\\u094d\\u0935\\u093f\\u091c\\u093c\",\"demanding\":\"\\u0915\\u0940 \\u092e\\u093e\\u0902\\u0917\",\"quizzes\":\" \\u091d\\u0915\\u094d\\u0915\\u0940 \\u0906\\u0926\\u092e\\u0940\",\"view_all\":\"\\u0938\\u092d\\u0940 \\u0915\\u094b \\u0926\\u0947\\u0916\\u0947\\u0902\",\"quiz_categories\":\"\\u092a\\u094d\\u0930\\u0936\\u094d\\u0928\\u094b\\u0924\\u094d\\u0924\\u0930\\u0940 \\u0936\\u094d\\u0930\\u0947\\u0923\\u093f\\u092f\\u093e\\u0901\",\"subjects\":\"\\u0935\\u093f\\u0937\\u092f\\u094b\\u0902\",\"topics\":\"\\u0935\\u093f\\u0937\\u092f\",\"questions\":\"\\u092a\\u094d\\u0930\\u0936\\u0928\",\"payment_statistics\":\"\\u092d\\u0941\\u0917\\u0924\\u093e\\u0928 \\u0938\\u093e\\u0902\\u0916\\u094d\\u092f\\u093f\\u0915\\u0940\",\"payment_monthly_statistics\":\"\\u092d\\u0941\\u0917\\u0924\\u093e\\u0928 \\u092e\\u093e\\u0938\\u093f\\u0915 \\u0906\\u0901\\u0915\\u0921\\u093c\\u0947\",\"quizzes_usage\":\"Quizzes \\u0909\\u092a\\u092f\\u094b\\u0917\",\"paid_quizzes_usage\":\"\\u0905\\u0926\\u093e \\u0915\\u094d\\u0935\\u093f\\u091c\\u093c \\u0909\\u092a\\u092f\\u094b\\u0917\",\"import_excel\":\"\\u0906\\u092f\\u093e\\u0924 \\u090f\\u0915\\u094d\\u0938\\u0947\\u0932\",\"add_user\":\"\\u0909\\u092a\\u092f\\u094b\\u0917\\u0915\\u0930\\u094d\\u0924\\u093e \\u091c\\u094b\\u0921\\u093c\\u0947\\u0902\",\"name\":\"\\u0928\\u093e\\u092e\",\"email\":\"\\u0908\\u092e\\u0947\\u0932\",\"image\":\"\\u091b\\u0935\\u093f\",\"role\":\"\\u092d\\u0942\\u092e\\u093f\\u0915\\u093e\",\"send_sms\":\"\\u0938\\u0902\\u0926\\u0947\\u0936 \\u092d\\u0947\\u091c\\u094b\",\"sms_to\":\"\\u0915\\u0930\\u0928\\u0947 \\u0915\\u0947 \\u0932\\u093f\\u090f \\u090f\\u0938\\u090f\\u092e\\u090f\\u0938\",\"students\":\"\\u091b\\u093e\\u0924\\u094d\\u0930\",\"parents\":\"\\u092e\\u093e\\u0924\\u093e-\\u092a\\u093f\\u0924\\u093e\",\"admins\":\"\\u092c\\u0928\\u093e\\u0935\\u0947\\u0902\",\"for_category\":\"\\u0936\\u094d\\u0930\\u0947\\u0923\\u0940 \\u0915\\u0947 \\u0932\\u093f\\u090f\",\"all\":\"\\u0938\\u092c\",\"selected\":\"\\u091a\\u092f\\u0928\\u093f\\u0924\",\"message_template\":\"\\u0938\\u0902\\u0926\\u0947\\u0936 \\u0916\\u093e\\u0915\\u093e\",\"edit_user\":\"\\u092f\\u0942\\u091c\\u0930 \\u0915\\u094b \\u0938\\u0902\\u092a\\u093e\\u0926\\u093f\\u0924 \\u0915\\u0930\\u094b\",\"update\":\"\\u0905\\u0926\\u094d\\u092f\\u0924\\u0928\",\"this_field_is_required\":\"\\u092f\\u0939 \\u092b\\u093c\\u0940\\u0932\\u094d\\u0921 \\u0906\\u0935\\u0936\\u094d\\u092f\\u0915 \\u0939\\u0948\",\"the_text_is_too_short\":\"\\u092a\\u093e\\u0920 \\u092c\\u0939\\u0941\\u0924 \\u091b\\u094b\\u091f\\u093e \\u0939\\u0948\",\"the_text_is_too_long\":\"\\u0932\\u0947\\u0916 \\u092c\\u0939\\u0941\\u0924 \\u092c\\u0921\\u093c\\u093e \\u0939\\u0948\",\"invalid_input\":\"\\u0905\\u092e\\u093e\\u0928\\u094d\\u092f \\u0928\\u093f\\u0935\\u0947\\u0936\",\"username\":\"\\u0909\\u092a\\u092f\\u094b\\u0917\\u0915\\u0930\\u094d\\u0924\\u093e \\u0928\\u093e\\u092e\",\"please_enter_valid_email\":\"\\u0915\\u0943\\u092a\\u092f\\u093e \\u092e\\u093e\\u0928\\u094d\\u092f \\u0908\\u092e\\u0947\\u0932 \\u0915\\u094b \\u0926\\u0930\\u094d\\u091c \\u0915\\u0930\\u0947\\u0902\",\"select_role\":\"\\u092d\\u0942\\u092e\\u093f\\u0915\\u093e \\u0915\\u093e \\u091a\\u092f\\u0928\",\"phone\":\"\\u092b\\u093c\\u094b\\u0928\",\"please_enter_10-15_digit_mobile_number\":\"\\u0915\\u0943\\u092a\\u092f\\u093e 10-15 \\u0905\\u0902\\u0915 \\u092e\\u094b\\u092c\\u093e\\u0907\\u0932 \\u0928\\u0902\\u092c\\u0930 \\u0926\\u0930\\u094d\\u091c\",\"please_enter_valid_phone_number\":\"\\u0915\\u0943\\u092a\\u092f\\u093e \\u090f\\u0915 \\u0935\\u0948\\u0927 \\u0928\\u0902\\u092c\\u0930 \\u0921\\u093e\\u0932\\u0947\\u0902\",\"billing_address\":\"\\u092c\\u093f\\u0932 \\u092d\\u0947\\u091c\\u0928\\u0947 \\u0915\\u093e \\u092a\\u0924\\u093e\",\"please_enter_your_address\":\"\\u0915\\u0943\\u092a\\u092f\\u093e \\u0905\\u092a\\u0928\\u0947 \\u092a\\u0924\\u0947 \\u0926\\u0930\\u094d\\u091c\",\"file_type_not_allowed\":\"\\u092b\\u093c\\u093e\\u0907\\u0932 \\u092a\\u094d\\u0930\\u0915\\u093e\\u0930 \\u0915\\u0940 \\u0905\\u0928\\u0941\\u092e\\u0924\\u093f \\u0928\\u0939\\u0940\\u0902\",\"lms_categories\":\"\\u090f\\u0932\\u090f\\u092e\\u090f\\u0938 \\u0936\\u094d\\u0930\\u0947\\u0923\\u093f\\u092f\\u093e\\u0901\",\"category\":\"\\u0935\\u0930\\u094d\\u0917\",\"description\":\"\\u0935\\u093f\\u0935\\u0930\\u0923\",\"coupon_codes\":\"\\u0915\\u0942\\u092a\\u0928 \\u0915\\u094b\\u0921\",\"title\":\"\\u0936\\u0940\\u0930\\u094d\\u0937\\u0915\",\"type\":\"\\u092a\\u094d\\u0930\\u0915\\u093e\\u0930\",\"discount\":\"\\u091b\\u0942\\u091f\",\"minimum_bill\":\"\\u0928\\u094d\\u092f\\u0942\\u0928\\u0924\\u092e \\u092c\\u093f\\u0932\",\"maximum_discount\":\"\\u0905\\u0927\\u093f\\u0915\\u0924\\u092e \\u091b\\u0942\\u091f\",\"limit\":\"\\u0939\\u0926\",\"status\":\"\\u0938\\u094d\\u0925\\u093f\\u0924\\u093f\",\"examseries\":\"Examseries\",\"create_coupon\":\"\\u0915\\u0942\\u092a\\u0928 \\u092c\\u0928\\u093e\\u090f\\u0902\",\"coupon_code\":\"\\u0915\\u0942\\u092a\\u0928 \\u0915\\u094b\\u0921\",\"value\":\"\\u092e\\u0942\\u0932\\u094d\\u092f\",\"percent\":\"\\u092a\\u094d\\u0930\\u0924\\u093f\\u0936\\u0924\",\"discount_type\":\"\\u0921\\u093f\\u0938\\u094d\\u0915\\u093e\\u0909\\u0902\\u091f \\u0915\\u0947 \\u092a\\u094d\\u0930\\u0915\\u093e\\u0930\",\"discount_value\":\"\\u0921\\u093f\\u0938\\u094d\\u0915\\u093e\\u0909\\u0902\\u091f \\u092e\\u0942\\u0932\\u094d\\u092f\",\"enter_value\":\"\\u0926\\u0930\\u094d\\u091c \\u092e\\u0942\\u0932\\u094d\\u092f\",\"please_enter_valid_number\":\"\\u0915\\u0943\\u092a\\u092f\\u093e \\u0935\\u0948\\u0927 \\u0938\\u0902\\u0916\\u094d\\u092f\\u093e \\u0926\\u0930\\u094d\\u091c\",\"enter_minimum_bill\":\"\\u0928\\u094d\\u092f\\u0942\\u0928\\u0924\\u092e \\u092c\\u093f\\u0932 \\u0926\\u0930\\u094d\\u091c\",\"discount_maximum_amount\":\"\\u0921\\u093f\\u0938\\u094d\\u0915\\u093e\\u0909\\u0902\\u091f \\u0905\\u0927\\u093f\\u0915\\u0924\\u092e \\u0930\\u093e\\u0936\\u093f\",\"enter_maximum_amount\":\"\\u0905\\u0927\\u093f\\u0915\\u0924\\u092e \\u0930\\u093e\\u0936\\u093f \\u092e\\u0947\\u0902 \\u092a\\u094d\\u0930\\u0935\\u0947\\u0936\",\"valid_from\":\"\\u0938\\u0947 \\u092e\\u093e\\u0928\\u094d\\u092f\",\"valid_to\":\"\\u0907\\u0938 \\u0924\\u0915 \\u092e\\u093e\\u0928\\u094d\\u092f\",\"usage_limit\":\"\\u0909\\u092a\\u092f\\u094b\\u0917 \\u0915\\u0940 \\u0938\\u0940\\u092e\\u093e\",\"enter_usage_limit_per_user\":\"\\u092a\\u094d\\u0930\\u092f\\u094b\\u0917 \\u0938\\u0940\\u092e\\u093e \\u092a\\u094d\\u0930\\u0924\\u093f \\u0909\\u092a\\u092f\\u094b\\u0917\\u0915\\u0930\\u094d\\u0924\\u093e \\u0926\\u0930\\u094d\\u091c\",\"payments\":\"\\u092d\\u0941\\u0917\\u0924\\u093e\\u0928\",\"export_payments_report\":\"\\u0928\\u093f\\u0930\\u094d\\u092f\\u093e\\u0924 \\u092d\\u0941\\u0917\\u0924\\u093e\\u0928 \\u0915\\u0940 \\u0930\\u093f\\u092a\\u094b\\u0930\\u094d\\u091f\",\"export_payment_records\":\"\\u0928\\u093f\\u0930\\u094d\\u092f\\u093e\\u0924 \\u092d\\u0941\\u0917\\u0924\\u093e\\u0928 \\u0930\\u093f\\u0915\\u0949\\u0930\\u094d\\u0921\\u094d\\u0938\",\"download_excel\":\"\\u0921\\u093e\\u0909\\u0928\\u0932\\u094b\\u0921 \\u090f\\u0915\\u094d\\u0938\\u0947\\u0932\",\"all_records\":\"\\u0938\\u092d\\u0940 \\u0930\\u093f\\u0915\\u0949\\u0930\\u094d\\u0921\",\"from_date\":\"\\u0924\\u093e\\u0930\\u0940\\u0916 \\u0938\\u0947\",\"to_date\":\"\\u0924\\u093e\\u0930\\u0940\\u0916 \\u0924\\u0915\",\"payment_type\":\"\\u092d\\u0941\\u0917\\u0924\\u093e\\u0928 \\u0915\\u0947 \\u092a\\u094d\\u0930\\u0915\\u093e\\u0930\",\"online\":\"\\u0911\\u0928\\u0932\\u093e\\u0907\\u0928\",\"offline\":\"\\u0911\\u092b\\u0932\\u093e\\u0907\\u0928\",\"payment_status\":\"\\u092d\\u0941\\u0917\\u0924\\u093e\\u0928 \\u0915\\u0940 \\u0938\\u094d\\u0925\\u093f\\u0924\\u093f\",\"start_date\":\"\\u0906\\u0930\\u0902\\u092d \\u0915\\u0930\\u0928\\u0947 \\u0915\\u0940 \\u0924\\u093f\\u0925\\u093f\",\"end_date\":\"\\u0905\\u0902\\u0924\\u093f\\u092e \\u0924\\u093f\\u0925\\u093f\",\"url\":\"\\u092f\\u0942\\u0906\\u0930\\u090f\\u0932\",\"create_message\":\"\\u0938\\u0902\\u0926\\u0947\\u0936 \\u0932\\u093f\\u0916\\u0947\",\"inbox\":\"\\u0907\\u0928\\u092c\\u0949\\u0915\\u094d\\u0938\",\"compose\":\"\\u0932\\u093f\\u0916\\u0928\\u093e\",\"feed_backs\":\"\\u092b\\u093c\\u0940\\u0921 \\u092a\\u0940\\u0920\",\"subject\":\"\\u0935\\u093f\\u0937\\u092f\",\"posted_on\":\"\\u092a\\u0930 \\u092a\\u094d\\u0930\\u0935\\u093f\\u0937\\u094d\\u091f \\u0915\\u093f\\u092f\\u093e\",\"view\":\"\\u0930\\u093e\\u092f\",\"from_email\":\"\\u0908 - \\u092e\\u0947\\u0932 \\u0938\\u0947\",\"from_name\":\"\\u0928\\u093e\\u092e \\u0938\\u0947\",\"module\":\"\\u092e\\u0949\\u0921\\u094d\\u092f\\u0942\\u0932\",\"key\":\"\\u0915\\u0941\\u0902\\u091c\\u0940\",\"create_series\":\"\\u0938\\u0940\\u0930\\u0940\\u091c \\u092c\\u0928\\u093e\\u090f\\u0902\",\"duration\":\"\\u0905\\u0935\\u0927\\u093f\",\"is_paid\":\"\\u092d\\u0941\\u0917\\u0924\\u093e\\u0928 \\u0915\\u093f\\u092f\\u093e\",\"total_marks\":\"\\u0915\\u0941\\u0932 \\u092e\\u093e\\u0930\\u094d\\u0915\",\"update_questions\":\"\\u0938\\u0935\\u093e\\u0932 \\u0905\\u092a\\u0921\\u0947\\u091f\",\"paid\":\"\\u092d\\u0941\\u0917\\u0924\\u093e\\u0928 \\u0915\\u093f\\u092f\\u093e \\u0939\\u0948\",\"free\":\"\\u092e\\u0941\\u0915\\u094d\\u0924\",\"create_quiz\":\"\\u092a\\u094d\\u0930\\u0936\\u094d\\u0928\\u094b\\u0924\\u094d\\u0924\\u0930\\u0940 \\u092c\\u0928\\u093e\\u090f\\u0902\",\"quiz_title\":\"\\u092a\\u094d\\u0930\\u0936\\u094d\\u0928\\u094b\\u0924\\u094d\\u0924\\u0930\\u0940 \\u0936\\u0940\\u0930\\u094d\\u0937\\u0915\",\"enter_value_in_minutes\":\"\\u092e\\u0942\\u0932\\u094d\\u092f \\u092e\\u093f\\u0928\\u091f \\u092e\\u0947\\u0902 \\u0926\\u0930\\u094d\\u091c \\u0915\\u0930\\u0947\\u0902\",\"it_will_be_updated_by_adding_the_questions\":\"\\u092f\\u0939 \\u0938\\u0935\\u093e\\u0932 \\u091c\\u094b\\u0921\\u093c\\u0915\\u0930 \\u0905\\u0926\\u094d\\u092f\\u0924\\u0928 \\u0915\\u093f\\u092f\\u093e \\u091c\\u093e\\u090f\\u0917\\u093e\",\"pass_percentage\":\"\\u092a\\u093e\\u0938 \\u092a\\u094d\\u0930\\u0924\\u093f\\u0936\\u0924\",\"negative_mark\":\"\\u0928\\u0915\\u093e\\u0930\\u093e\\u0924\\u094d\\u092e\\u0915 \\u092e\\u093e\\u0930\\u094d\\u0915\",\"instructions_page\":\"\\u0928\\u093f\\u0930\\u094d\\u0926\\u0947\\u0936 \\u092a\\u0943\\u0937\\u094d\\u0920\",\"select\":\"\\u091a\\u0941\\u0928\\u0924\\u0947 \\u0939\\u0948\\u0902\",\"validity\":\"\\u0935\\u0948\\u0927\\u0924\\u093e\",\"validity_in_days\":\"\\u0935\\u0948\\u0927\\u0924\\u093e \\u0926\\u093f\\u0928\\u094b\\u0902 \\u092e\\u0947\\u0902\",\"cost\":\"\\u0932\\u093e\\u0917\\u0924\",\"total_exams\":\"\\u0915\\u0941\\u0932 \\u092a\\u0930\\u0940\\u0915\\u094d\\u0937\\u093e\",\"total_questions\":\"\\u0915\\u0941\\u0932 \\u0938\\u0935\\u093e\\u0932\",\"update_quizzes\":\"\\u0905\\u0926\\u094d\\u092f\\u0924\\u0928 \\u0915\\u094d\\u0935\\u093f\\u091c\\u093c\",\"question_subjects\":\"\\u092a\\u094d\\u0930\\u0936\\u094d\\u0928 \\u0935\\u093f\\u0937\\u092f\\u094b\\u0902\",\"import_questions\":\"\\u0906\\u092f\\u093e\\u0924 \\u0938\\u0935\\u093e\\u0932\",\"add_subject\":\"\\u0935\\u093f\\u0937\\u092f \\u091c\\u094b\\u0921\\u093c\\u0928\\u0947\",\"view_questions\":\"\\u0938\\u0935\\u093e\\u0932\\u094b\\u0902 \\u0926\\u0947\\u0916\\u0947\\u0902\",\"content\":\"\\u0938\\u093e\\u092e\\u0917\\u094d\\u0930\\u0940\",\"subjects_list\":\"\\u0935\\u093f\\u0937\\u092f\\u094b\\u0902 \\u0938\\u0942\\u091a\\u0940\",\"import\":\"\\u0906\\u092f\\u093e\\u0924\",\"id\":\"\\u092a\\u0939\\u091a\\u093e\\u0928 \\u092a\\u0924\\u094d\\u0930\",\"topics_list\":\"\\u0935\\u093f\\u0937\\u092f \\u0938\\u0942\\u091a\\u0940\",\"parent\":\"\\u092e\\u093e\\u0924\\u093e-\\u092a\\u093f\\u0924\\u093e\",\"topic (id)\":\"\\u0935\\u093f\\u0937\\u092f (\\u0906\\u0908\\u0921\\u0940)\",\"lms_content\":\"\\u090f\\u0932\\u090f\\u092e\\u090f\\u0938 \\u0938\\u093e\\u092e\\u0917\\u094d\\u0930\\u0940\",\"lms_series\":\"\\u090f\\u0932\\u090f\\u092e\\u090f\\u0938 \\u0938\\u0940\\u0930\\u0940\\u091c\",\"total_items\":\"\\u0915\\u0941\\u0932 \\u0938\\u093e\\u092e\\u093e\\u0928\",\"update_lms\":\"\\u0905\\u0926\\u094d\\u092f\\u0924\\u0928 \\u092e\\u093e\\u0938\\u094d\\u0915\\u094b\",\"edit_language\":\"\\u092d\\u093e\\u0937\\u093e \\u0915\\u094b \\u0938\\u0902\\u092a\\u093e\\u0926\\u093f\\u0924\",\"language_title\":\"\\u092d\\u093e\\u0937\\u093e \\u0936\\u0940\\u0930\\u094d\\u0937\\u0915\",\"language_code\":\"\\u092d\\u093e\\u0937\\u093e \\u0915\\u094b\\u0921\",\"supported_language_codes\":\"\\u0938\\u092e\\u0930\\u094d\\u0925\\u093f\\u0924 \\u092d\\u093e\\u0937\\u093e \\u0915\\u094b\\u0921\",\"add_language\":\"\\u092d\\u093e\\u0937\\u093e \\u091c\\u094b\\u0921\\u093c\\u0947\",\"record_added_successfully\":\"\\u0930\\u093f\\u0915\\u093e\\u0930\\u094d\\u0921 \\u091c\\u094b\\u0921\\u093c\\u093e \\u0938\\u092b\\u0932\\u0924\\u093e\\u092a\\u0942\\u0930\\u094d\\u0935\\u0915\",\"themes\":\"Themes\",\"send_push_notification\":\"Send Push Notification\",\"exam_types\":\"Exam Types\",\"resumes_templates\":\"Resumes Templates\",\"pages\":\"Pages\",\"blogs\":\"Blogs\",\"faqs\":\"Faqs\",\"please_wait\":\"Please Wait\",\"create_page\":\"Create Page\",\"create_blog\":\"Create Blog\",\"tags\":\"Tags\"}',	'2016-11-18 10:10:50',	'2019-06-11 04:02:34'),
(11,	'German',	'german',	'de',	0,	0,	'{\"success\":\"Erfolg\",\"record_updated_successfully\":\"Datensatz erfolgreich aktualisiert\",\"languages\":\"Sprachen\",\"create\":\"Erstellen\",\"language\":\"Sprache\",\"code\":\"Code\",\"is_rtl\":\"Ist Rtl\",\"default_language\":\"Standardsprache\",\"action\":\"Aktion\",\"are_you_sure\":\"Bist du sicher\",\"you_will_not_be_able_to_recover_this_record\":\"Sie werden nicht in der Lage, diesen Rekord zu erholen\",\"yes\":\"ja\",\"delete_it\":\"L\\u00f6sche es\",\"no\":\"Nein\",\"cancel_please\":\"Abbrechen Bitte\",\"deleted\":\"Gel\\u00f6scht\",\"sorry\":\"Es tut uns leid\",\"cannot_delete_this_record_as\":\"Dieser Datensatz kann nicht gel\\u00f6scht werden\",\"your_record_has_been_deleted\":\"Ihr Eintrag wurde gel\\u00f6scht\",\"cancelled\":\"Abgebrochen\",\"your_record_is_safe\":\"Ihr Datensatz ist sicher\",\"latest_users\":\"Neueste Benutzer\",\"was_joined_as\":\"Registriert seit\",\"see_more\":\"Sehen Sie mehr\",\"my_profile\":\"Mein Profil\",\"change_password\":\"Passwort \\u00e4ndern\",\"logout\":\"Ausloggen\",\"dashboard\":\"Instrumententafel\",\"users\":\"Benutzer\",\"exams\":\"Pr\\u00fcfungen\",\"categories\":\"Kategorien\",\"question_bank\":\"Frage Bank\",\"quiz\":\"Quiz\",\"exam_series\":\"Pr\\u00fcfungsserie\",\"instructions\":\"Anleitung\",\"subjects_master\":\"Schlagw\\u00f6rter Master\",\"subject_topics\":\"Themengebiete\",\"coupons\":\"Gutscheine\",\"list\":\"Liste\",\"add\":\"Hinzuf\\u00fcgen\",\"lms\":\"lms\",\"contents\":\"Inhalt\",\"series\":\"Serie\",\"payment_reports\":\"Zahlungsberichte\",\"online_payments\":\"Online-Zahlungen\",\"offline_payments\":\"Offline-Zahlungen\",\"export\":\"Export\",\"notifications\":\"Benachrichtigungen\",\"messages\":\"Nachrichten\",\"feedback\":\"Feedback\",\"master_settings\":\"Master-Einstellungen\",\"email_templates\":\"E-Mail-Vorlagen\",\"settings\":\"Einstellungen\",\"update_strings\":\"Strings aktualisieren\",\"edit\":\"Bearbeiten\",\"delete\":\"L\\u00f6schen\",\"enable\":\"Aktivieren\",\"set_default\":\"Default einstellen\",\"disable\":\"Deaktivieren\",\"user_statistics\":\"Benutzerstatistik\",\"pending\":\"Ausstehend\",\"total\":\"Gesamt\",\"overall_statistics\":\"Gesamtstatistik\",\"payments_reports_in\":\"Zahlungen\",\"demanding_quizzes\":\"Anspruchsvolle Quiz\",\"demanding\":\"Anspruchsvoll\",\"quizzes\":\"quiz\",\"view_all\":\"Alle anzeigen\",\"quiz_categories\":\"Quiz Kategorien\",\"subjects\":\"F\\u00e4cher\",\"topics\":\"Themenbereiche\",\"questions\":\"Fragen\",\"payment_statistics\":\"Zahlungsstatistiken\",\"payment_monthly_statistics\":\"Zahlung Monatliche Statistiken\",\"quizzes_usage\":\"Quizfragen Verwendung\",\"paid_quizzes_usage\":\"Bezahlte Quizbenutzung\",\"import_excel\":\"Importieren Sie Excel\",\"add_user\":\"Benutzer hinzuf\\u00fcgen\",\"name\":\"Name\",\"email\":\"Email\",\"image\":\"Image\",\"role\":\"Rolle\",\"add_language\":\"Sprache hinzuf\\u00fcgen\",\"language_title\":\"Sprache Titel\",\"this_field_is_required\":\"Dieses Feld wird ben\\u00f6tigt\",\"the_text_is_too_short\":\"Der Text ist zu kurz\",\"the_text_is_too_long\":\"Der Text ist zu lang\",\"language_code\":\"Sprachcode\",\"supported_language_codes\":\"Unterst\\u00fctzte Sprachencodes\",\"category\":\"Kategorie\",\"description\":\"Beschreibung\",\"coupon_codes\":\"Gutscheincodes\",\"title\":\"Titel\",\"type\":\"Art\",\"discount\":\"Rabatt\",\"minimum_bill\":\"Mindestabrechnung\",\"maximum_discount\":\"Maximaler Rabatt\",\"limit\":\"Grenze\",\"status\":\"Status\",\"examseries\":\"Examseries\",\"create_coupon\":\"Gutschein erstellen\",\"invalid_input\":\"Ung\\u00fcltige Eingabe\",\"coupon_code\":\"Gutscheincode\",\"value\":\"Wert\",\"percent\":\"Prozent\",\"discount_type\":\"Erm\\u00e4\\u00dfigungstyp\",\"discount_value\":\"Rabattwert\",\"enter_value\":\"Wert eingeben\",\"please_enter_valid_number\":\"Bitte geben Sie die G\\u00fcltigkeitsnummer ein\",\"enter_minimum_bill\":\"Geben Sie den Mindestbetrag ein\",\"discount_maximum_amount\":\"Rabatt H\\u00f6chstbetrag\",\"enter_maximum_amount\":\"Geben Sie den H\\u00f6chstbetrag ein\",\"valid_from\":\"G\\u00fcltig ab\",\"valid_to\":\"G\\u00fcltig bis\",\"usage_limit\":\"Nutzungslimit\",\"enter_usage_limit_per_user\":\"Geben Sie Benutzungslimit pro Benutzer ein\",\"lms_categories\":\"Lms Kategorien\",\"create_category\":\"Kategorie erstellen\",\"category_name\":\"Kategoriename\",\"enter_category_name\":\"Geben Sie den Kategorienamen ein\",\"file_type_not_allowed\":\"Dateityp nicht zul\\u00e4ssig\",\"payments\":\"Zahlungen\",\"send_sms\":\"SMS senden\",\"sms_to\":\"Sms zu\",\"students\":\"Studenten\",\"parents\":\"Eltern\",\"admins\":\"Admins\",\"for_category\":\"F\\u00fcr Kategorie\",\"all\":\"Alle\",\"selected\":\"Ausgew\\u00e4hlt\",\"message_template\":\"Nachricht Vorlage\",\"start_date\":\"Anfangsdatum\",\"end_date\":\"Enddatum\",\"url\":\"url\",\"create_message\":\"Nachricht erstellen\",\"inbox\":\"Posteingang\",\"compose\":\"Komponieren\",\"feed_backs\":\"Zuf\\u00fchrungen\",\"subject\":\"Fach\",\"posted_on\":\"Ver\\u00f6ffentlicht am\",\"view\":\"Aussicht\",\"from_email\":\"Aus der Email\",\"from_name\":\"Von Namen\",\"module\":\"Modul\",\"key\":\"Schl\\u00fcssel\",\"record_added_successfully\":\"Datensatz erfolgreich hinzugef\\u00fcgt\"}',	'2016-11-18 10:23:07',	'2019-06-11 04:02:34'),
(12,	'Indonesian',	'indonesian',	'id',	0,	0,	'{\"success\":\"Keberhasilan\",\"record_updated_successfully\":\"Rekam Updated Berhasil\",\"languages\":\"Bahasa\",\"create\":\"Membuat\",\"language\":\"Bahasa\",\"code\":\"Kode\",\"is_rtl\":\"Apakah Rtl\",\"default_language\":\"Bahasa default\",\"action\":\"Tindakan\",\"are_you_sure\":\"Apakah Anda Yakin\",\"you_will_not_be_able_to_recover_this_record\":\"Anda Tidak Akan Mampu Untuk Recover Rekam ini\",\"yes\":\"iya nih\",\"delete_it\":\"Hapus\",\"no\":\"Tidak\",\"cancel_please\":\"Batal Harap\",\"deleted\":\"dihapus\",\"sorry\":\"Maaf\",\"cannot_delete_this_record_as\":\"Tidak bisa Hapus Rekor ini Sebagai\",\"your_record_has_been_deleted\":\"Rekam Anda Telah Dihapus\",\"cancelled\":\"Dibatalkan\",\"your_record_is_safe\":\"Rekam Anda Apakah Aman\",\"latest_users\":\"Pengguna terbaru\",\"was_joined_as\":\"Itu Bergabung Sebagai\",\"see_more\":\"Lihat Lainnya\",\"my_profile\":\"Profil saya\",\"change_password\":\"Ganti kata sandi\",\"logout\":\"Keluar\",\"dashboard\":\"Dasbor\",\"users\":\"pengguna\",\"exams\":\"ujian\",\"categories\":\"kategori\",\"question_bank\":\"pertanyaan Bank\",\"quiz\":\"Ulangan\",\"exam_series\":\"ujian Series\",\"instructions\":\"petunjuk\",\"subjects_master\":\"subyek Guru\",\"subject_topics\":\"Topik subjek\",\"coupons\":\"kupon\",\"list\":\"Daftar\",\"add\":\"Menambahkan\",\"lms\":\"LMS\",\"contents\":\"Isi\",\"series\":\"Seri\",\"payment_reports\":\"Laporan Pembayaran\",\"online_payments\":\"Pembayaran online\",\"offline_payments\":\"Pembayaran Offline\",\"export\":\"Ekspor\",\"notifications\":\"pemberitahuan\",\"messages\":\"pesan\",\"feedback\":\"umpan balik\",\"master_settings\":\"Pengaturan Guru\",\"email_templates\":\"Template email\",\"settings\":\"pengaturan\",\"update_strings\":\"Strings pembaruan\",\"edit\":\"mengedit\",\"delete\":\"Menghapus\",\"enable\":\"Memungkinkan\",\"set_default\":\"Set standar\",\"disable\":\"melumpuhkan\",\"import_excel\":\"impor Excel\",\"add_user\":\"Tambahkan pengguna\",\"name\":\"Nama\",\"email\":\"E-mail\",\"image\":\"Gambar\",\"role\":\"Peran\",\"this_field_is_required\":\"Bagian ini diperlukan\",\"the_text_is_too_short\":\"Teks Apakah Terlalu Pendek\",\"the_text_is_too_long\":\"Teks Apakah Terlalu Panjang\",\"invalid_input\":\"valid Masukan\",\"username\":\"Nama pengguna\",\"please_enter_valid_email\":\"Silahkan Masukkan Email Valid\",\"select_role\":\"Pilih Peran\",\"phone\":\"Telepon\",\"please_enter_10-15_digit_mobile_number\":\"Silahkan Masukkan 10-15 Digit Nomor Handphone\",\"please_enter_valid_phone_number\":\"Silahkan Masukkan Nomor Telepon Hari\",\"billing_address\":\"alamat tagihan\",\"please_enter_your_address\":\"Silahkan Masukkan Alamat Anda\",\"file_type_not_allowed\":\"File Type Tidak Diizinkan\",\"quiz_categories\":\"kuis Kategori\",\"category\":\"Kategori\",\"description\":\"Deskripsi\",\"question_subjects\":\"pertanyaan Subyek\",\"import_questions\":\"impor Pertanyaan\",\"add_subject\":\"Tambahkan Subjek\",\"subject\":\"Subyek\",\"view_questions\":\"Lihat Pertanyaan\",\"quizzes\":\"kuis\",\"create_series\":\"Buat Series\",\"title\":\"Judul\",\"duration\":\"Lamanya\",\"is_paid\":\"Telah dibayar\",\"total_marks\":\"total Marks\",\"update_questions\":\"Perbarui Pertanyaan\",\"paid\":\"dibayar\",\"free\":\"Bebas\",\"cost\":\"Biaya\",\"validity\":\"Keabsahan\",\"total_exams\":\"total Ujian\",\"total_questions\":\"total Pertanyaan\",\"update_quizzes\":\"Update Kuis\",\"subjects_list\":\"Daftar mata pelajaran\",\"import\":\"Impor\",\"id\":\"id\",\"topics_list\":\"Daftar topik\",\"parent\":\"Induk\",\"topic (id)\":\"Topik (id)\",\"coupon_codes\":\"Kode kupon\",\"type\":\"Mengetik\",\"discount\":\"Diskon\",\"minimum_bill\":\"Bill minimum\",\"maximum_discount\":\"Paket maksimum\",\"limit\":\"Membatasi\",\"status\":\"Status\",\"select\":\"Memilih\",\"add_topic\":\"Tambahkan Topik\",\"topics\":\"Topik\",\"select_parent\":\"Pilih Induk\",\"topic_name\":\"topik Nama\",\"examseries\":\"Examseries\",\"create_coupon\":\"Buat kupon\",\"coupon_code\":\"Kode Kupon\",\"value\":\"Nilai\",\"percent\":\"Persen\",\"discount_type\":\"Jenis diskon\",\"discount_value\":\"diskon Nilai\",\"enter_value\":\"Masukkan Nilai\",\"please_enter_valid_number\":\"Silahkan Masukkan Nomor Hari\",\"enter_minimum_bill\":\"Masukkan Bill Minimum\",\"discount_maximum_amount\":\"Diskon Jumlah maksimum\",\"enter_maximum_amount\":\"Masukkan Jumlah maksimum\",\"valid_from\":\"Berlaku dari\",\"valid_to\":\"Hari Untuk\",\"usage_limit\":\"Batas penggunaan\",\"enter_usage_limit_per_user\":\"Masukkan Batas Penggunaan Per User\",\"pending\":\"tertunda\",\"total\":\"Total\",\"overall_statistics\":\"secara keseluruhan Statistik\",\"payments_reports_in\":\"Pembayaran Laporan Dalam\",\"payments\":\"pembayaran\",\"view_all\":\"Lihat semua\",\"payment_statistics\":\"Statistik pembayaran\",\"payment_monthly_statistics\":\"Statistik Bulanan Pembayaran\",\"export_payments_report\":\"Ekspor Pembayaran Laporan\",\"export_payment_records\":\"Rekaman ekspor Pembayaran\",\"download_excel\":\"Download Excel\",\"all_records\":\"semua Rekaman\",\"from_date\":\"Dari tanggal\",\"to_date\":\"Saat ini\",\"payment_type\":\"Tipe pembayaran\",\"all\":\"Semua\",\"online\":\"On line\",\"offline\":\"Offline\",\"payment_status\":\"Status pembayaran\",\"start_date\":\"Mulai tanggal\",\"end_date\":\"Tanggal akhir\",\"url\":\"url\",\"send_sms\":\"Kirim SMS\",\"sms_to\":\"sms Untuk\",\"students\":\"siswa\",\"parents\":\"Orangtua\",\"admins\":\"admin\",\"for_category\":\"untuk Kategori\",\"selected\":\"Terpilih\",\"message_template\":\"Template pesan\",\"create_message\":\"Menulis pesan\",\"inbox\":\"Inbox\",\"compose\":\"Menyusun\",\"feed_backs\":\"Punggung pakan\",\"posted_on\":\"Posted On\",\"view\":\"Melihat\",\"from_email\":\"Dari email\",\"from_name\":\"Dari nama\",\"module\":\"Modul\",\"key\":\"Kunci\",\"add_language\":\"Tambahkan Bahasa\",\"language_title\":\"bahasa Judul\",\"language_code\":\"Kode bahasa\",\"supported_language_codes\":\"Didukung Kode Bahasa\",\"record_added_successfully\":\"Rekam Ditambahkan Berhasil\"}',	'2016-11-18 10:25:50',	'2019-06-11 04:02:34'),
(13,	'Spanish',	'spanish',	'es',	0,	0,	'{\"success\":\"\\u00c9xito\",\"record_updated_successfully\":\"Registro actualizado con \\u00e9xito\",\"languages\":\"Idiomas\",\"create\":\"Crear\",\"language\":\"Idioma\",\"code\":\"C\\u00f3digo\",\"is_rtl\":\"es Rtl\",\"default_language\":\"Idioma predeterminado\",\"action\":\"Acci\\u00f3n\",\"are_you_sure\":\"Est\\u00e1s seguro\",\"you_will_not_be_able_to_recover_this_record\":\"Usted no ser\\u00e1 capaz de recuperar este registro\",\"yes\":\"S\\u00ed\",\"delete_it\":\"B\\u00f3rralo\",\"no\":\"No\",\"cancel_please\":\"Cancelar por favor\",\"deleted\":\"Eliminado\",\"sorry\":\"Lo siento\",\"cannot_delete_this_record_as\":\"No se puede eliminar este registro como\",\"your_record_has_been_deleted\":\"Su registro ha sido eliminado\",\"cancelled\":\"Cancelado\",\"your_record_is_safe\":\"Su registro es seguro\",\"latest_users\":\"Usuarios m\\u00e1s recientes\",\"was_joined_as\":\"Fue unido a\",\"see_more\":\"Ver m\\u00e1s\",\"my_profile\":\"Mi perfil\",\"change_password\":\"Cambia la contrase\\u00f1a\",\"logout\":\"Cerrar sesi\\u00f3n\",\"dashboard\":\"Tablero\",\"users\":\"Usuarios\",\"exams\":\"ex\\u00e1menes\",\"categories\":\"Categor\\u00edas\",\"question_bank\":\"banco de preguntas\",\"quiz\":\"Examen\",\"exam_series\":\"Serie de ex\\u00e1menes\",\"instructions\":\"Instrucciones\",\"subjects_master\":\"Materias Master\",\"subject_topics\":\"Asunto Temas\",\"coupons\":\"cupones\",\"list\":\"Lista\",\"add\":\"A\\u00f1adir\",\"lms\":\"Lms\",\"contents\":\"Contenido\",\"series\":\"Serie\",\"payment_reports\":\"Informes de pago\",\"online_payments\":\"Pagos en l\\u00ednea\",\"offline_payments\":\"Pagos sin conexi\\u00f3n\",\"export\":\"Exportar\",\"notifications\":\"Notificaciones\",\"messages\":\"Mensajes\",\"feedback\":\"Realimentaci\\u00f3n\",\"master_settings\":\"Configuraci\\u00f3n maestra\",\"email_templates\":\"Plantillas de correo electr\\u00f3nico\",\"settings\":\"Ajustes\",\"update_strings\":\"Actualizar cadenas\",\"edit\":\"Editar\",\"delete\":\"Borrar\",\"enable\":\"Habilitar\",\"set_default\":\"Establecer predeterminado\",\"disable\":\"Inhabilitar\",\"user_statistics\":\"Estad\\u00edsticas de usuario\",\"pending\":\"Pendiente\",\"total\":\"Total\",\"overall_statistics\":\"Estad\\u00edsticas generales\",\"payments_reports_in\":\"Informes de pagos en\",\"demanding_quizzes\":\"Pruebas exigentes\",\"demanding\":\"Exigente\",\"quizzes\":\"Quizzes\",\"view_all\":\"Ver todo\",\"quiz_categories\":\"Categor\\u00edas del concurso\",\"subjects\":\"Asignaturas\",\"topics\":\"Temas\",\"questions\":\"Preguntas\",\"payment_statistics\":\"Estad\\u00edsticas de Pago\",\"payment_monthly_statistics\":\"Estad\\u00edsticas Mensuales de Pago\",\"quizzes_usage\":\"Uso de los cuestionarios\",\"paid_quizzes_usage\":\"Uso de cuestionarios pagados\",\"subjects_list\":\"Lista de temas\",\"import\":\"Importar\",\"id\":\"Carn\\u00e9 de identidad\",\"subject\":\"Tema\",\"import_excel\":\"Importar Excel\",\"add_user\":\"Agregar usuario\",\"name\":\"Nombre\",\"email\":\"Email\",\"image\":\"Imagen\",\"role\":\"Papel\",\"category\":\"Categor\\u00eda\",\"description\":\"Descripci\\u00f3n\",\"create_category\":\"Crear categor\\u00eda\",\"category_name\":\"nombre de la categor\\u00eda\",\"enter_category_name\":\"Ingrese el nombre de la categor\\u00eda\",\"this_field_is_required\":\"Este campo es requerido\",\"invalid_input\":\"entrada inv\\u00e1lida\",\"file_type_not_allowed\":\"Tipo de archivo no permitido\",\"question_subjects\":\"Temas de la pregunta\",\"import_questions\":\"Preguntas de importaci\\u00f3n\",\"add_subject\":\"A\\u00f1adir tema\",\"view_questions\":\"Ver preguntas\",\"create_series\":\"Crear serie\",\"title\":\"T\\u00edtulo\",\"duration\":\"Duraci\\u00f3n\",\"is_paid\":\"Est\\u00e1 pagado\",\"total_marks\":\"Notas totales\",\"cost\":\"Costo\",\"validity\":\"Validez\",\"total_exams\":\"Total de ex\\u00e1menes\",\"total_questions\":\"total de preguntas\",\"update_quizzes\":\"Actualizar los cuestionarios\",\"paid\":\"Pagado\",\"free\":\"Gratis\",\"coupon_codes\":\"C\\u00f3digos de cupones\",\"type\":\"Tipo\",\"discount\":\"Descuento\",\"minimum_bill\":\"facturaci\\u00f3n m\\u00ednima\",\"maximum_discount\":\"Descuento M\\u00e1ximo\",\"limit\":\"L\\u00edmite\",\"status\":\"Estado\",\"examseries\":\"Examseries\",\"create_coupon\":\"Crear cup\\u00f3n\",\"the_text_is_too_short\":\"El texto es demasiado corto\",\"the_text_is_too_long\":\"El texto es demasiado largo\",\"coupon_code\":\"C\\u00f3digo promocional\",\"value\":\"Valor\",\"percent\":\"Por ciento\",\"discount_type\":\"Tipo de descuento\",\"discount_value\":\"Valor de descuento\",\"enter_value\":\"Introducir valor\",\"please_enter_valid_number\":\"Ingrese un n\\u00famero v\\u00e1lido\",\"enter_minimum_bill\":\"Introduzca la factura m\\u00ednima\",\"discount_maximum_amount\":\"Importe m\\u00e1ximo de descuento\",\"enter_maximum_amount\":\"Introduzca la cantidad m\\u00e1xima\",\"valid_from\":\"V\\u00e1lida desde\",\"valid_to\":\"V\\u00e1lido hasta\",\"usage_limit\":\"L\\u00edmite de uso\",\"enter_usage_limit_per_user\":\"Introducir l\\u00edmite de uso por usuario\",\"lms_categories\":\"Lms Categor\\u00edas\",\"lms_content\":\"Contenido de LMS\",\"lms_series\":\"Serie Lms\",\"total_items\":\"Articulos totales\",\"update_lms\":\"Actualizar LMS\",\"payments\":\"pagos\",\"export_payments_report\":\"Informe de pagos de exportaci\\u00f3n\",\"export_payment_records\":\"Registros de pagos de exportaci\\u00f3n\",\"download_excel\":\"Descargar Excel\",\"all_records\":\"Todos los registros\",\"from_date\":\"Partir de la fecha\",\"to_date\":\"Hasta la fecha\",\"payment_type\":\"Tipo de pago\",\"all\":\"Todas\",\"online\":\"En l\\u00ednea\",\"offline\":\"Desconectado\",\"payment_status\":\"Estado de pago\",\"start_date\":\"Fecha de inicio\",\"end_date\":\"Fecha final\",\"url\":\"Url\",\"send_sms\":\"Enviar SMS\",\"sms_to\":\"Sms a\",\"students\":\"Estudiantes\",\"parents\":\"Padres\",\"admins\":\"Admins\",\"for_category\":\"para la categor\\u00eda\",\"selected\":\"Seleccionado\",\"message_template\":\"Plantilla de mensaje\",\"create_message\":\"Crear un mensaje\",\"inbox\":\"Bandeja de entrada\",\"compose\":\"Componer\",\"feed_backs\":\"Feed Backs\",\"posted_on\":\"Publicado en\",\"view\":\"Ver\",\"from_email\":\"Desde el e-mail\",\"from_name\":\"de nombre\",\"module\":\"M\\u00f3dulo\",\"key\":\"Llave\",\"add_language\":\"A\\u00f1adir Idioma\",\"language_title\":\"Idioma T\\u00edtulo\",\"language_code\":\"C\\u00f3digo de lenguaje\",\"supported_language_codes\":\"C\\u00f3digos de idioma compatibles\",\"record_added_successfully\":\"Registro agregado con \\u00e9xito\"}',	'2016-11-18 10:28:54',	'2019-06-11 04:02:34'),
(14,	'French',	'french',	'fr',	0,	0,	'{\"success\":\"le succ\\u00e8s\",\"record_updated_successfully\":\"Enregistrement mis \\u00e0 jour avec succ\\u00e8s\",\"languages\":\"Langues\",\"create\":\"Cr\\u00e9er\",\"language\":\"La langue\",\"code\":\"Code\",\"is_rtl\":\"Est-ce que Rtl\",\"default_language\":\"Langage par d\\u00e9faut\",\"action\":\"action\",\"are_you_sure\":\"\\u00cates-vous s\\u00fbr\",\"you_will_not_be_able_to_recover_this_record\":\"Vous ne serez pas capable de r\\u00e9cup\\u00e9rer ce dossier\",\"yes\":\"Oui\",\"delete_it\":\"Supprime-le\",\"no\":\"Non\",\"cancel_please\":\"Annuler S\'il vous pla\\u00eet\",\"deleted\":\"Supprim\\u00e9\",\"sorry\":\"Pardon\",\"cannot_delete_this_record_as\":\"Impossible de supprimer ce fichier\",\"your_record_has_been_deleted\":\"Votre enregistrement a \\u00e9t\\u00e9 supprim\\u00e9\",\"cancelled\":\"Annul\\u00e9\",\"your_record_is_safe\":\"Votre dossier est s\\u00e9curitaire\",\"latest_users\":\"Derniers utilisateurs\",\"was_joined_as\":\"A \\u00e9t\\u00e9 rejoint comme\",\"see_more\":\"Voir plus\",\"my_profile\":\"Mon profil\",\"change_password\":\"Changer le mot de passe\",\"logout\":\"Se d\\u00e9connecter\",\"dashboard\":\"Tableau de bord\",\"users\":\"Utilisateurs\",\"exams\":\"Examens\",\"categories\":\"Cat\\u00e9gories\",\"question_bank\":\"Banque de questions\",\"quiz\":\"Quiz\",\"exam_series\":\"S\\u00e9rie d\'examens\",\"instructions\":\"Instructions\",\"subjects_master\":\"Sujets Master\",\"subject_topics\":\"Sujet Sujets\",\"coupons\":\"Bons de r\\u00e9duction\",\"list\":\"liste\",\"add\":\"Ajouter\",\"lms\":\"Lms\",\"contents\":\"Contenu\",\"series\":\"S\\u00e9ries\",\"payment_reports\":\"Rapports de paiement\",\"online_payments\":\"Paiements en ligne\",\"offline_payments\":\"Paiements en diff\\u00e9r\\u00e9\",\"export\":\"Exportation\",\"notifications\":\"Notifications\",\"messages\":\"messages\",\"feedback\":\"Retour d\'information\",\"master_settings\":\"Param\\u00e8tres ma\\u00eetre\",\"email_templates\":\"Mod\\u00e8les de courrier \\u00e9lectronique\",\"settings\":\"Param\\u00e8tres\",\"update_strings\":\"Mettre \\u00e0 jour les cha\\u00eenes\",\"edit\":\"modifier\",\"delete\":\"Effacer\",\"enable\":\"Activer\",\"set_default\":\"D\\u00e9finir par defaut\",\"disable\":\"D\\u00e9sactiver\",\"user_statistics\":\"Statistiques utilisateur\",\"pending\":\"en attendant\",\"total\":\"Total\",\"overall_statistics\":\"Statistiques g\\u00e9n\\u00e9rales\",\"payments_reports_in\":\"Rapports de paiements\",\"demanding_quizzes\":\"Demandes de tests\",\"demanding\":\"Exigeant\",\"quizzes\":\"Quiz\",\"view_all\":\"Voir tout\",\"quiz_categories\":\"Cat\\u00e9gories de quiz\",\"subjects\":\"Sujets\",\"topics\":\"Les sujets\",\"questions\":\"Les questions\",\"payment_statistics\":\"Statistiques de paiement\",\"payment_monthly_statistics\":\"Statistiques mensuelles de paiement\",\"quizzes_usage\":\"Utilisation des Quiz\",\"paid_quizzes_usage\":\"Utilisation des quiz pay\\u00e9s\",\"import_excel\":\"Importer Excel\",\"add_user\":\"Ajouter un utilisateur\",\"name\":\"pr\\u00e9nom\",\"email\":\"Email\",\"image\":\"image\",\"role\":\"R\\u00f4le\",\"category\":\"Cat\\u00e9gorie\",\"description\":\"La description\",\"question_subjects\":\"Question Sujets\",\"import_questions\":\"Questions d\'importation\",\"add_subject\":\"Ajouter un sujet\",\"subject\":\"Assujettir\",\"view_questions\":\"Afficher les questions\",\"title\":\"Titre\",\"is_paid\":\"Est pay\\u00e9\",\"cost\":\"Co\\u00fbt\",\"validity\":\"Validit\\u00e9\",\"total_exams\":\"Total des examens\",\"total_questions\":\"Total des questions\",\"content\":\"Contenu\",\"subjects_list\":\"Liste des sujets\",\"import\":\"Importer\",\"id\":\"Id\",\"topics_list\":\"Liste des sujets\",\"parent\":\"Parent\",\"topic (id)\":\"Sujet (id)\",\"coupon_codes\":\"Coupon Codes\",\"type\":\"Type\",\"discount\":\"Remise\",\"minimum_bill\":\"Projet de loi minimum\",\"maximum_discount\":\"Remise maximale\",\"limit\":\"Limite\",\"status\":\"statut\",\"examseries\":\"Examseries\",\"create_coupon\":\"Cr\\u00e9er un coupon\",\"this_field_is_required\":\"Ce champ est requis\",\"invalid_input\":\"entr\\u00e9e invalide\",\"the_text_is_too_short\":\"Le texte est trop court\",\"the_text_is_too_long\":\"Le texte est trop long\",\"coupon_code\":\"Coupon Code\",\"value\":\"Valeur\",\"percent\":\"Pour cent\",\"discount_type\":\"Type de remise\",\"discount_value\":\"R\\u00e9duction\",\"enter_value\":\"Entrez la valeur\",\"please_enter_valid_number\":\"Veuillez entrer un num\\u00e9ro valide\",\"enter_minimum_bill\":\"Saisir la facture minimale\",\"discount_maximum_amount\":\"Remise Montant maximum\",\"enter_maximum_amount\":\"Saisissez le montant maximal\",\"valid_from\":\"Valide \\u00e0 partir de\",\"valid_to\":\"Valable pour\",\"usage_limit\":\"Limite d\'utilisation\",\"enter_usage_limit_per_user\":\"Entrez la limite d\'utilisation par utilisateur\",\"lms_categories\":\"Lms Cat\\u00e9gories\",\"lms_content\":\"Lms Contenu\",\"lms_series\":\"S\\u00e9rie LMS\",\"total_items\":\"Total des articles\",\"update_lms\":\"Mise \\u00e0 jour LMS\",\"paid\":\"Pay\\u00e9\",\"free\":\"Gratuit\",\"payments\":\"Paiements\",\"export_payments_report\":\"Rapport sur les paiements \\u00e0 l\'exportation\",\"export_payment_records\":\"Enregistrement des paiements d\'exportation\",\"download_excel\":\"T\\u00e9l\\u00e9charger Excel\",\"all_records\":\"Tous les records\",\"from_date\":\"Partir de la date\",\"to_date\":\"\\u00c0 ce jour\",\"payment_type\":\"Type de paiement\",\"all\":\"Tout\",\"online\":\"En ligne\",\"offline\":\"Hors ligne\",\"payment_status\":\"Statut de paiement\",\"start_date\":\"Date de d\\u00e9but\",\"end_date\":\"Date de fin\",\"url\":\"Url\",\"send_sms\":\"Envoyer un SMS\",\"sms_to\":\"Sms \\u00e0\",\"students\":\"\\u00c9l\\u00e8ves\",\"parents\":\"Des parents\",\"admins\":\"Administrateurs\",\"for_category\":\"Pour la cat\\u00e9gorie\",\"selected\":\"Choisi\",\"message_template\":\"Mod\\u00e8le de message\",\"create_message\":\"Cr\\u00e9er un message\",\"inbox\":\"Bo\\u00eete de r\\u00e9ception\",\"compose\":\"Composer\",\"feed_backs\":\"Alimentation\",\"posted_on\":\"Post\\u00e9 sur\",\"view\":\"Vue\",\"from_email\":\"De l\'email\",\"from_name\":\"De Nom\",\"module\":\"Module\",\"key\":\"Cl\\u00e9\",\"edit_user\":\"Modifier l\'utilisateur\",\"update\":\"Mettre \\u00e0 jour\",\"username\":\"Nom d\'utilisateur\",\"please_enter_valid_email\":\"Veuillez saisir un email valide\",\"select_role\":\"S\\u00e9lectionner le r\\u00f4le\",\"phone\":\"T\\u00e9l\\u00e9phone\",\"please_enter_10-15_digit_mobile_number\":\"Entrez un num\\u00e9ro mobile de 10 \\u00e0 15 chiffres\",\"please_enter_valid_phone_number\":\"S\'il vous plait entrez un num\\u00e9ro de t\\u00e9l\\u00e9phone valide\",\"billing_address\":\"Adresse de facturation\",\"please_enter_your_address\":\"Veuillez entrer votre adresse\",\"file_type_not_allowed\":\"Type de fichier non autoris\\u00e9\",\"add_language\":\"Ajouter une langue\",\"language_title\":\"Titre du langage\",\"language_code\":\"Code de langue\",\"supported_language_codes\":\"Codes de langue pris en charge\",\"record_added_successfully\":\"Enregistrement ajout\\u00e9 avec succ\\u00e8s\",\"exam_types\":\"Exam Types\",\"themes\":\"Themes\",\"please_wait\":\"Please Wait\",\"subscribed_users\":\"Subscribed Users\",\"subscribe\":\"Subscribe\",\"practice_exams_and_exam_categories\":\"Practice Exams And Exam Categories\",\"browse_all_categories\":\"Browse All Categories\",\"create_account\":\"Create Account\",\"sign_in\":\"Sign In\",\"home\":\"Home\",\"practice_exams\":\"Practice Exams\",\"courses\":\"Courses\",\"pattren\":\"Pattren\",\"pricing\":\"Pricing\",\"syllabus\":\"Syllabus\",\"about_us\":\"About Us\",\"contact_us\":\"Contact Us\",\"follow_us_on\":\"Follow Us On\",\"terms_and_conditions\":\"Terms And Conditions\",\"privacy_and_policy\":\"Privacy And Policy\",\"start_exam\":\"Commencer l\'examen\",\"browse_all_exams\":\"Parcourir tous les examens\",\"free_exams\":\"Examens gratuits\",\"paid_exams\":\"Examens payants\",\"learning_management_system\":\"Apprentissage syst\\u00e8me de gestion\",\"about-us\":\"\\u00c0 propos de nous\",\"contact_our_experts_now\":\"Contactez nos experts maintenant\",\"feel_free_to_contact\":\"H\\u00e9sitez pas \\u00e0 contacter\",\"send_message\":\"Envoyer le message\",\"our_contact_details\":\"Nos coordonn\\u00e9es\",\"please enter your name\":\"S\'il vous pla\\u00eet entrez votre nom\",\"please enter your message\":\"S\'il vous pla\\u00eet entrer votre message\",\"please enter your subject\":\"Veuillez entrer votre sujet\",\"please enter your phone number\":\"S\'il vous plait, entrez votre num\\u00e9ro de t\\u00e9l\\u00e9phone\",\"please provide a valid email\":\"Veuillez fournir un courriel valide\",\"please enter a valid email address\":\"S\'il vous pla\\u00eet, mettez une adresse email valide\",\"congratulations\":\"Toutes nos f\\u00e9licitations\",\"your_message_was_sent_our_team_will_contact_you_soon\":\"Votre message a \\u00e9t\\u00e9 envoy\\u00e9 Notre \\u00e9quipe vous contactera bient\\u00f4t\"}',	'2016-11-18 10:33:35',	'2019-06-11 04:02:34'),
(15,	'Dutch',	'dutch',	'nl',	0,	0,	'{\"success\":\"Succes\",\"record_updated_successfully\":\"Record Bijgewerkt succesvol\",\"languages\":\"talen\",\"create\":\"cre\\u00ebren\",\"language\":\"Taal\",\"code\":\"Code\",\"is_rtl\":\"is Rtl\",\"default_language\":\"Standaard taal\",\"action\":\"Actie\",\"are_you_sure\":\"Weet je het zeker\",\"you_will_not_be_able_to_recover_this_record\":\"Je zult niet in staat om dit record te herstellen\",\"yes\":\"Ja\",\"delete_it\":\"Verwijder het\",\"no\":\"Nee\",\"cancel_please\":\"annuleren Gelieve\",\"deleted\":\"verwijderde\",\"sorry\":\"Sorry\",\"cannot_delete_this_record_as\":\"Kan niet verwijderen Dit record als\",\"your_record_has_been_deleted\":\"Uw record is verwijderd\",\"cancelled\":\"Geannuleerd\",\"your_record_is_safe\":\"Uw Record Is Safe\",\"latest_users\":\"Laatste gebruikers\",\"was_joined_as\":\"Werd aangesteld als\",\"see_more\":\"Bekijk meer\",\"my_profile\":\"Mijn profiel\",\"change_password\":\"Verander wachtwoord\",\"logout\":\"Uitloggen\",\"dashboard\":\"Dashboard\",\"users\":\"gebruikers\",\"exams\":\"examens\",\"categories\":\"Categorie\\u00ebn\",\"question_bank\":\"vraag Bank\",\"quiz\":\"Quiz\",\"exam_series\":\"examen Series\",\"instructions\":\"instructies\",\"subjects_master\":\"onderwerpen Master\",\"subject_topics\":\"onderwerp Topics\",\"coupons\":\"coupons\",\"list\":\"Lijst\",\"add\":\"Toevoegen\",\"lms\":\"lms\",\"contents\":\"Inhoud\",\"series\":\"Serie\",\"payment_reports\":\"betaling Reports\",\"online_payments\":\"online betalingen\",\"offline_payments\":\"offline betalingen\",\"export\":\"Exporteren\",\"notifications\":\"meldingen\",\"messages\":\"berichten\",\"feedback\":\"terugkoppeling\",\"master_settings\":\"Master-instellingen\",\"email_templates\":\"email Templates\",\"settings\":\"instellingen\",\"update_strings\":\"Strings bijwerken\",\"edit\":\"Bewerk\",\"delete\":\"Verwijder\",\"enable\":\"in staat stellen\",\"set_default\":\"Standaard instellen\",\"disable\":\"onbruikbaar maken\",\"import_excel\":\"import Excel\",\"add_user\":\"Voeg gebruiker toe\",\"name\":\"Naam\",\"email\":\"E-mail\",\"image\":\"Beeld\",\"role\":\"Rol\",\"user_statistics\":\"Gebruikers Statistieken\",\"pending\":\"in afwachting van\",\"total\":\"Totaal\",\"overall_statistics\":\"Overall Statistieken\",\"payments_reports_in\":\"Betalingen Rapporten In\",\"demanding_quizzes\":\"veeleisende Quizzen\",\"demanding\":\"veeleisende\",\"quizzes\":\"quizzen\",\"view_all\":\"Bekijk alles\",\"quiz_categories\":\"Quiz Categorie\\u00ebn\",\"subjects\":\"vakken\",\"topics\":\"onderwerpen\",\"questions\":\"vragen\",\"payment_statistics\":\"betaling Statistieken\",\"payment_monthly_statistics\":\"Betaling Maandoverzicht\",\"quizzes_usage\":\"quizzen Usage\",\"paid_quizzes_usage\":\"Betaalde Quizzen Usage\",\"add_language\":\"Voeg Taal\",\"language_title\":\"taal Titel\",\"this_field_is_required\":\"Dit veld is verplicht\",\"the_text_is_too_short\":\"De tekst is te Kort\",\"the_text_is_too_long\":\"De tekst is te lang\",\"language_code\":\"taalcode\",\"supported_language_codes\":\"Ondersteunde Taalcodes\",\"category\":\"Categorie\",\"description\":\"Beschrijving\",\"question_subjects\":\"vraag onderwerpen\",\"import_questions\":\"vragen importeren\",\"add_subject\":\"Voeg een onderwerp toe\",\"subject\":\"Onderwerpen\",\"view_questions\":\"Bekijk vragen\",\"create_series\":\"Maak Series\",\"title\":\"Titel\",\"duration\":\"Duur\",\"is_paid\":\"Is betaald\",\"total_marks\":\"Totaal Marks\",\"update_questions\":\"bijwerken vragen\",\"paid\":\"Betaald\",\"free\":\"Gratis\",\"cost\":\"Kosten\",\"validity\":\"deugdelijkheid\",\"total_exams\":\"Totaal Examens\",\"total_questions\":\"Totaal vragen\",\"update_quizzes\":\"update Quizzen\",\"content\":\"Inhoud\",\"subjects_list\":\"onderwerpen Lijst\",\"import\":\"Importeren\",\"id\":\"Id\",\"topics_list\":\"onderwerpen Lijst\",\"parent\":\"Ouder\",\"topic (id)\":\"Topic (id)\",\"coupon_codes\":\"Kortingscodes\",\"type\":\"Type\",\"discount\":\"Korting\",\"minimum_bill\":\"minimum Bill\",\"maximum_discount\":\"maximum Discount\",\"limit\":\"Begrenzing\",\"status\":\"toestand\",\"examseries\":\"Examseries\",\"create_coupon\":\"Maak Coupon\",\"invalid_input\":\"ongeldige invoer\",\"coupon_code\":\"coupon code\",\"value\":\"Waarde\",\"percent\":\"procent\",\"discount_type\":\"Discount Type\",\"discount_value\":\"Discount Value\",\"enter_value\":\"Enter Value\",\"please_enter_valid_number\":\"Voer geldige Number\",\"enter_minimum_bill\":\"Voer Minimum Bill\",\"discount_maximum_amount\":\"Discount Maximumbedrag\",\"enter_maximum_amount\":\"Voer Maximumbedrag\",\"valid_from\":\"Geldig vanaf\",\"valid_to\":\"Geldig tot\",\"usage_limit\":\"gebruik Limit\",\"enter_usage_limit_per_user\":\"Voer Usage Limit per gebruiker\",\"lms_categories\":\"lms Categorie\\u00ebn\",\"lms_content\":\"lms Content\",\"lms_series\":\"lms Series\",\"total_items\":\"Total items\",\"update_lms\":\"update Lms\",\"payments\":\"betalingen\",\"export_payments_report\":\"Export Payments Report\",\"export_payment_records\":\"Export Betaling Records\",\"download_excel\":\"Download Excel\",\"all_records\":\"alle records\",\"from_date\":\"Van datum\",\"to_date\":\"Daten\",\"payment_type\":\"Betalingswijze\",\"all\":\"Alle\",\"online\":\"Online\",\"offline\":\"offline\",\"payment_status\":\"Betalingsstatus\",\"start_date\":\"Begin datum\",\"end_date\":\"Einddatum\",\"url\":\"url\",\"send_sms\":\"Verstuur sms\",\"sms_to\":\"sMS naar\",\"students\":\"leerlingen\",\"parents\":\"Ouders\",\"admins\":\"Admins\",\"for_category\":\"voor Categorie\",\"selected\":\"Gekozen\",\"message_template\":\"Template Message\",\"create_message\":\"Cree\\u00ebr bericht\",\"inbox\":\"inbox\",\"compose\":\"Componeren\",\"feed_backs\":\"Feed Backs\",\"posted_on\":\"Geplaatst op\",\"view\":\"Uitzicht\",\"from_email\":\"Van email\",\"from_name\":\"Van naam\",\"module\":\"module\",\"key\":\"sleutel\",\"record_added_successfully\":\"Record succesvol toegevoegd\",\"info\":\"info\",\"operations_are_disabled_in_demo_version\":\"Zijn uitgeschakeld In Demo Version\",\"themes\":\"Themes\",\"send_push_notification\":\"Send Push Notification\",\"exam_types\":\"Exam Types\",\"resumes_templates\":\"Resumes Templates\",\"pages\":\"Pages\",\"blogs\":\"Blogs\",\"faqs\":\"Faqs\",\"please_wait\":\"Please Wait\"}',	'2016-11-18 10:38:15',	'2019-06-11 04:02:34'),
(16,	'Portuguese',	'portuguese',	'pt',	0,	0,	'{\"success\":\"Sucesso\",\"record_updated_successfully\":\"Registro atualizado com \\u00eaxito\",\"languages\":\"Idiomas\",\"create\":\"Crio\",\"language\":\"L\\u00edngua\",\"code\":\"C\\u00f3digo\",\"is_rtl\":\"\\u00c9 Rtl\",\"default_language\":\"Idioma padr\\u00e3o\",\"action\":\"A\\u00e7ao\",\"are_you_sure\":\"Voc\\u00ea tem certeza\",\"you_will_not_be_able_to_recover_this_record\":\"Voc\\u00ea n\\u00e3o ser\\u00e1 capaz de recuperar este registro\",\"yes\":\"sim\",\"delete_it\":\"Delete isso\",\"no\":\"N\\u00e3o\",\"cancel_please\":\"Cancelar por favor\",\"deleted\":\"Eliminado\",\"sorry\":\"Desculpa\",\"cannot_delete_this_record_as\":\"N\\u00e3o \\u00e9 poss\\u00edvel excluir este registro como\",\"your_record_has_been_deleted\":\"Seu registro foi exclu\\u00eddo\",\"cancelled\":\"Cancelado\",\"your_record_is_safe\":\"Seu registro \\u00e9 seguro\",\"latest_users\":\"Usu\\u00e1rios mais recentes\",\"was_joined_as\":\"Foi associado como\",\"see_more\":\"Ver mais\",\"my_profile\":\"Meu perfil\",\"change_password\":\"Mudar senha\",\"logout\":\"Sair\",\"dashboard\":\"Dashboard\",\"users\":\"Usu\\u00e1rios\",\"exams\":\"Exames\",\"categories\":\"Categorias\",\"question_bank\":\"Banco de perguntas\",\"quiz\":\"Question\\u00e1rio\",\"exam_series\":\"S\\u00e9rie de Exames\",\"instructions\":\"Instru\\u00e7\\u00f5es\",\"subjects_master\":\"Assuntos Mestre\",\"subject_topics\":\"T\\u00f3picos de Assunto\",\"coupons\":\"Cup\\u00f5es\",\"list\":\"Lista\",\"add\":\"Adicionar\",\"lms\":\"Lms\",\"contents\":\"Conte\\u00fado\",\"series\":\"S\\u00e9rie\",\"payment_reports\":\"Relat\\u00f3rios de pagamento\",\"online_payments\":\"Pagamentos on-line\",\"offline_payments\":\"Pagamentos off-line\",\"export\":\"Exportar\",\"notifications\":\"Notifica\\u00e7\\u00f5es\",\"messages\":\"Mensagens\",\"feedback\":\"Coment\\u00e1rios\",\"master_settings\":\"Configura\\u00e7\\u00f5es mestre\",\"email_templates\":\"Modelos de e-mail\",\"settings\":\"Configura\\u00e7\\u00f5es\",\"update_strings\":\"Atualizar seq\\u00fc\\u00eancias de caracteres\",\"edit\":\"Editar\",\"delete\":\"Excluir\",\"enable\":\"Habilitar\",\"set_default\":\"Conjunto padr\\u00e3o\",\"disable\":\"Desativar\",\"user_statistics\":\"Estat\\u00edsticas do usu\\u00e1rio\",\"pending\":\"Pendente\",\"total\":\"Total\",\"overall_statistics\":\"Estat\\u00edsticas gerais\",\"payments_reports_in\":\"Relat\\u00f3rios de pagamentos em\",\"demanding_quizzes\":\"Testes exigentes\",\"demanding\":\"Exigente\",\"quizzes\":\"Quizzes\",\"view_all\":\"Ver tudo\",\"quiz_categories\":\"Categorias de Quiz\",\"subjects\":\"assuntos\",\"topics\":\"T\\u00f3picos\",\"questions\":\"Quest\\u00f5es\",\"payment_statistics\":\"Estat\\u00edsticas de Pagamentos\",\"payment_monthly_statistics\":\"Estat\\u00edsticas Mensais de Pagamento\",\"quizzes_usage\":\"Uso de question\\u00e1rios\",\"paid_quizzes_usage\":\"Uso de question\\u00e1rios pagos\",\"import_excel\":\"Importar Excel\",\"add_user\":\"Adicionar usu\\u00e1rio\",\"name\":\"Nome\",\"email\":\"O email\",\"image\":\"Imagem\",\"role\":\"Fun\\u00e7\\u00e3o\",\"category\":\"Categoria\",\"description\":\"Descri\\u00e7\\u00e3o\",\"question_subjects\":\"Pergunta\",\"import_questions\":\"Importar perguntas\",\"add_subject\":\"Adicionar assunto\",\"subject\":\"Sujeito\",\"view_questions\":\"Ver perguntas\",\"create_series\":\"Criar S\\u00e9rie\",\"title\":\"T\\u00edtulo\",\"duration\":\"Dura\\u00e7\\u00e3o\",\"is_paid\":\"\\u00c9 pago\",\"total_marks\":\"Marcas totais\",\"update_questions\":\"Perguntas de atualiza\\u00e7\\u00e3o\",\"paid\":\"Pago\",\"free\":\"Livre\",\"cost\":\"Custo\",\"validity\":\"Validade\",\"total_exams\":\"Exames totais\",\"total_questions\":\"Total de perguntas\",\"update_quizzes\":\"Atualizar Quizzes\",\"content\":\"Conte\\u00fado\",\"topics_list\":\"Lista de t\\u00f3picos\",\"import\":\"Importar\",\"parent\":\"Pai\",\"topic (id)\":\"T\\u00f3pico (id)\",\"coupon_codes\":\"C\\u00f3digos de cup\\u00e3o\",\"type\":\"Digitar\",\"discount\":\"Desconto\",\"minimum_bill\":\"Conta m\\u00ednima\",\"maximum_discount\":\"Desconto m\\u00e1ximo\",\"limit\":\"Limite\",\"status\":\"Status\",\"examseries\":\"Examseries\",\"create_coupon\":\"Criar cupom\",\"this_field_is_required\":\"Este campo \\u00e9 obrigat\\u00f3rio\",\"invalid_input\":\"entrada inv\\u00e1lida\",\"the_text_is_too_short\":\"O texto \\u00e9 muito curto\",\"the_text_is_too_long\":\"O texto \\u00e9 muito longo\",\"coupon_code\":\"C\\u00f3digo do cupom\",\"value\":\"Valor\",\"percent\":\"Por cento\",\"discount_type\":\"Tipo de desconto\",\"discount_value\":\"Valor de desconto\",\"enter_value\":\"Inserir valor\",\"please_enter_valid_number\":\"Insira o n\\u00famero v\\u00e1lido\",\"enter_minimum_bill\":\"Inserir Conta M\\u00ednima\",\"discount_maximum_amount\":\"Valor m\\u00e1ximo do desconto\",\"enter_maximum_amount\":\"Insira o valor m\\u00e1ximo\",\"valid_from\":\"V\\u00e1lido de\",\"valid_to\":\"Valido para\",\"usage_limit\":\"Limite de uso\",\"enter_usage_limit_per_user\":\"Inserir limite de uso por usu\\u00e1rio\",\"lms_categories\":\"Lms Categorias\",\"lms_content\":\"Conte\\u00fado do Lms\",\"lms_series\":\"S\\u00e9rie Lms\",\"total_items\":\"Total de itens\",\"update_lms\":\"Atualizar LMS\",\"payments\":\"Pagamentos\",\"export_payments_report\":\"Relat\\u00f3rio de pagamentos de exporta\\u00e7\\u00e3o\",\"export_payment_records\":\"Exportar Registros de Pagamento\",\"download_excel\":\"Fa\\u00e7a o download do Excel\",\"all_records\":\"Todos os registros\",\"from_date\":\"Da data\",\"to_date\":\"A data\",\"payment_type\":\"Tipo de pagamento\",\"all\":\"Todos\",\"online\":\"Conectados\",\"offline\":\"Offline\",\"payment_status\":\"Status do pagamento\",\"start_date\":\"Data de in\\u00edcio\",\"end_date\":\"Data final\",\"url\":\"Url\",\"send_sms\":\"Enviar SMS\",\"sms_to\":\"SMS para\",\"students\":\"Estudantes\",\"parents\":\"Pais\",\"admins\":\"Administradores\",\"for_category\":\"Para a categoria\",\"selected\":\"Selecionado\",\"message_template\":\"Modelo de mensagem\",\"create_message\":\"Criar Mensagem\",\"inbox\":\"Caixa de entrada\",\"compose\":\"Compor\",\"feed_backs\":\"Feed Backs\",\"posted_on\":\"Postado em\",\"view\":\"Vis\\u00e3o\",\"from_email\":\"De e-mail\",\"from_name\":\"De nome\",\"site_title\":\"titulo do site\",\"edit_user\":\"Editar usu\\u00e1rio\",\"update\":\"Atualizar\",\"please_enter_valid_email\":\"Digite um e-mail v\\u00e1lido\",\"select_role\":\"Selecionar fun\\u00e7\\u00e3o\",\"add_language\":\"Adicionar idioma\",\"language_title\":\"T\\u00edtulo da L\\u00edngua\",\"language_code\":\"C\\u00f3digo de idioma\",\"supported_language_codes\":\"C\\u00f3digos de idioma suportados\",\"edit_language\":\"Editar idioma\",\"add_users\":\"Adicionar usu\\u00e1rios\",\"create_category\":\"Criar categoria\",\"category_name\":\"Nome da Categoria\",\"please_upload_valid_image_type\":\"Carregar o tipo de imagem v\\u00e1lido\",\"edit_author\":\"Editar Autor\",\"subject_title\":\"Assunto T\\u00edtulo\",\"subject_code\":\"C\\u00f3digo do assunto\",\"is_lab\":\"\\u00e9 laborat\\u00f3rio\",\"is_elective\":\"\\u00e9 eletivo\",\"themes\":\"Themes\",\"send_push_notification\":\"Send Push Notification\",\"exam_types\":\"Exam Types\",\"resumes_templates\":\"Resumes Templates\",\"pages\":\"Pages\",\"blogs\":\"Blogs\",\"faqs\":\"Faqs\",\"please_wait\":\"Please Wait\"}',	'2016-11-18 10:42:06',	'2019-06-11 04:02:34');

DROP TABLE IF EXISTS `lmscategories`;
CREATE TABLE `lmscategories` (
  `id` bigint(20) unsigned NOT NULL AUTO_INCREMENT,
  `category` varchar(255) COLLATE utf8_unicode_ci NOT NULL,
  `slug` varchar(255) COLLATE utf8_unicode_ci NOT NULL,
  `image` varchar(255) COLLATE utf8_unicode_ci NOT NULL,
  `description` text COLLATE utf8_unicode_ci NOT NULL,
  `record_updated_by` int(11) NOT NULL,
  `created_at` timestamp NULL DEFAULT NULL,
  `updated_at` timestamp NULL DEFAULT NULL,
  PRIMARY KEY (`id`),
  UNIQUE KEY `lmscategories_slug_unique` (`slug`)
) ENGINE=InnoDB DEFAULT CHARSET=utf8 COLLATE=utf8_unicode_ci;

INSERT INTO `lmscategories` (`id`, `category`, `slug`, `image`, `description`, `record_updated_by`, `created_at`, `updated_at`) VALUES
(1,	'Maths Formulas',	'maths-formulas-832d885822d1d19e60bf151d237d03d3db14cbb5',	'1-catimage.jpeg',	'What is Lorem Ipsum? Lorem Ipsum is simply dummy text of the printing and typesetting industry. Lorem Ipsum has been the industry\'s standard dummy text ever since the 1500s, when an unknown printer took a galley of type and scrambled it to make a type specimen book. ',	1,	'2018-04-03 10:05:50',	'2018-04-03 10:05:50'),
(2,	'Physics',	'physics-beab6e9d5be5ffdf4d99f0366bd72953f085a52e-1',	'2-catimage.jpeg',	'What is Lorem Ipsum? Lorem Ipsum is simply dummy text of the printing and typesetting industry. Lorem Ipsum has been the industry\'s standard dummy text ever since the 1500s, when an unknown printer took a galley of type and scrambled it to make a type specimen book. ',	1,	'2018-04-03 10:06:39',	'2018-04-03 10:06:39'),
(3,	'English Grammer',	'english-grammer-3e78195ac5113afd87a1e9d19bc54e358e5edaa1-2',	'3-catimage.jpeg',	'What is Lorem Ipsum? Lorem Ipsum is simply dummy text of the printing and typesetting industry. Lorem Ipsum has been the industry\'s standard dummy text ever since the 1500s, when an unknown printer took a galley of type and scrambled it to make a type specimen book. ',	1,	'2018-04-03 10:07:10',	'2018-04-03 10:07:10'),
(4,	'Chemistry',	'chemistry-1458a9429cfb2b0087606f61a820666c889acb43-3',	'4-catimage.jpeg',	'What is Lorem Ipsum? Lorem Ipsum is simply dummy text of the printing and typesetting industry. Lorem Ipsum has been the industry\'s standard dummy text ever since the 1500s, when an unknown printer took a galley of type and scrambled it to make a type specimen book. ',	1,	'2018-04-03 10:07:47',	'2018-04-03 10:07:47'),
(5,	'Music ',	'music-3eab536e7c9d8c2ebd39a4028651fa9d01f915ac-4',	'5-catimage.png',	'What is Lorem Ipsum? Lorem Ipsum is simply dummy text of the printing and typesetting industry. Lorem Ipsum has been the industry\'s standard dummy text ever since the 1500s, when an unknown printer took a galley of type and scrambled it to make a type specimen book. ',	1,	'2018-04-03 10:29:36',	'2018-04-03 10:29:37'),
(6,	'History ',	'history-5de9a37daba64875a5d5fad74880e69555bca034-5',	'6-catimage.jpeg',	'Lorem Ipsum has been the industry\'s standard dummy text ever since the 1500s, when an unknown printer took a galley of type and scrambled it to make a type specimen book. ',	1,	'2018-04-03 10:35:47',	'2018-04-03 10:35:47');

DROP TABLE IF EXISTS `lmscontents`;
CREATE TABLE `lmscontents` (
  `id` bigint(20) unsigned NOT NULL AUTO_INCREMENT,
  `title` varchar(255) COLLATE utf8_unicode_ci NOT NULL,
  `slug` varchar(255) COLLATE utf8_unicode_ci NOT NULL,
  `code` varchar(20) COLLATE utf8_unicode_ci NOT NULL,
  `image` varchar(255) COLLATE utf8_unicode_ci NOT NULL,
  `subject_id` bigint(20) unsigned NOT NULL,
  `content_type` enum('file','video','audio','url','video_url','audio_url','iframe') COLLATE utf8_unicode_ci NOT NULL DEFAULT 'file',
  `is_url` tinyint(1) NOT NULL DEFAULT '0',
  `file_path` varchar(255) COLLATE utf8_unicode_ci DEFAULT NULL,
  `description` text COLLATE utf8_unicode_ci NOT NULL,
  `record_updated_by` int(11) NOT NULL,
  `created_at` timestamp NULL DEFAULT NULL,
  `updated_at` timestamp NULL DEFAULT NULL,
  PRIMARY KEY (`id`),
  UNIQUE KEY `lmscontents_slug_unique` (`slug`),
  KEY `subject_id` (`subject_id`),
  CONSTRAINT `lmscontents_ibfk_1` FOREIGN KEY (`subject_id`) REFERENCES `subjects` (`id`)
) ENGINE=InnoDB DEFAULT CHARSET=utf8 COLLATE=utf8_unicode_ci;

INSERT INTO `lmscontents` (`id`, `title`, `slug`, `code`, `image`, `subject_id`, `content_type`, `is_url`, `file_path`, `description`, `record_updated_by`, `created_at`, `updated_at`) VALUES
(8,	'Formulas',	'formulas-89638507510a0a3f95623d4b48c91d9efa304296',	'FOR',	'',	7,	'file',	0,	'8-lms_file.pdf',	'',	1,	'2018-04-04 06:06:58',	'2018-04-04 06:06:58'),
(9,	'Fluid Mechanics LMS',	'fluid-mechanics-lms-d79ac2a53ff73a7984bd598bfba010cc4cc111b4-1',	'FML',	'',	5,	'file',	0,	'9-lms_file.ppt',	'',	1,	'2018-04-04 06:08:06',	'2018-04-04 06:08:07'),
(10,	'Antonyms LMS',	'antonyms-lms-f061ad97a159b3c903cac5c5ca297a46a000b6c1-2',	'AL',	'',	1,	'file',	0,	'10-lms_file.pdf',	'',	1,	'2018-04-04 06:09:11',	'2018-04-04 06:09:11'),
(11,	'Synonyms ',	'synonyms-f5dfd2147e803dfe5fc7330fd8f73e87816dc019-3',	'SYN',	'',	1,	'file',	0,	'11-lms_file.doc',	'',	1,	'2018-04-04 06:10:17',	'2018-04-04 06:10:17'),
(12,	'Maths Basics',	'maths-basics-107ad449a80a7641d61acd2a3b97805c61682016-4',	'MB',	'',	7,	'iframe',	0,	'https://www.youtube.com/embed/TMubSggUOVE',	'',	1,	'2018-04-04 06:12:13',	'2018-04-04 06:12:13'),
(13,	'History ',	'history-811530f4afa1c5e7dadf83f89f1c17f77111401e-5',	'HI',	'',	2,	'url',	0,	'https://en.wikipedia.org/wiki/History',	'',	1,	'2018-04-04 06:13:03',	'2018-04-04 06:13:03'),
(14,	'Thermodynamics',	'thermodynamics-4fa10a0b4383c3b247703b7cb3ba1cd64977131c-6',	'TH',	'',	5,	'iframe',	0,	'https://www.youtube.com/embed/6wb29I_79lA',	'',	1,	'2018-04-04 06:25:06',	'2018-04-04 06:25:06'),
(15,	'Number theory',	'number-theory-027a83b74bd41863994f834632d9d5cd3a6eefb9-7',	'NT',	'',	7,	'file',	0,	'15-lms_file.pdf',	'',	1,	'2018-04-04 06:26:26',	'2018-04-04 06:26:26'),
(16,	'Electricity and Magnetism',	'electricity-and-magnetism-56ed809154e59c8b3534e53569ad261ab0551014-8',	'EM',	'',	5,	'file',	0,	'16-lms_file.ppt',	'',	1,	'2018-04-04 06:31:01',	'2018-04-04 06:31:01'),
(17,	'Oscillations and Waves',	'oscillations-and-waves-7177f9dd1a9db77b5e778180dd61175b7a37da0a-9',	'OW',	'',	5,	'file',	0,	'17-lms_file.doc',	'',	1,	'2018-04-04 06:31:31',	'2018-04-04 06:31:32'),
(18,	'English Conversation Practice',	'english-conversation-practice-285b88f3e0d6b509354f24e9c23ca99e6ae5d8d6-10',	'ECP',	'',	1,	'iframe',	0,	'https://www.youtube.com/embed/QONzSMqxzWU',	'',	1,	'2018-04-04 06:44:58',	'2018-04-04 06:44:58'),
(19,	'Accounting ',	'accounting-04b97ec6c35a7a9ed09a954aadc34bb5dd28a24b-11',	'AC',	'',	2,	'file',	0,	'19-lms_file.pdf',	'',	1,	'2018-04-04 06:50:25',	'2018-04-04 06:50:25'),
(20,	'Costing ',	'costing-9dbebffa2138e0c554684ef306eaa33944d72609-12',	'CO',	'',	2,	'file',	0,	'20-lms_file.doc',	'',	1,	'2018-04-04 06:50:54',	'2018-04-04 06:50:54'),
(21,	'History of the World',	'history-of-the-world-56199d0fd6adf849d03e59f2d9ff389aa7025a11-13',	'HW',	'21-image.jpg',	2,	'iframe',	0,	'https://www.youtube.com/embed/-6Wu0Q7x5D0',	'',	1,	'2018-04-04 06:54:47',	'2018-04-04 06:54:47'),
(22,	'History - II',	'history-ii-dd50024058f12323b73203702c1a0db2905026c2-14',	'HIS - II',	'',	2,	'file',	0,	'22-lms_file.pdf',	'<p>NCERT Books For Class&nbsp;<em>10</em>&nbsp;Maths, Biology, Chemistry, Physics, Economics, English, Political Science (civics),&nbsp;<em>History</em>, Geography, Social Science (SST), Hindi, Science in&nbsp;<em>PDF</em>&nbsp;download.&nbsp;NCERT Solutions For&nbsp;<em>History</em>&nbsp;NCERT Book X.&nbsp;... Sample Papers, Model Question Papers &ndash; NCERT Books ...</p>\r\n',	1,	'2019-06-07 11:23:29',	'2019-06-07 11:23:29');

DROP TABLE IF EXISTS `lmsseries`;
CREATE TABLE `lmsseries` (
  `id` bigint(20) unsigned NOT NULL AUTO_INCREMENT,
  `title` varchar(255) COLLATE utf8_unicode_ci NOT NULL,
  `slug` varchar(255) COLLATE utf8_unicode_ci NOT NULL,
  `is_paid` tinyint(4) NOT NULL DEFAULT '0',
  `cost` decimal(10,2) NOT NULL,
  `validity` int(11) NOT NULL,
  `total_items` int(11) NOT NULL,
  `lms_category_id` bigint(20) unsigned NOT NULL,
  `image` varchar(255) COLLATE utf8_unicode_ci NOT NULL,
  `short_description` text COLLATE utf8_unicode_ci NOT NULL,
  `description` text COLLATE utf8_unicode_ci NOT NULL,
  `start_date` date DEFAULT NULL,
  `end_date` date DEFAULT NULL,
  `record_updated_by` int(11) NOT NULL,
  `show_in_front` tinyint(2) NOT NULL DEFAULT '0',
  `created_at` timestamp NULL DEFAULT NULL,
  `updated_at` timestamp NULL DEFAULT NULL,
  `is_popular` tinyint(2) DEFAULT NULL,
  PRIMARY KEY (`id`),
  KEY `lms_category_id` (`lms_category_id`),
  CONSTRAINT `lmsseries_ibfk_1` FOREIGN KEY (`lms_category_id`) REFERENCES `lmscategories` (`id`)
) ENGINE=InnoDB DEFAULT CHARSET=utf8 COLLATE=utf8_unicode_ci;

INSERT INTO `lmsseries` (`id`, `title`, `slug`, `is_paid`, `cost`, `validity`, `total_items`, `lms_category_id`, `image`, `short_description`, `description`, `start_date`, `end_date`, `record_updated_by`, `show_in_front`, `created_at`, `updated_at`, `is_popular`) VALUES
(5,	'Algebra',	'algebra-a303119e0db6a9bbc428921315f37ce44de97b59-4',	1,	120.00,	20,	1,	1,	'5-image.jpeg',	'<p>What is Lorem Ipsum? Lorem Ipsum is simply&nbsp;<em>dummy text</em>&nbsp;of the printing and typesetting industry.</p>\r\n',	'<p>Lorem Ipsum has been the industry&#39;s standard&nbsp;<em>dummy text</em>&nbsp;ever since the 1500s, when an unknown printer took a galley of type and scrambled it to make a type specimen bookLorem Ipsum has been the industry&#39;s standard&nbsp;<em>dummy text</em>&nbsp;ever since the 1500s, when an unknown printer took a galley of type and scrambled it to make a type specimen book</p>\r\n',	'2019-06-07',	'2019-10-31',	1,	1,	'2018-04-04 06:14:28',	'2019-06-07 11:17:37',	1),
(6,	'GENERAL KNOWLEDGE',	'general-knowledge-def3bcb3e01190836b1600ee43f43db4c38222cd-17',	0,	0.00,	-1,	1,	6,	'6-image.jpeg',	'<p>Lorem Ipsum has been the industry&#39;s standard&nbsp;<em>dummy text</em>&nbsp;ever since the 1500s, when an unknown printer took a galley of type and scrambled it to make a type specimen book</p>\r\n',	'<p>Lorem Ipsum has been the industry&#39;s standard&nbsp;<em>dummy text</em>&nbsp;ever since the 1500s, when an unknown printer took a galley of type and scrambled it to make a type specimen bookLorem Ipsum has been the industry&#39;s standard&nbsp;<em>dummy text</em>&nbsp;ever since the 1500s, when an unknown printer took a galley of type and scrambled it to make a type specimen book</p>\r\n',	'2019-06-07',	'2019-10-31',	1,	1,	'2018-04-04 06:15:46',	'2019-06-07 11:32:49',	0),
(7,	'Physics',	'physics-783145cedf225667aa6a6c477d7e1cb7f107f705-16',	1,	150.00,	30,	2,	2,	'7-image.jpeg',	'<p>Lorem Ipsum has been the industry&#39;s standard&nbsp;<em>dummy text</em>&nbsp;ever since the 1500s, when an unknown printer took a galley of type and scrambled it to make a type specimen book</p>\r\n',	'<p>Lorem Ipsum has been the industry&#39;s standard&nbsp;<em>dummy text</em>&nbsp;ever since the 1500s, when an unknown printer took a galley of type and scrambled it to make a type specimen bookLorem Ipsum has been the industry&#39;s standard&nbsp;<em>dummy text</em>&nbsp;ever since the 1500s, when an unknown printer took a galley of type and scrambled it to make a type specimen book</p>\r\n',	'2019-06-07',	'2019-10-18',	1,	1,	'2018-04-04 06:17:09',	'2019-06-07 11:16:02',	0),
(8,	'English',	'english-e5e543350e27e04ba41c84bba62b3123b888df88-16',	1,	130.00,	10,	2,	3,	'8-image.jpeg',	'<p>Lorem Ipsum has been the industry&#39;s standard&nbsp;<em>dummy text</em>&nbsp;ever since the 1500s, when an unknown printer took a galley of type and scrambled it to make a type specimen book</p>\r\n',	'<p>Lorem Ipsum has been the industry&#39;s standard&nbsp;<em>dummy text</em>&nbsp;ever since the 1500s, when an unknown printer took a galley of type and scrambled it to make a type specimen bookLorem Ipsum has been the industry&#39;s standard&nbsp;<em>dummy text</em>&nbsp;ever since the 1500s, when an unknown printer took a galley of type and scrambled it to make a type specimen bookLorem Ipsum has been the industry&#39;s standard&nbsp;<em>dummy text</em>&nbsp;ever since the 1500s, when an unknown printer took a galley of type and scrambled it to make a type specimen book</p>\r\n',	'2019-06-07',	'2019-10-24',	1,	1,	'2018-04-04 06:17:56',	'2019-06-07 11:17:56',	0),
(9,	'Calculus and analysis',	'calculus-and-analysis-3f78c3f3655aa7bcb4e4f5ea2b2bdf6ab8f52eb6-4',	1,	20.00,	15,	2,	1,	'9-image.png',	'<p>What is Lorem Ipsum? Lorem Ipsum is simply&nbsp;<em>dummy text</em>&nbsp;of the printing and typesetting industry. Lorem Ipsum has been the industry&#39;s standard&nbsp;<em>dummy text</em>&nbsp;ever since the 1500s, when an unknown printer took a galley of type and scrambled it to make a type specimen book</p>\r\n',	'<p>What is Lorem Ipsum? Lorem Ipsum is simply&nbsp;<em>dummy text</em>&nbsp;of the printing and typesetting industry. Lorem Ipsum has been the industry&#39;s standard&nbsp;<em>dummy text</em>&nbsp;ever since the 1500s, when an unknown printer took a galley of type and scrambled it to make a type specimen bookWhat is Lorem Ipsum? Lorem Ipsum is simply&nbsp;<em>dummy text</em>&nbsp;of the printing and typesetting industry. Lorem Ipsum has been the industry&#39;s standard&nbsp;<em>dummy text</em>&nbsp;ever since the 1500s, when an unknown printer took a galley of type and scrambled it to make a type specimen book</p>\r\n',	'2019-06-07',	'2019-10-25',	1,	1,	'2018-04-04 06:20:34',	'2019-06-07 11:16:44',	0),
(10,	'Geometry and topology',	'geometry-and-topology-7134f19b23a31a5f254d6ebda1c819fd9a48d94f-5',	1,	150.00,	30,	2,	1,	'10-image.png',	'<p>What is Lorem Ipsum? Lorem Ipsum is simply&nbsp;<em>dummy text</em>&nbsp;of the printing and typesetting industry. Lorem Ipsum has been the industry&#39;s standard&nbsp;<em>dummy text</em>&nbsp;ever since the 1500s, when an unknown printer took a galley of type and scrambled it to make a type specimen book</p>\r\n',	'<p>What is Lorem Ipsum? Lorem Ipsum is simply&nbsp;<em>dummy text</em>&nbsp;of the printing and typesetting industry. Lorem Ipsum has been the industry&#39;s standard&nbsp;<em>dummy text</em>&nbsp;ever since the 1500s, when an unknown printer took a galley of type and scrambled it to make a type specimen bookWhat is Lorem Ipsum? Lorem Ipsum is simply&nbsp;<em>dummy text</em>&nbsp;of the printing and typesetting industry. Lorem Ipsum has been the industry&#39;s standard&nbsp;<em>dummy text</em>&nbsp;ever since the 1500s, when an unknown printer took a galley of type and scrambled it to make a type specimen book</p>\r\n',	'2019-06-07',	'2019-09-13',	1,	1,	'2018-04-04 06:22:25',	'2019-06-07 11:16:21',	0),
(11,	'Number theory',	'number-theory-2e9b0c61e053d6ae4a2e4cd7fe2be5993e8a0b22-6',	0,	0.00,	-1,	3,	1,	'11-image.jpeg',	'<p>What is Lorem Ipsum? Lorem Ipsum is simply&nbsp;<em>dummy text</em>&nbsp;of the printing and typesetting industry. Lorem Ipsum has been the industry&#39;s standard&nbsp;<em>dummy text</em>&nbsp;ever since the 1500s, when an unknown printer took a galley of type and scrambled it to make a type specimen book</p>\r\n',	'<p>What is Lorem Ipsum? Lorem Ipsum is simply&nbsp;<em>dummy text</em>&nbsp;of the printing and typesetting industry. Lorem Ipsum has been the industry&#39;s standard&nbsp;<em>dummy text</em>&nbsp;ever since the 1500s, when an unknown printer took a galley of type and scrambled it to make a type specimen bookWhat is Lorem Ipsum? Lorem Ipsum is simply&nbsp;<em>dummy text</em>&nbsp;of the printing and typesetting industry. Lorem Ipsum has been the industry&#39;s standard&nbsp;<em>dummy text</em>&nbsp;ever since the 1500s, when an unknown printer took a galley of type and scrambled it to make a type specimen book</p>\r\n',	'2019-06-07',	'2020-01-29',	1,	1,	'2018-04-04 06:27:19',	'2019-06-07 11:14:51',	0),
(12,	'Mathematical physics',	'mathematical-physics-0a4862bc4960b3b0feb14f26bb0366008e334ba8-7',	0,	0.00,	-1,	3,	1,	'12-image.png',	'<p>What is Lorem Ipsum? Lorem Ipsum is simply&nbsp;<em>dummy text</em>&nbsp;of the printing and typesetting industry. Lorem Ipsum has been the industry&#39;s standard&nbsp;<em>dummy text</em>&nbsp;ever since the 1500s, when an unknown printer took a galley of type and scrambled it to make a type specimen book</p>\r\n',	'<p>What is Lorem Ipsum? Lorem Ipsum is simply&nbsp;<em>dummy text</em>&nbsp;of the printing and typesetting industry. Lorem Ipsum has been the industry&#39;s standard&nbsp;<em>dummy text</em>&nbsp;ever since the 1500s, when an unknown printer took a galley of type and scrambled it to make a type specimen bookWhat is Lorem Ipsum? Lorem Ipsum is simply&nbsp;<em>dummy text</em>&nbsp;of the printing and typesetting industry. Lorem Ipsum has been the industry&#39;s standard&nbsp;<em>dummy text</em>&nbsp;ever since the 1500s, when an unknown printer took a galley of type and scrambled it to make a type specimen book</p>\r\n',	'2019-06-07',	'2019-09-18',	1,	1,	'2018-04-04 06:28:39',	'2019-06-07 11:15:28',	0),
(13,	'Fundamental Concepts',	'fundamental-concepts-1cee85e19795536a3bc5a788b0c1a5945af1bca3-16',	0,	0.00,	-1,	2,	2,	'13-image.jpeg',	'<p>What is Lorem Ipsum? Lorem Ipsum is simply&nbsp;<em>dummy text</em>&nbsp;of the printing and typesetting industry. Lorem Ipsum has been the industry&#39;s standard&nbsp;<em>dummy text</em>&nbsp;ever since the 1500s, when an unknown printer took a galley of type and scrambled it to make a type specimen book</p>\r\n',	'<p>What is Lorem Ipsum? Lorem Ipsum is simply&nbsp;<em>dummy text</em>&nbsp;of the printing and typesetting industry. Lorem Ipsum has been the industry&#39;s standard&nbsp;<em>dummy text</em>&nbsp;ever since the 1500s, when an unknown printer took a galley of type and scrambled it to make a type specimen bookWhat is Lorem Ipsum? Lorem Ipsum is simply&nbsp;<em>dummy text</em>&nbsp;of the printing and typesetting industry. Lorem Ipsum has been the industry&#39;s standard&nbsp;<em>dummy text</em>&nbsp;ever since the 1500s, when an unknown printer took a galley of type and scrambled it to make a type specimen book</p>\r\n',	'2019-06-07',	'2020-03-11',	1,	1,	'2018-04-04 06:29:53',	'2019-06-07 11:15:17',	0),
(14,	'Electricity and Magnetism',	'electricity-and-magnetism-fc97e568de2d19ea12e149c24870afe2c0d861f7-9',	0,	0.00,	-1,	3,	2,	'14-image.png',	'<p>What is Lorem Ipsum? Lorem Ipsum is simply&nbsp;<em>dummy text</em>&nbsp;of the printing and typesetting industry. Lorem Ipsum has been the industry&#39;s standard&nbsp;<em>dummy text</em>&nbsp;ever since the 1500s, when an unknown printer took a galley of type and scrambled it to make a type specimen book</p>\r\n',	'<p>What is Lorem Ipsum? Lorem Ipsum is simply&nbsp;<em>dummy text</em>&nbsp;of the printing and typesetting industry. Lorem Ipsum has been the industry&#39;s standard&nbsp;<em>dummy text</em>&nbsp;ever since the 1500s, when an unknown printer took a galley of type and scrambled it to make a type specimen book</p>\r\n',	'2019-06-07',	'2019-10-19',	1,	1,	'2018-04-04 06:32:31',	'2019-06-07 11:14:23',	0),
(15,	'Number theory',	'number-theory-fc25e3081f7d08527d203e4fd7f8a274e0fd64d5-16',	0,	0.00,	-1,	2,	1,	'15-image.jpeg',	'<p>What is Lorem Ipsum? Lorem Ipsum is simply&nbsp;<em>dummy text</em>&nbsp;of the printing and typesetting industry. Lorem Ipsum has been the industry&#39;s standard&nbsp;<em>dummy text</em>&nbsp;ever since the 1500s, when an unknown printer took a galley of type and scrambled it to make a type specimen book</p>\r\n',	'<p>What is Lorem Ipsum? Lorem Ipsum is simply&nbsp;<em>dummy text</em>&nbsp;of the printing and typesetting industry. Lorem Ipsum has been the industry&#39;s standard&nbsp;<em>dummy text</em>&nbsp;ever since the 1500s, when an unknown printer took a galley of type and scrambled it to make a type specimen bookWhat is Lorem Ipsum? Lorem Ipsum is simply&nbsp;<em>dummy text</em>&nbsp;of the printing and typesetting industry. Lorem Ipsum has been the industry&#39;s standard&nbsp;<em>dummy text</em>&nbsp;ever since the 1500s, when an unknown printer took a galley of type and scrambled it to make a type specimen book</p>\r\n',	'2019-06-07',	'2019-11-14',	1,	1,	'2018-04-04 06:37:07',	'2019-06-07 11:13:47',	1),
(16,	'Applied mathematics',	'applied-mathematics-d7e9b1f2bb663187684226881301fffd4815e687-11',	1,	200.00,	30,	3,	1,	'16-image.jpeg',	'<p>What is Lorem Ipsum? Lorem Ipsum is simply&nbsp;<em>dummy text</em>&nbsp;of the printing and typesetting industry. Lorem Ipsum has been the industry&#39;s standard&nbsp;<em>dummy text</em>&nbsp;ever since the 1500s, when an unknown printer took a galley of type and scrambled it to make a type specimen book</p>\r\n',	'<p>What is Lorem Ipsum? Lorem Ipsum is simply&nbsp;<em>dummy text</em>&nbsp;of the printing and typesetting industry. Lorem Ipsum has been the industry&#39;s standard&nbsp;<em>dummy text</em>&nbsp;ever since the 1500s, when an unknown printer took a galley of type and scrambled it to make a type specimen bookWhat is Lorem Ipsum? Lorem Ipsum is simply&nbsp;<em>dummy text</em>&nbsp;of the printing and typesetting industry. Lorem Ipsum has been the industry&#39;s standard&nbsp;<em>dummy text</em>&nbsp;ever since the 1500s, when an unknown printer took a galley of type and scrambled it to make a type specimen book</p>\r\n',	'2019-06-07',	'2019-11-27',	1,	1,	'2018-04-04 06:38:34',	'2019-06-07 11:13:26',	1),
(17,	'Spotting Errors',	'spotting-errors-3f377411b4c9bc2ef039e96432cf2e0f26e6904e-16',	1,	150.00,	20,	2,	3,	'17-image.jpeg',	'<p>What is Lorem Ipsum? Lorem Ipsum is simply&nbsp;<em>dummy text</em>&nbsp;of the printing and typesetting industry. Lorem Ipsum has been the industry&#39;s standard&nbsp;<em>dummy text</em>&nbsp;ever since the 1500s, when an unknown printer took a galley of type and scrambled it to make a type specimen book</p>\r\n',	'<p>What is Lorem Ipsum? Lorem Ipsum is simply&nbsp;<em>dummy text</em>&nbsp;of the printing and typesetting industry. Lorem Ipsum has been the industry&#39;s standard&nbsp;<em>dummy text</em>&nbsp;ever since the 1500s, when an unknown printer took a galley of type and scrambled it to make a type specimen bookWhat is Lorem Ipsum? Lorem Ipsum is simply&nbsp;<em>dummy text</em>&nbsp;of the printing and typesetting industry. Lorem Ipsum has been the industry&#39;s standard&nbsp;<em>dummy text</em>&nbsp;ever since the 1500s, when an unknown printer took a galley of type and scrambled it to make a type specimen book</p>\r\n',	'2019-06-07',	'2019-11-15',	1,	1,	'2018-04-04 06:42:47',	'2019-06-07 11:12:51',	1),
(18,	'English Conversation Practice',	'english-conversation-practice-841eb404762bb5a6d27df7d59580cd96bce5456e-13',	1,	10.00,	20,	3,	3,	'18-image.png',	'<p>What is Lorem Ipsum? Lorem Ipsum is simply&nbsp;<em>dummy text</em>&nbsp;of the printing and typesetting industry. Lorem Ipsum has been the industry&#39;s standard&nbsp;<em>dummy text</em>&nbsp;ever since the 1500s, when an unknown printer took a galley of type and scrambled it to make a type specimen book</p>\r\n',	'<p>What is Lorem Ipsum? Lorem Ipsum is simply&nbsp;<em>dummy text</em>&nbsp;of the printing and typesetting industry. Lorem Ipsum has been the industry&#39;s standard&nbsp;<em>dummy text</em>&nbsp;ever since the 1500s, when an unknown printer took a galley of type and scrambled it to make a type specimen bookWhat is Lorem Ipsum? Lorem Ipsum is simply&nbsp;<em>dummy text</em>&nbsp;of the printing and typesetting industry. Lorem Ipsum has been the industry&#39;s standard&nbsp;<em>dummy text</em>&nbsp;ever since the 1500s, when an unknown printer took a galley of type and scrambled it to make a type specimen book</p>\r\n',	'2019-06-07',	'2019-10-24',	1,	1,	'2018-04-04 06:46:17',	'2019-06-07 11:11:22',	1),
(19,	'COSTING',	'costing-5723b37db9eee85241a65483b091b7b9d5afb4c7-17',	1,	20.00,	15,	3,	6,	'19-image.jpeg',	'<p>What is Lorem Ipsum? Lorem Ipsum is simply&nbsp;<em>dummy text</em>&nbsp;of the printing and typesetting industry. Lorem Ipsum has been the industry&#39;s standard&nbsp;<em>dummy text</em>&nbsp;ever since the 1500s, when an unknown printer took a galley of type and scrambled it to make a type specimen book.</p>\r\n',	'<p>What is Lorem Ipsum? Lorem Ipsum is simply&nbsp;<em>dummy text</em>&nbsp;of the printing and typesetting industry. Lorem Ipsum has been the industry&#39;s standard&nbsp;<em>dummy text</em>&nbsp;ever since the 1500s, when an unknown printer took a galley of type and scrambled it to make a type specimen book.What is Lorem Ipsum? Lorem Ipsum is simply&nbsp;<em>dummy text</em>&nbsp;of the printing and typesetting industry. Lorem Ipsum has been the industry&#39;s standard&nbsp;<em>dummy text</em>&nbsp;ever since the 1500s, when an unknown printer took a galley of type and scrambled it to make a type specimen book.</p>\r\n',	'2019-06-07',	'2019-10-24',	1,	1,	'2018-04-04 06:52:04',	'2019-06-07 11:29:34',	1),
(20,	'HISTORY OF THE WORLD',	'history-of-the-world-e3758d0a2ed18ae971b32868de9901eccd0ffa63-17',	1,	200.00,	40,	1,	6,	'20-image.jpeg',	'<p>What is Lorem Ipsum? Lorem Ipsum is simply&nbsp;<em>dummy text</em>&nbsp;of the printing and typesetting industry. Lorem Ipsum has been the industry&#39;s standard&nbsp;<em>dummy text</em>&nbsp;ever since the 1500s, when an unknown printer took a galley of type and scrambled it to make a type specimen book.&nbsp;</p>\r\n',	'<p>What is Lorem Ipsum? Lorem Ipsum is simply&nbsp;<em>dummy text</em>&nbsp;of the printing and typesetting industry. Lorem Ipsum has been the industry&#39;s standard&nbsp;<em>dummy text</em>&nbsp;ever since the 1500s, when an unknown printer took a galley of type and scrambled it to make a type specimen book.&nbsp;What is Lorem Ipsum? Lorem Ipsum is simply&nbsp;<em>dummy text</em>&nbsp;of the printing and typesetting industry. Lorem Ipsum has been the industry&#39;s standard&nbsp;<em>dummy text</em>&nbsp;ever since the 1500s, when an unknown printer took a galley of type and scrambled it to make a type specimen book.&nbsp;</p>\r\n',	'2019-06-07',	'2019-11-14',	1,	1,	'2018-04-04 06:55:18',	'2019-06-07 11:29:18',	1),
(21,	'HISTORY - II',	'history-ii-4c564b656ee0934b56d1cddc47a7162155499c59-17',	1,	30.00,	15,	3,	6,	'',	'',	'',	'2019-06-07',	'2019-10-24',	1,	1,	'2019-06-07 11:24:23',	'2019-06-07 11:28:41',	1);

DROP TABLE IF EXISTS `lmsseries_data`;
CREATE TABLE `lmsseries_data` (
  `id` bigint(20) unsigned NOT NULL AUTO_INCREMENT,
  `lmsseries_id` bigint(20) unsigned NOT NULL,
  `lmscontent_id` bigint(20) unsigned NOT NULL,
  `created_at` timestamp NULL DEFAULT NULL,
  `updated_at` timestamp NULL DEFAULT NULL,
  PRIMARY KEY (`id`),
  KEY `lmsseries_id` (`lmsseries_id`),
  KEY `lmscontent_id` (`lmscontent_id`),
  CONSTRAINT `lmsseries_data_ibfk_1` FOREIGN KEY (`lmsseries_id`) REFERENCES `lmsseries` (`id`) ON DELETE CASCADE ON UPDATE CASCADE,
  CONSTRAINT `lmsseries_data_ibfk_2` FOREIGN KEY (`lmscontent_id`) REFERENCES `lmscontents` (`id`)
) ENGINE=InnoDB DEFAULT CHARSET=utf8 COLLATE=utf8_unicode_ci;

INSERT INTO `lmsseries_data` (`id`, `lmsseries_id`, `lmscontent_id`, `created_at`, `updated_at`) VALUES
(10,	6,	13,	NULL,	NULL),
(12,	8,	10,	NULL,	NULL),
(13,	8,	11,	NULL,	NULL),
(14,	5,	8,	NULL,	NULL),
(15,	9,	8,	NULL,	NULL),
(16,	9,	12,	NULL,	NULL),
(17,	10,	8,	NULL,	NULL),
(18,	10,	12,	NULL,	NULL),
(19,	7,	9,	NULL,	NULL),
(20,	7,	14,	NULL,	NULL),
(21,	11,	8,	NULL,	NULL),
(22,	11,	12,	NULL,	NULL),
(23,	11,	15,	NULL,	NULL),
(24,	12,	8,	NULL,	NULL),
(25,	12,	12,	NULL,	NULL),
(26,	12,	15,	NULL,	NULL),
(27,	13,	9,	NULL,	NULL),
(28,	13,	14,	NULL,	NULL),
(29,	14,	9,	NULL,	NULL),
(30,	14,	14,	NULL,	NULL),
(31,	14,	16,	NULL,	NULL),
(32,	15,	8,	NULL,	NULL),
(33,	15,	12,	NULL,	NULL),
(34,	16,	8,	NULL,	NULL),
(35,	16,	12,	NULL,	NULL),
(36,	16,	15,	NULL,	NULL),
(42,	19,	13,	NULL,	NULL),
(43,	19,	19,	NULL,	NULL),
(44,	19,	20,	NULL,	NULL),
(45,	20,	21,	NULL,	NULL),
(46,	18,	10,	NULL,	NULL),
(47,	18,	11,	NULL,	NULL),
(48,	18,	18,	NULL,	NULL),
(49,	17,	10,	NULL,	NULL),
(50,	17,	11,	NULL,	NULL),
(51,	21,	22,	NULL,	NULL),
(52,	21,	21,	NULL,	NULL),
(53,	21,	20,	NULL,	NULL);

DROP TABLE IF EXISTS `messenger_messages`;
CREATE TABLE `messenger_messages` (
  `id` int(10) unsigned NOT NULL AUTO_INCREMENT,
  `thread_id` int(10) unsigned NOT NULL,
  `user_id` int(10) unsigned NOT NULL,
  `body` text COLLATE utf8_unicode_ci NOT NULL,
  `created_at` timestamp NULL DEFAULT NULL,
  `updated_at` timestamp NULL DEFAULT NULL,
  `deleted_at` timestamp NULL DEFAULT NULL,
  PRIMARY KEY (`id`)
) ENGINE=InnoDB DEFAULT CHARSET=utf8 COLLATE=utf8_unicode_ci;

INSERT INTO `messenger_messages` (`id`, `thread_id`, `user_id`, `body`, `created_at`, `updated_at`, `deleted_at`) VALUES
(1,	1,	1,	'Thanks For Registration',	'2018-04-03 10:53:18',	'2018-04-03 10:53:18',	NULL),
(2,	2,	1,	'Pay the exam Fee ',	'2018-04-04 07:55:13',	'2018-04-04 07:55:13',	NULL),
(3,	3,	1,	'This is Test Message',	'2019-06-10 13:26:29',	'2019-06-10 13:26:29',	NULL),
(4,	3,	1,	'Thanks for your message',	'2019-06-10 13:26:44',	'2019-06-10 13:26:44',	NULL);

DROP TABLE IF EXISTS `messenger_participants`;
CREATE TABLE `messenger_participants` (
  `id` int(10) unsigned NOT NULL AUTO_INCREMENT,
  `thread_id` int(10) unsigned NOT NULL,
  `user_id` int(10) unsigned NOT NULL,
  `last_read` timestamp NULL DEFAULT NULL,
  `created_at` timestamp NULL DEFAULT NULL,
  `updated_at` timestamp NULL DEFAULT NULL,
  `deleted_at` timestamp NULL DEFAULT NULL,
  PRIMARY KEY (`id`)
) ENGINE=InnoDB DEFAULT CHARSET=utf8 COLLATE=utf8_unicode_ci;

INSERT INTO `messenger_participants` (`id`, `thread_id`, `user_id`, `last_read`, `created_at`, `updated_at`, `deleted_at`) VALUES
(1,	1,	1,	'2018-04-03 10:53:18',	'2018-04-03 10:53:18',	'2018-04-03 10:53:18',	NULL),
(2,	1,	7,	'2018-04-03 10:53:26',	'2018-04-03 10:53:18',	'2018-04-03 10:53:26',	NULL),
(3,	2,	1,	'2018-04-04 07:55:13',	'2018-04-04 07:55:13',	'2018-04-04 07:55:13',	NULL),
(4,	2,	7,	'2018-04-04 14:01:52',	'2018-04-04 07:55:13',	'2018-04-04 14:01:52',	NULL),
(5,	3,	1,	'2019-06-10 13:26:44',	'2019-06-10 13:26:29',	'2019-06-10 13:26:44',	NULL),
(6,	3,	7,	NULL,	'2019-06-10 13:26:29',	'2019-06-10 13:26:29',	NULL);

DROP TABLE IF EXISTS `messenger_threads`;
CREATE TABLE `messenger_threads` (
  `id` int(10) unsigned NOT NULL AUTO_INCREMENT,
  `subject` varchar(255) COLLATE utf8_unicode_ci NOT NULL,
  `created_at` timestamp NULL DEFAULT NULL,
  `updated_at` timestamp NULL DEFAULT NULL,
  `deleted_at` timestamp NULL DEFAULT NULL,
  PRIMARY KEY (`id`)
) ENGINE=InnoDB DEFAULT CHARSET=utf8 COLLATE=utf8_unicode_ci;

INSERT INTO `messenger_threads` (`id`, `subject`, `created_at`, `updated_at`, `deleted_at`) VALUES
(1,	'Registration',	'2018-04-03 10:53:18',	'2018-04-03 10:53:18',	NULL),
(2,	'Pay the Exams Fee',	'2018-04-04 07:55:13',	'2018-04-04 07:55:13',	NULL),
(3,	'Test Message',	'2019-06-10 13:26:29',	'2019-06-10 13:26:44',	NULL);

DROP TABLE IF EXISTS `migrations`;
CREATE TABLE `migrations` (
  `migration` varchar(255) COLLATE utf8_unicode_ci NOT NULL,
  `batch` int(11) NOT NULL
) ENGINE=InnoDB DEFAULT CHARSET=utf8 COLLATE=utf8_unicode_ci;

INSERT INTO `migrations` (`migration`, `batch`) VALUES
('2019_05_22_131357_pages',	1),
('2019_05_24_121345_faqcategories',	2),
('2019_05_24_122523_faqs',	3),
('2019_05_27_125610_add_is_verified_to_users_table',	4),
('2019_05_27_131147_add_activation_code_to_users_table',	5),
('2019_05_28_102010_create_blogs_table',	6),
('2019_05_29_142007_academicprofiles',	7),
('2019_05_29_142801_activities',	8),
('2019_05_29_143201_projects',	9),
('2019_05_30_042323_resumetemplates',	10),
('2019_05_30_043045_technicalskills',	11),
('2019_05_30_043422_workexperience',	12),
('2019_05_30_044055_add_qualification_to_users_table',	13),
('2019_05_30_044628_add_department_to_users_table',	14),
('2019_05_30_044905_add_college_name_to_users_table',	15),
('2019_05_30_045047_add_college_place_to_users_table',	16),
('2019_05_30_045303_add_state_to_users_table',	17),
('2019_05_30_045426_add_country_to_users_table',	18),
('2019_05_30_045544_add_field_of_interest_to_users_table',	19),
('2019_05_30_045706_add_subject_taught_to_users_table',	20),
('2019_05_30_045953_add_gender_to_users_table',	21),
('2019_05_30_050112_add_dob_to_users_table',	22),
('2019_05_30_050332_add_marital_status_to_users_table',	23),
('2019_05_30_050502_add_nationality_to_users_table',	24),
('2019_05_30_050619_add_father_name_to_users_table',	25),
('2019_05_30_050727_add_linguistic_ability_to_users_table',	26),
('2019_05_30_050830_add_passport_number_to_users_table',	27),
('2019_05_30_050929_add_present_address_to_users_table',	28),
('2019_05_30_051034_add_personal_strength_to_users_table',	29),
('2019_05_30_051144_add_roll_no_to_users_table',	30),
('2019_05_30_053124_drop_class_columns_from_resumetemplates',	31),
('2019_05_30_054232_add_slug_to_resumetemplates_table',	31),
('2019_06_10_045419_add_career_objective_to_users_table',	32),
('2019_06_10_045611_add_declaration_to_user_table',	32);

DROP TABLE IF EXISTS `notifications`;
CREATE TABLE `notifications` (
  `id` int(10) unsigned NOT NULL AUTO_INCREMENT,
  `title` varchar(255) COLLATE utf8_unicode_ci NOT NULL,
  `slug` varchar(255) COLLATE utf8_unicode_ci NOT NULL,
  `short_description` text COLLATE utf8_unicode_ci NOT NULL,
  `description` text COLLATE utf8_unicode_ci NOT NULL,
  `url` varchar(255) COLLATE utf8_unicode_ci NOT NULL,
  `valid_from` date NOT NULL,
  `valid_to` date NOT NULL,
  `record_updated_by` int(11) NOT NULL,
  `created_at` timestamp NULL DEFAULT NULL,
  `updated_at` timestamp NULL DEFAULT NULL,
  PRIMARY KEY (`id`)
) ENGINE=InnoDB DEFAULT CHARSET=utf8 COLLATE=utf8_unicode_ci;

INSERT INTO `notifications` (`id`, `title`, `slug`, `short_description`, `description`, `url`, `valid_from`, `valid_to`, `record_updated_by`, `created_at`, `updated_at`) VALUES
(1,	'Gate 2018 Notification',	'gate-2018-notification',	'What is Lorem Ipsum? Lorem Ipsum is simply dummy text of the printing and typesetting industry. ',	'<p>Lorem Ipsum has been the industry&#39;s standard dummy text ever since the 1500s, when an unknown printer took a galley of type and scrambled it to make a type specimen book</p>\r\n',	'http://gate.iitg.ac.in/',	'2018-04-03',	'2018-12-31',	1,	'2018-04-03 10:47:00',	'2018-04-03 10:47:00'),
(2,	'CBSE NET Notification',	'cbse-net-notification-1',	'What is Lorem Ipsum? Lorem Ipsum is simply dummy text of the printing and typesetting industry.',	'<p>&nbsp;Lorem Ipsum has been the industry&#39;s standard dummy text ever since the 1500s, when an unknown printer took a galley of type and scrambled it to make a type specimen book</p>\r\n',	'https://cbsenet.nic.in/cms/public/home.aspx',	'2018-04-03',	'2018-12-31',	1,	'2018-04-03 10:48:52',	'2018-04-03 10:48:52');

DROP TABLE IF EXISTS `pages`;
CREATE TABLE `pages` (
  `id` int(10) unsigned NOT NULL AUTO_INCREMENT,
  `name` varchar(100) COLLATE utf8_unicode_ci NOT NULL,
  `slug` varchar(191) COLLATE utf8_unicode_ci NOT NULL,
  `content` text COLLATE utf8_unicode_ci NOT NULL,
  `status` tinyint(4) NOT NULL DEFAULT '0',
  `created_at` timestamp NULL DEFAULT NULL,
  `updated_at` timestamp NULL DEFAULT NULL,
  PRIMARY KEY (`id`)
) ENGINE=InnoDB DEFAULT CHARSET=utf8 COLLATE=utf8_unicode_ci;

INSERT INTO `pages` (`id`, `name`, `slug`, `content`, `status`, `created_at`, `updated_at`) VALUES
(1,	'Why us?',	'why-us',	'<p>We offer authentic test questions and easy learning material to ensure success by building your fundamentals. We use technology to enhance learning by actively engaging you. Our dynamic tests optimise your learning for the time invested.</p>\r\n\r\n<p>&nbsp;</p>\r\n\r\n<p>&nbsp;</p>\r\n\r\n<p>Exemplary preparation strategies and exam techniques identified by exam toppers</p>\r\n\r\n<p>&nbsp;</p>\r\n\r\n<p>Proven tips &amp; tricks based on in-depth research and analysis by subject experts</p>\r\n\r\n<p>&nbsp;</p>\r\n\r\n<p>Career guidance by successful professionals</p>\r\n\r\n<p>&nbsp;</p>\r\n\r\n<p>&nbsp;</p>\r\n\r\n<p>&nbsp;</p>\r\n\r\n<p>Exam focused, comprehensive but concise study material</p>\r\n\r\n<p>&nbsp;</p>\r\n\r\n<p>24x7 learning material using text, audio and videos</p>\r\n\r\n<p>&nbsp;</p>\r\n\r\n<p>Precise communication in simple and vernacular language</p>\r\n\r\n<p>&nbsp;</p>\r\n\r\n<p>&nbsp;</p>\r\n\r\n<p>&nbsp;</p>\r\n\r\n<p>Exclusive &lsquo;question reservoir&rsquo; for perfect and complete practice</p>\r\n\r\n<p>&nbsp;</p>\r\n\r\n<p>Video lessons for difficult &amp; tricky questions</p>\r\n\r\n<p>&nbsp;</p>\r\n\r\n<p>Mind stimulating &lsquo;adaptive practice&rsquo; with difficulty level of questions adjusting as per performance</p>\r\n\r\n<p>&nbsp;</p>\r\n\r\n<p>Performance accelerating analytics offered topic and section wise</p>\r\n\r\n<p>&nbsp;</p>\r\n\r\n<p>&nbsp;</p>\r\n',	1,	'2019-05-24 04:00:30',	'2019-06-10 11:58:04'),
(2,	'Our Mission',	'our-mission-1',	'<p>Menorah OES provides brilliant solutions and best online learning experience for preparation of competitive exams. We aim to customise learning for millions of students to enhance their career and success.</p>\r\n\r\n<p>&nbsp;</p>\r\n\r\n<h2>WHY CHOOSE OES GRADE A 2019 ONLINE COURSE</h2>\r\n\r\n<ul>\r\n	<li>In spite of the syllabus being exhaustive, we have devised strategy and prepared such a course structure which enables the student to not only clear but excel in the OES Grade A exam.</li>\r\n	<li>The video lessons are self-explanatory and available for the students to access them and prepare during the time most feasible for them.</li>\r\n	<li>We provide notes which contain very crisp, specific and relevant data from exam point of view.</li>\r\n	<li>We believe in smart and focussed study and thus prepare the schedule which enables a student to cover the entire course within the given time frame.</li>\r\n	<li>The various tests in form of concept questions, chapter tests, section tests and mock tests provide a wide and targeted coverage of the syllabus. Practice through these various tests help our students to continually revise the topics and be prepared for the upcoming examination.</li>\r\n	<li>Live classes by the expert faculty helps in doubt clarification and up-to-date and exam-relevant topic discussions.</li>\r\n</ul>\r\n',	1,	'2019-05-24 04:04:17',	'2019-06-10 11:59:13');

DROP TABLE IF EXISTS `password_resets`;
CREATE TABLE `password_resets` (
  `email` varchar(255) COLLATE utf8_unicode_ci NOT NULL,
  `token` varchar(255) COLLATE utf8_unicode_ci NOT NULL,
  `created_at` timestamp NOT NULL DEFAULT CURRENT_TIMESTAMP ON UPDATE CURRENT_TIMESTAMP,
  KEY `password_resets_email_index` (`email`),
  KEY `password_resets_token_index` (`token`)
) ENGINE=InnoDB DEFAULT CHARSET=utf8 COLLATE=utf8_unicode_ci;


DROP TABLE IF EXISTS `payments`;
CREATE TABLE `payments` (
  `id` int(10) unsigned NOT NULL AUTO_INCREMENT,
  `slug` varchar(100) COLLATE utf8_unicode_ci NOT NULL,
  `item_id` int(11) NOT NULL,
  `item_name` varchar(50) COLLATE utf8_unicode_ci NOT NULL,
  `user_id` bigint(20) unsigned NOT NULL,
  `start_date` date NOT NULL,
  `end_date` date NOT NULL,
  `plan_type` enum('combo','lms','exam','other') COLLATE utf8_unicode_ci NOT NULL,
  `payment_gateway` varchar(255) COLLATE utf8_unicode_ci NOT NULL,
  `transaction_id` varchar(255) COLLATE utf8_unicode_ci NOT NULL,
  `paid_by_parent` tinyint(1) NOT NULL DEFAULT '0',
  `paid_by` varchar(255) COLLATE utf8_unicode_ci NOT NULL,
  `cost` decimal(10,2) NOT NULL,
  `coupon_applied` tinyint(4) NOT NULL DEFAULT '0',
  `coupon_id` int(11) NOT NULL,
  `actual_cost` decimal(10,2) NOT NULL,
  `discount_amount` decimal(10,2) NOT NULL,
  `after_discount` decimal(10,2) NOT NULL,
  `paid_amount` decimal(10,2) NOT NULL,
  `payment_status` varchar(255) COLLATE utf8_unicode_ci NOT NULL,
  `other_details` text COLLATE utf8_unicode_ci NOT NULL,
  `transaction_record` text COLLATE utf8_unicode_ci,
  `notes` text COLLATE utf8_unicode_ci NOT NULL,
  `admin_comments` text COLLATE utf8_unicode_ci,
  `created_at` timestamp NULL DEFAULT NULL,
  `updated_at` timestamp NULL DEFAULT NULL,
  PRIMARY KEY (`id`),
  KEY `user_id` (`user_id`),
  CONSTRAINT `payments_ibfk_1` FOREIGN KEY (`user_id`) REFERENCES `users` (`id`) ON DELETE CASCADE ON UPDATE CASCADE
) ENGINE=InnoDB DEFAULT CHARSET=utf8 COLLATE=utf8_unicode_ci;

INSERT INTO `payments` (`id`, `slug`, `item_id`, `item_name`, `user_id`, `start_date`, `end_date`, `plan_type`, `payment_gateway`, `transaction_id`, `paid_by_parent`, `paid_by`, `cost`, `coupon_applied`, `coupon_id`, `actual_cost`, `discount_amount`, `after_discount`, `paid_amount`, `payment_status`, `other_details`, `transaction_record`, `notes`, `admin_comments`, `created_at`, `updated_at`) VALUES
(1,	'b0a6dfc3162502c901841fbeb504158064d6955d',	2,	'English Test - II',	7,	'2018-04-03',	'2018-07-02',	'exam',	'paypal',	'6EK41708EU5525027',	0,	'conqtech7-buyer@gmail.com',	150.00,	1,	2,	150.00,	7.50,	142.50,	142.50,	'success',	'{\"is_coupon_applied\":\"1\",\"actual_cost\":\"150.00\",\"discount_availed\":\"7.5\",\"after_discount\":\"142.5\",\"coupon_id\":\"2\",\"paid_by_parent\":\"\",\"child_id\":\"0\"}',	'{\"payer_email\":\"conqtech7-buyer@gmail.com\",\"payer_id\":\"F2TMN4DXTNFZS\",\"payer_status\":\"VERIFIED\",\"first_name\":\"test\",\"last_name\":\"buyer\",\"address_name\":\"test buyer\",\"address_street\":\"Flat no. 507 Wing A Raheja Residency\",\"address_city\":\"Mumbai\",\"address_state\":\"Maharashtra\",\"address_country_code\":\"IN\",\"address_zip\":\"400097\",\"residence_country\":\"IN\",\"txn_id\":\"6EK41708EU5525027\",\"mc_currency\":\"USD\",\"mc_gross\":\"142.50\",\"protection_eligibility\":\"INELIGIBLE\",\"payment_gross\":\"142.50\",\"payment_status\":\"Pending\",\"pending_reason\":\"unilateral\",\"payment_type\":\"instant\",\"item_name1\":\"English Test - II\",\"quantity1\":\"1\",\"mc_gross_1\":\"142.50\",\"num_cart_items\":\"1\",\"txn_type\":\"cart\",\"payment_date\":\"2018-04-03T12:23:40Z\",\"business\":\"digionlineexam@gmail.com\",\"notify_version\":\"UNVERSIONED\",\"verify_sign\":\"Ac3lWF3t0knQsrRlkm1aPmHUx3qdAUGPISmgSopd0WZ9LjyPv2PoQqtW\"}',	'',	NULL,	'2018-04-03 12:23:05',	'2018-04-03 12:23:49'),
(2,	'c2638e173d8dc589af8c12f01385ba838512234d-1',	1,	'English Test -I',	7,	'2018-04-03',	'2018-07-02',	'exam',	'payu',	'',	0,	'',	100.00,	0,	0,	100.00,	0.00,	100.00,	0.00,	'success',	'{\"is_coupon_applied\":\"0\",\"actual_cost\":\"100.00\",\"discount_availed\":\"0\",\"after_discount\":\"100.00\",\"coupon_id\":\"0\",\"paid_by_parent\":\"\",\"child_id\":\"0\"}',	'{\"mihpayid\":\"403993715517448714\",\"mode\":\"CC\",\"status\":\"success\",\"unmappedstatus\":\"captured\",\"key\":\"do3vAdBt\",\"txnid\":\"484340c49b5be9ade0eb\",\"amount\":\"100.0\",\"addedon\":\"2018-04-03 18:57:41\",\"productinfo\":\"english-test-i-bc88fda3d7e3d0f378ffc7aa0b9652100a6e72a6\",\"firstname\":\"Student\",\"lastname\":\"\",\"address1\":\"\",\"address2\":\"\",\"city\":\"\",\"state\":\"\",\"country\":\"\",\"zipcode\":\"\",\"email\":\"student@student.com\",\"phone\":\"9874561230\",\"udf1\":\"\",\"udf2\":\"\",\"udf3\":\"\",\"udf4\":\"\",\"udf5\":\"\",\"udf6\":\"\",\"udf7\":\"\",\"udf8\":\"\",\"udf9\":\"\",\"udf10\":\"\",\"hash\":\"13e82b198ce33f05b67a75e6085e9dcab69e76f16f30a6503216262925fa2dca6aecfdce359f221c6c4a418d7b94af1f5784e24c64b6ee3803f1e9f1b209cbf5\",\"field1\":\"710343\",\"field2\":\"493858\",\"field3\":\"20180403\",\"field4\":\"MC\",\"field5\":\"357249106809\",\"field6\":\"00\",\"field7\":\"0\",\"field8\":\"3DS\",\"field9\":\" Verification of Secure Hash Failed: E700 -- Approved -- Transaction Successful -- Unable to be determined--E000\",\"PG_TYPE\":\"AXISPG\",\"encryptedPaymentId\":\"963660968D2A0AE5486AD953B6349983\",\"bank_ref_num\":\"710343\",\"bankcode\":\"CC\",\"error\":\"E000\",\"error_Message\":\"No Error\",\"name_on_card\":\"Test\",\"cardnum\":\"401200XXXXXX1112\",\"cardhash\":\"This field is no longer supported in postback params.\",\"amount_split\":\"{\\\"PAYU\\\":\\\"100.0\\\"}\",\"payuMoneyId\":\"1111663281\",\"discount\":\"0.00\",\"net_amount_debit\":\"100\"}',	'',	NULL,	'2018-04-03 13:26:33',	'2018-04-03 13:28:18'),
(3,	'9d008d3f3cc8a12df72a46cfc9619cf605a5eff3-2',	3,	'English Series',	7,	'2018-04-03',	'2018-04-05',	'lms',	'offline',	'',	0,	'',	100.00,	0,	0,	100.00,	0.00,	100.00,	100.00,	'success',	'{\"is_coupon_applied\":\"0\",\"actual_cost\":\"100.00\",\"discount_availed\":\"0\",\"after_discount\":\"100.00\",\"coupon_id\":\"0\",\"paid_by_parent\":\"\",\"child_id\":\"0\",\"payment_details\":\"Test Payment\"}',	NULL,	'Test Payment',	'Test Comments',	'2018-04-03 13:49:00',	'2018-04-03 13:50:31'),
(4,	'abb9c00adfde7228c4c8c2f82c9b3b0f1444b01d-3',	20,	'ALGEBRA',	7,	'2019-06-07',	'2019-06-17',	'exam',	'Razorpay',	'pay_CetnqmcGhZyd9t',	0,	'cstplmanohar@gmail.com',	75.00,	0,	0,	75.00,	0.00,	75.00,	75.00,	'success',	'',	NULL,	'',	NULL,	'2019-06-07 12:12:49',	'2019-06-07 12:12:49'),
(5,	'2d2b1f738619e07ca47f7b54c214315171d46337-4',	5,	'Algebra',	7,	'2019-06-11',	'2019-07-01',	'lms',	'Razorpay',	'pay_CgM7ieND9BrzCj',	0,	'cstplmanohar@gmail.com',	120.00,	0,	0,	120.00,	0.00,	120.00,	120.00,	'success',	'',	NULL,	'',	NULL,	'2019-06-11 04:34:03',	'2019-06-11 04:34:03'),
(6,	'03237176eda9aeeb2ec161c0edbfd2e902e27f93-5',	20,	'ALGEBRA',	51,	'2019-06-12',	'2019-06-22',	'exam',	'Razorpay',	'pay_Cgm7W4kGkaN7jY',	1,	'cstplmanohar@gmail.com',	75.00,	0,	0,	75.00,	0.00,	75.00,	75.00,	'success',	'',	NULL,	'',	NULL,	'2019-06-12 05:59:53',	'2019-06-12 05:59:53');

DROP TABLE IF EXISTS `permissions`;
CREATE TABLE `permissions` (
  `id` int(10) unsigned NOT NULL AUTO_INCREMENT,
  `name` varchar(255) COLLATE utf8_unicode_ci NOT NULL,
  `display_name` varchar(255) COLLATE utf8_unicode_ci DEFAULT NULL,
  `description` varchar(255) COLLATE utf8_unicode_ci DEFAULT NULL,
  `created_at` timestamp NULL DEFAULT NULL,
  `updated_at` timestamp NULL DEFAULT NULL,
  PRIMARY KEY (`id`),
  UNIQUE KEY `permissions_name_unique` (`name`)
) ENGINE=InnoDB DEFAULT CHARSET=utf8 COLLATE=utf8_unicode_ci;


DROP TABLE IF EXISTS `permission_role`;
CREATE TABLE `permission_role` (
  `permission_id` int(10) unsigned NOT NULL,
  `role_id` int(10) unsigned NOT NULL,
  PRIMARY KEY (`permission_id`,`role_id`),
  KEY `permission_role_role_id_foreign` (`role_id`),
  CONSTRAINT `permission_role_permission_id_foreign` FOREIGN KEY (`permission_id`) REFERENCES `permissions` (`id`) ON DELETE CASCADE ON UPDATE CASCADE,
  CONSTRAINT `permission_role_role_id_foreign` FOREIGN KEY (`role_id`) REFERENCES `roles` (`id`) ON DELETE CASCADE ON UPDATE CASCADE
) ENGINE=InnoDB DEFAULT CHARSET=utf8 COLLATE=utf8_unicode_ci;


DROP TABLE IF EXISTS `projects`;
CREATE TABLE `projects` (
  `id` int(10) unsigned NOT NULL AUTO_INCREMENT,
  `user_id` bigint(20) unsigned DEFAULT NULL,
  `project_title` varchar(512) COLLATE utf8_unicode_ci NOT NULL,
  `project_description` text COLLATE utf8_unicode_ci NOT NULL,
  `project_from_date` date NOT NULL,
  `project_to_date` date NOT NULL,
  `created_at` timestamp NULL DEFAULT NULL,
  `updated_at` timestamp NULL DEFAULT NULL,
  PRIMARY KEY (`id`)
) ENGINE=InnoDB DEFAULT CHARSET=utf8 COLLATE=utf8_unicode_ci;

INSERT INTO `projects` (`id`, `user_id`, `project_title`, `project_description`, `project_from_date`, `project_to_date`, `created_at`, `updated_at`) VALUES
(21,	7,	'Menorah OES - Online Learning and Examination System',	'The MenorahOES is excellent for universities, colleges, schools, training institutes, organizations and recruitment agencies to conduct online exams. It also supports YouTube videos, and images to create questions for online exams. Built with Laravel, the most powerful PHP framework makes people to customize MenorahOES system according to their requirements.',	'0000-00-00',	'0000-00-00',	'2019-06-10 05:51:41',	'2019-06-10 05:51:41'),
(22,	7,	'Menorah Directory - Online Video Classes Tutoring Script',	'MenorahDirectory – Online Tutoring Script Tutors Menorah provides an innovative solution for the Students, Tutors, Institutes and Institute Tutors who like to expose their Requirements and specifying their platforms for learning or teaching. By using the latest technology, this Tutors Menorah System automates various operations such as Student Management, Credits System, Time Table Management, Salary Management, and Records & Profiles Management. This system is marked by a number of features such as news and events, profile search, messages, internal mail, etc. This Tutors Menorah System is available on both modes- Web Application as well as Mobile Application. User-friendly interface and highly powerful user experienced design such that anyone with basic knowledge in computer can start this system..',	'0000-00-00',	'0000-00-00',	'2019-06-10 05:51:41',	'2019-06-10 05:51:41');

DROP TABLE IF EXISTS `questionbank`;
CREATE TABLE `questionbank` (
  `id` bigint(20) unsigned NOT NULL AUTO_INCREMENT,
  `subject_id` bigint(20) unsigned NOT NULL,
  `topic_id` bigint(20) unsigned NOT NULL,
  `question_tags` varchar(255) COLLATE utf8_unicode_ci NOT NULL,
  `slug` varchar(255) COLLATE utf8_unicode_ci NOT NULL,
  `question_type` enum('radio','checkbox','descriptive','blanks','match','para','video','audio') COLLATE utf8_unicode_ci NOT NULL DEFAULT 'radio',
  `question` text COLLATE utf8_unicode_ci NOT NULL,
  `question_file` varchar(255) COLLATE utf8_unicode_ci NOT NULL,
  `question_file_is_url` tinyint(1) NOT NULL DEFAULT '0',
  `total_answers` int(10) unsigned NOT NULL,
  `answers` text COLLATE utf8_unicode_ci NOT NULL,
  `total_correct_answers` int(50) NOT NULL DEFAULT '1',
  `correct_answers` text COLLATE utf8_unicode_ci NOT NULL,
  `marks` int(10) unsigned NOT NULL,
  `time_to_spend` int(11) NOT NULL DEFAULT '1',
  `difficulty_level` enum('easy','medium','hard') COLLATE utf8_unicode_ci NOT NULL DEFAULT 'easy',
  `hint` varchar(250) COLLATE utf8_unicode_ci NOT NULL,
  `explanation` text COLLATE utf8_unicode_ci NOT NULL,
  `explanation_file` varchar(50) COLLATE utf8_unicode_ci DEFAULT NULL,
  `status` tinyint(4) NOT NULL DEFAULT '1',
  `created_at` timestamp NULL DEFAULT NULL,
  `updated_at` timestamp NULL DEFAULT NULL,
  `question_l2` text COLLATE utf8_unicode_ci,
  `explanation_l2` text COLLATE utf8_unicode_ci,
  `user_submitted` text COLLATE utf8_unicode_ci,
  PRIMARY KEY (`id`),
  KEY `subject_id` (`subject_id`),
  KEY `topic_id` (`topic_id`),
  CONSTRAINT `questionbank_ibfk_1` FOREIGN KEY (`subject_id`) REFERENCES `subjects` (`id`),
  CONSTRAINT `questionbank_ibfk_2` FOREIGN KEY (`topic_id`) REFERENCES `topics` (`id`)
) ENGINE=InnoDB DEFAULT CHARSET=utf8 COLLATE=utf8_unicode_ci;

INSERT INTO `questionbank` (`id`, `subject_id`, `topic_id`, `question_tags`, `slug`, `question_type`, `question`, `question_file`, `question_file_is_url`, `total_answers`, `answers`, `total_correct_answers`, `correct_answers`, `marks`, `time_to_spend`, `difficulty_level`, `hint`, `explanation`, `explanation_file`, `status`, `created_at`, `updated_at`, `question_l2`, `explanation_l2`, `user_submitted`) VALUES
(1,	2,	2,	'',	'9b93bb35ab122b1e8485c6e4bfa70b274db48f96',	'radio',	'<p>What is the capital of India</p>\r\n',	'',	0,	2,	'[{\"option_value\":\"Delhi\",\"optionl2_value\":\"\\u0926\\u092f\\u093e\\u0930\\u093e\\u092e \\u0938\\u093e\\u0939\\u0928\\u0940\",\"has_file\":0,\"file_name\":\"\"},{\"option_value\":\"Panjab\",\"optionl2_value\":\"\\u0930\\u093e\\u0916\\u0932\\u0926\\u093e\\u0938 \\u092c\\u0928\\u0930\\u094d\\u091c\\u0940\",\"has_file\":0,\"file_name\":\"\"}]',	1,	'1',	2,	30,	'easy',	'no hint',	'<p>no Explanatio</p>\r\n',	NULL,	1,	'2018-04-03 09:45:51',	'2018-04-03 09:49:04',	'<p>&nbsp;हड़प्पा सभ्यता की खोज किसने की थी ?</p>\r\n',	'<p>&nbsp;हड़प्पा सभ्यता की खोज किसने की थी ?</p>\r\n',	NULL),
(2,	2,	2,	'',	'c612bf1478092ccc76b779104e84c88340541c67-1',	'radio',	'<p>The nucleus of an atom consists of</p>\r\n',	'',	0,	2,	'[{\"option_value\":\"electrons and neutrons\",\"optionl2_value\":\"\\u092c\\u093f\\u0928\\u094d\\u0926\\u0941\\u0938\\u093e\\u0930\",\"has_file\":0,\"file_name\":\"\"},{\"option_value\":\"electrons and protons\",\"optionl2_value\":\"\\u0905\\u0936\\u094b\\u0915\",\"has_file\":0,\"file_name\":\"\"}]',	1,	'1',	2,	30,	'easy',	'no hint',	'<p>no Explanatio</p>\r\n',	NULL,	1,	'2018-04-03 09:45:51',	'2018-04-03 09:50:18',	'<p>वह शासक जिसने एक सच्चे जैन मुनि की तरह उपवास के द्वार शरीर त्याग दिया कौन था ?</p>\r\n',	'<p>वह शासक जिसने एक सच्चे जैन मुनि की तरह उपवास के द्वार शरीर त्याग दिया कौन था ?</p>\r\n',	NULL),
(3,	2,	2,	'',	'fba38a378a6aaef9c1b444cd6af699758f7bb470-2',	'radio',	'<p>The number of moles of solute present in 1 kg of a solvent is called its</p>\r\n',	'',	0,	2,	'[{\"option_value\":\"molality\",\"optionl2_value\":\" \\u092e\\u0941\\u0939\\u092e\\u094d\\u092e\\u0926 \\u0917\\u094c\\u0930\\u0940 \\u0914\\u0930 \\u092d\\u0940\\u092e\",\"has_file\":0,\"file_name\":\"\"},{\"option_value\":\"normality\\u00a0\\u00a0\\u00a0\",\"optionl2_value\":\"\\u092e\\u0941\\u0939\\u092e\\u094d\\u092e\\u0926 \\u0917\\u094c\\u0930\\u0940 \\u0914\\u0930 \\u092a\\u0943\\u0925\\u094d\\u0935\\u0940\\u0930\\u093e\\u091c \\u0924\\u0943\\u0924\\u0940\\u092f\",\"has_file\":0,\"file_name\":\"\"}]',	1,	'1',	2,	30,	'easy',	'no hint',	'<p>no Explanatio</p>\r\n',	NULL,	1,	'2018-04-03 09:45:51',	'2018-04-03 09:51:18',	'<p>&nbsp;तराइन का प्रथम युद्ध (1191 ई.) किसके मध्य लड़ा गया ?</p>\r\n',	'<p>&nbsp;तराइन का प्रथम युद्ध (1191 ई.) किसके मध्य लड़ा गया ?</p>\r\n',	NULL),
(4,	2,	2,	'',	'4202db71d02b8c3858e9c089bb0399cad753739f-3',	'radio',	'<p>The most electronegative element among the following is</p>\r\n',	'',	0,	2,	'[{\"option_value\":\"sodium\",\"optionl2_value\":\"\\u092e\\u0941\\u0930\\u094d\\u0936\\u093f\\u0926 \\u0915\\u0941\\u0932\\u0940 \\u0916\\u093e\\u0901\",\"has_file\":0,\"file_name\":\"\"},{\"option_value\":\"bromine\",\"optionl2_value\":\"\\u0938\\u0906\\u0926\\u0924 \\u0916\\u093e\\u0901\",\"has_file\":0,\"file_name\":\"\"}]',	1,	'1',	2,	30,	'easy',	'no hint',	'<p>no Explanatio</p>\r\n',	NULL,	1,	'2018-04-03 09:45:51',	'2018-04-03 09:52:02',	'<p>बंगाल को मुगल साम्राज्य से पृथक् कर स्वतन्त्र किया ?</p>\r\n\r\n<ul>\r\n</ul>\r\n',	'<p>बंगाल को मुगल साम्राज्य से पृथक् कर स्वतन्त्र किया ?</p>\r\n\r\n<ul>\r\n</ul>\r\n',	NULL),
(5,	2,	2,	'',	'eb5fc6099342897f444213b3bc1ce66edaaad5bc-4',	'radio',	'<p>The metal used to recover copper from a solution of copper sulphate is</p>\r\n',	'',	0,	2,	'[{\"option_value\":\"Na\",\"optionl2_value\":\"1853 \\u0908. \\u092e\\u0947\\u0902\",\"has_file\":0,\"file_name\":\"\"},{\"option_value\":\"Ag\",\"optionl2_value\":\"1856 \\u0908. \\u092e\\u0947\\u0902\",\"has_file\":0,\"file_name\":\"\"}]',	1,	'1',	2,	30,	'easy',	'no hint',	'<p>no Explanatio</p>\r\n',	NULL,	1,	'2018-04-03 09:45:51',	'2018-04-03 09:52:50',	'<p>विधवा पुनर्विवाह कानून कब बना ?</p>\r\n',	'<p>विधवा पुनर्विवाह कानून कब बना ?</p>\r\n',	NULL),
(6,	2,	2,	'',	'94626897f6e3f6a11eed285f806426914b85e025-5',	'radio',	'<p>The metallurgical process in which a metal is obtained in a fused state is called</p>\r\n',	'',	0,	2,	'[{\"option_value\":\"smelting\",\"optionl2_value\":\" 1877 \\u0908. \\u092e\\u0947\\u0902 \\u092c\\u093e\\u0926\",\"has_file\":0,\"file_name\":\"\"},{\"option_value\":\"roasting\",\"optionl2_value\":\"1833 \\u0908. \\u092e\\u0947\\u0902 \\u092c\\u093e\\u0926\",\"has_file\":0,\"file_name\":\"\"}]',	1,	'1',	2,	30,	'easy',	'no hint',	'<p>no Explanatio</p>\r\n',	NULL,	1,	'2018-04-03 09:45:51',	'2018-04-03 09:54:01',	'<p>अंग्रेजों ने &#39;फूट डालो और शासन करो&#39; की नीति कब अपनाई ?</p>\r\n',	'<p>अंग्रेजों ने &#39;फूट डालो और शासन करो&#39; की नीति कब अपनाई ?</p>\r\n',	NULL),
(7,	2,	2,	'',	'9f0b0e9d1aff6878bec8ea80484dabfb4e5440a8-6',	'radio',	'<p>The molecules of which gas have highest speed?</p>\r\n',	'',	0,	2,	'[{\"option_value\":\"Thrust\",\"optionl2_value\":\"\\u091a\\u093e\\u0930 \\u0935\\u0930\\u094d\\u0937\",\"has_file\":0,\"file_name\":\"\"},{\"option_value\":\"Pressure\",\"optionl2_value\":\" \\u0938\\u093e\\u0924 \\u0935\\u0930\\u094d\\u0937\",\"has_file\":0,\"file_name\":\"\"}]',	1,	'1',	2,	30,	'easy',	'no hint',	'<p>no Explanatio</p>\r\n',	NULL,	1,	'2018-04-03 09:45:51',	'2018-04-03 12:13:52',	'<p>इंगलैण्ड में गृहयुद्ध कितने वर्षों तक चला था ?</p>\r\n',	'<p>इंगलैण्ड में गृहयुद्ध कितने वर्षों तक चला था ?</p>\r\n',	NULL),
(8,	2,	2,	'',	'26a30612ef5d440610b79050800a6a045ec466f5-7',	'radio',	'<p>The main buffer system of the human blood is</p>\r\n',	'',	0,	2,	'[{\"option_value\":\"H2CO3 - HCO3\",\"optionl2_value\":\"\\u092a\\u0936\\u094d\\u091a\\u093f\\u092e \\u090f\\u0936\\u093f\\u092f\\u093e \\u0938\\u0947\",\"has_file\":0,\"file_name\":\"\"},{\"option_value\":\"H2CO3 - CO32-\",\"optionl2_value\":\" \\u092a\\u0942\\u0930\\u094d\\u0935 \\u090f\\u0936\\u093f\\u092f\\u093e \\u0938\\u0947\",\"has_file\":0,\"file_name\":\"\"}]',	1,	'1',	2,	30,	'easy',	'no hint',	'<p>no Explanatio</p>\r\n',	NULL,	1,	'2018-04-03 09:45:51',	'2018-04-03 09:56:02',	'<p>&nbsp;आर्य भारत में कहाँ से आए थे ?</p>\r\n',	'<p>&nbsp;आर्य भारत में कहाँ से आए थे ?</p>\r\n',	NULL),
(9,	2,	2,	'',	'f6b226cb19048c5a554f7f64f6f9117135cede03-8',	'radio',	'<p>The most commonly used bleaching agent is</p>\r\n',	'',	0,	2,	'[{\"option_value\":\"will overflow\",\"optionl2_value\":\"\\u0938\\u093f\\u0928\\u094d\\u0927\\u0941 \\u0918\\u093e\\u091f\\u0940 \\u0905\\u0935\\u0927\\u093f \\u092e\\u0947\\u0902\",\"has_file\":0,\"file_name\":\"\"},{\"option_value\":\"depressed\",\"optionl2_value\":\" \\u0926\\u094d\\u0930\\u0935\\u093f\\u095c \\u0905\\u0935\\u0927\\u093f \\u092e\\u0947\\u0902\",\"has_file\":0,\"file_name\":\"\"}]',	1,	'1',	2,	30,	'easy',	'no hint',	'<p>no Explanatio</p>\r\n',	NULL,	1,	'2018-04-03 09:45:51',	'2018-04-03 12:15:06',	'<p>किस अवधि में रामायण एवं महाभारत की रचना हुई थी ?</p>\r\n\r\n<ul>\r\n</ul>\r\n',	'<p>किस अवधि में रामायण एवं महाभारत की रचना हुई थी ?</p>\r\n\r\n<ul>\r\n</ul>\r\n',	NULL),
(10,	2,	2,	'',	'f1b7e65c211e4f866c9c66eb0e8faaae87a4888d-9',	'radio',	'<p>The nucleus of a hydrogen atom consists of</p>\r\n',	'',	0,	2,	'[{\"option_value\":\"1 proton only\",\"optionl2_value\":\"\\u0939\\u0930\\u094d\\u0937\\u0935\\u0930\\u094d\\u0927\\u0928\",\"has_file\":0,\"file_name\":\"\"},{\"option_value\":\"1 proton + 2 neutron\",\"optionl2_value\":\"\\u091a\\u0928\\u094d\\u0926\\u094d\\u0930\\u0917\\u0941\\u092a\\u094d\\u0924\",\"has_file\":0,\"file_name\":\"\"}]',	1,	'1',	2,	30,	'easy',	'no hint',	'<p>no Explanatio</p>\r\n',	NULL,	1,	'2018-04-03 09:45:51',	'2018-04-03 09:57:42',	'<p>&nbsp;गुप्त समाज की स्थापना किसने की थी ?</p>\r\n',	'<p>&nbsp;गुप्त समाज की स्थापना किसने की थी ?</p>\r\n',	NULL),
(11,	2,	2,	'',	'77dc7cf617c746e64c1a464c4b9dc7ac49c84141-10',	'radio',	'<p>The heat required to raise the temperature of body by 1 K is called</p>\r\n',	'',	0,	2,	'[{\"option_value\":\"specific heat\",\"optionl2_value\":\"\\u0935\\u0948\\u0917\\u094d\\u092e \\u0916\\u093e\\u0928 \\u0914\\u0930 \\u0939\\u0947\\u092e\\u0942\",\"has_file\":0,\"file_name\":\"\"},{\"option_value\":\"thermal capacity\",\"optionl2_value\":\"\\u0905\\u0915\\u0935\\u0930 \\u0914\\u0930 \\u092e\\u093f\\u0930\\u094d\\u091c\\u093e \\u0939\\u0915\\u0940\\u092e\",\"has_file\":0,\"file_name\":\"\"}]',	1,	'1',	2,	30,	'easy',	'no hint',	'<p>no Explanatio</p>\r\n',	NULL,	1,	'2018-04-03 09:45:51',	'2018-04-03 09:58:52',	'<p>पानीपत की दूसरी लड़ाई किनके बीच हुई थी ?</p>\r\n',	'<p>पानीपत की दूसरी लड़ाई किनके बीच हुई थी ?</p>\r\n',	NULL),
(12,	2,	2,	'',	'62bc02915f85098e96701c72542096201a564e20-11',	'radio',	'<p>The nuclear particles which are assumed to hold the nucleons together are</p>\r\n',	'',	0,	2,	'[{\"option_value\":\"electrons\",\"optionl2_value\":\" \\u0905\\u092b\\u0917\\u093e\\u0928\\u093f\\u0938\\u094d\\u0924\\u093e\\u0928\",\"has_file\":0,\"file_name\":\"\"},{\"option_value\":\"positrons\",\"optionl2_value\":\"\\u0907\\u0930\\u093e\\u0915\",\"has_file\":0,\"file_name\":\"\"}]',	1,	'1',	2,	30,	'easy',	'no hint',	'<p>no Explanatio</p>\r\n',	NULL,	1,	'2018-04-03 09:45:51',	'2018-04-03 09:59:36',	'<p>&nbsp;अफगानिस्तान&nbsp;मुहम्मद गौरी कहाँ का शासक था ?</p>\r\n\r\n<ul>\r\n</ul>\r\n',	'',	NULL),
(13,	2,	2,	'',	'7c5c5c441dcc816091168023b211785e55a9e24f-12',	'radio',	'<p>The octane number of zero is assigned to</p>\r\n',	'',	0,	2,	'[{\"option_value\":\"2-methyl octane\",\"optionl2_value\":\"\\u0935\\u093e\\u091c\\u0940\\u0930\\u093e\\u0935 \\u092a\\u0947\\u0936\\u0935\\u093e\",\"has_file\":0,\"file_name\":\"\"},{\"option_value\":\"n-heptane\",\"optionl2_value\":\" \\u0928\\u093e\\u0928\\u093e \\u0938\\u093e\\u0939\\u092c\",\"has_file\":0,\"file_name\":\"\"}]',	1,	'1',	2,	30,	'easy',	'no hint',	'<p>no Explanatio</p>\r\n',	NULL,	1,	'2018-04-03 09:45:51',	'2018-04-03 10:00:10',	'<p>&nbsp;मस्तानी किस शासक की प्रेयसी थी ?</p>\r\n',	'',	NULL),
(14,	2,	2,	'',	'bb3f61f201a60c06569e4130e011bd1c05052415-13',	'radio',	'The metal that is used as a catalyst in the hydrogenation of oils is',	'',	0,	2,	'[{\"option_value\":\"Ni\",\"has_file\":0,\"file_name\":\"\"},{\"option_value\":\"Pb\",\"has_file\":0,\"file_name\":\"\"}]',	1,	'1',	2,	30,	'easy',	'no hint',	'no  Explanatio',	NULL,	1,	'2018-04-03 09:45:51',	'2018-04-03 09:45:51',	NULL,	NULL,	NULL),
(15,	2,	2,	'',	'ad23d0b34ca6adca44f827ba9d9427fcc276fcfd-14',	'radio',	'The most abundant rare gas in the atmosphere is',	'',	0,	2,	'[{\"option_value\":\"He\",\"has_file\":0,\"file_name\":\"\"},{\"option_value\":\"Ne\",\"has_file\":0,\"file_name\":\"\"}]',	1,	'1',	2,	30,	'easy',	'no hint',	'no  Explanatio',	NULL,	1,	'2018-04-03 09:45:51',	'2018-04-03 09:45:51',	NULL,	NULL,	NULL),
(16,	2,	2,	'',	'd60439d9c5b63d3e588b7ed8ca065a4fc69686ee-15',	'radio',	'The ore which is found in abundance in India is',	'',	0,	2,	'[{\"option_value\":\"monazite\",\"has_file\":0,\"file_name\":\"\"},{\"option_value\":\"luorspar\",\"has_file\":0,\"file_name\":\"\"}]',	1,	'1',	2,	30,	'easy',	'no hint',	'no  Explanatio',	NULL,	1,	'2018-04-03 09:45:51',	'2018-04-03 09:45:51',	NULL,	NULL,	NULL),
(17,	2,	2,	'',	'947e6742b2d88fee6d1b8a13ed9a5a995002258f-16',	'radio',	'\nThe inherited traits of an organism are controlled by',	'',	0,	2,	'[{\"option_value\":\"\\nRNA molecules\",\"has_file\":0,\"file_name\":\"\"},{\"option_value\":\"nucleotides\",\"has_file\":0,\"file_name\":\"\"}]',	1,	'1',	2,	30,	'easy',	'no hint',	'no  Explanatio',	NULL,	1,	'2018-04-03 09:45:51',	'2018-04-03 09:45:51',	NULL,	NULL,	NULL),
(18,	2,	2,	'',	'8822c2d4e57014efda6e802083610c8c0012c93a-17',	'radio',	'\nThe heat energy produced when the human body metabolises 1 gram of fat is',	'',	0,	2,	'[{\"option_value\":\"30 KJ\",\"has_file\":0,\"file_name\":\"\"},{\"option_value\":\"\\n1 KJ\",\"has_file\":0,\"file_name\":\"\"}]',	1,	'1',	2,	30,	'easy',	'no hint',	'no  Explanatio',	NULL,	1,	'2018-04-03 09:45:51',	'2018-04-03 09:45:51',	NULL,	NULL,	NULL),
(19,	2,	2,	'',	'9d3c645c732b6313c5109f6318f002d95241c833-18',	'radio',	'\nWhat are the number of moles of CO2 which contains 16 g of oxygen?',	'',	0,	2,	'[{\"option_value\":\"0.5 mole\",\"has_file\":0,\"file_name\":\"\"},{\"option_value\":\"0.2 mole\",\"has_file\":0,\"file_name\":\"\"}]',	1,	'1',	2,	30,	'easy',	'no hint',	'no  Explanatio',	NULL,	1,	'2018-04-03 09:45:51',	'2018-04-03 09:45:51',	NULL,	NULL,	NULL),
(20,	2,	2,	'',	'910e4fb722d8389ff8f38dd70f4ec82dc752d180-19',	'radio',	'The monomer of polythene is',	'',	0,	2,	'[{\"option_value\":\"\\nvinyl chloride\",\"has_file\":0,\"file_name\":\"\"},{\"option_value\":\"ethylene\",\"has_file\":0,\"file_name\":\"\"}]',	1,	'1',	2,	30,	'easy',	'no hint',	'no  Explanatio',	NULL,	1,	'2018-04-03 09:45:51',	'2018-04-03 09:45:51',	NULL,	NULL,	NULL),
(21,	7,	7,	'',	'a140379e79facf64413213103943ee955e706939-20',	'checkbox',	'100 is formed by?',	'',	0,	4,	'[{\"option_value\":\"50+50\",\"has_file\":0,\"file_name\":\"\"},{\"option_value\":\"10x50\",\"has_file\":0,\"file_name\":\"\"},{\"option_value\":\"70+30\",\"has_file\":0,\"file_name\":\"\"},{\"option_value\":\"70+50\",\"has_file\":0,\"file_name\":\"\"}]',	2,	'[{\"answer\":\"1\"},{\"answer\":\"3\"}]',	2,	30,	'easy',	'Test Hint',	'Test Explanation',	NULL,	1,	'2018-04-03 11:05:07',	'2018-04-03 11:05:07',	NULL,	NULL,	NULL),
(22,	7,	7,	'',	'db5bb5cf05c3d0a161ffa1f0f220edf6f59f5757-21',	'checkbox',	'101 is formed by?',	'',	0,	4,	'[{\"option_value\":\"50+50\",\"has_file\":0,\"file_name\":\"\"},{\"option_value\":\"10x50\",\"has_file\":0,\"file_name\":\"\"},{\"option_value\":\"70+30\",\"has_file\":0,\"file_name\":\"\"},{\"option_value\":\"70+50\",\"has_file\":0,\"file_name\":\"\"}]',	2,	'[{\"answer\":\"1\"},{\"answer\":\"3\"}]',	2,	30,	'easy',	'Test Hint',	'Test Explanation',	NULL,	1,	'2018-04-03 11:05:07',	'2018-04-03 11:05:07',	NULL,	NULL,	NULL),
(23,	7,	7,	'',	'69611661f5f8649977871c6f3cdbd5733af68756-22',	'checkbox',	'102 is formed by?',	'',	0,	4,	'[{\"option_value\":\"50+50\",\"has_file\":0,\"file_name\":\"\"},{\"option_value\":\"10x50\",\"has_file\":0,\"file_name\":\"\"},{\"option_value\":\"70+30\",\"has_file\":0,\"file_name\":\"\"},{\"option_value\":\"70+50\",\"has_file\":0,\"file_name\":\"\"}]',	2,	'[{\"answer\":\"1\"},{\"answer\":\"3\"}]',	2,	30,	'easy',	'Test Hint',	'Test Explanation',	NULL,	1,	'2018-04-03 11:05:07',	'2018-04-03 11:05:07',	NULL,	NULL,	NULL),
(24,	7,	7,	'',	'd8214036fff9f3264a84c060cecb776f8339835c-23',	'checkbox',	'103 is formed by?',	'',	0,	4,	'[{\"option_value\":\"50+50\",\"has_file\":0,\"file_name\":\"\"},{\"option_value\":\"10x50\",\"has_file\":0,\"file_name\":\"\"},{\"option_value\":\"70+30\",\"has_file\":0,\"file_name\":\"\"},{\"option_value\":\"70+50\",\"has_file\":0,\"file_name\":\"\"}]',	2,	'[{\"answer\":\"1\"},{\"answer\":\"3\"}]',	2,	30,	'easy',	'Test Hint',	'Test Explanation',	NULL,	1,	'2018-04-03 11:05:07',	'2018-04-03 11:05:07',	NULL,	NULL,	NULL),
(25,	7,	7,	'',	'4c3c7a0184d8d958baa04ad1a28d78d061cc93cc-24',	'checkbox',	'104 is formed by?',	'',	0,	4,	'[{\"option_value\":\"50+50\",\"has_file\":0,\"file_name\":\"\"},{\"option_value\":\"10x50\",\"has_file\":0,\"file_name\":\"\"},{\"option_value\":\"70+30\",\"has_file\":0,\"file_name\":\"\"},{\"option_value\":\"70+50\",\"has_file\":0,\"file_name\":\"\"}]',	2,	'[{\"answer\":\"1\"},{\"answer\":\"3\"}]',	2,	30,	'easy',	'Test Hint',	'Test Explanation',	NULL,	1,	'2018-04-03 11:05:07',	'2018-04-03 11:05:07',	NULL,	NULL,	NULL),
(26,	7,	7,	'',	'09951bfcb0b3c3b68d0080dea90c26df769b4924-25',	'checkbox',	'105 is formed by?',	'',	0,	4,	'[{\"option_value\":\"50+50\",\"has_file\":0,\"file_name\":\"\"},{\"option_value\":\"10x50\",\"has_file\":0,\"file_name\":\"\"},{\"option_value\":\"70+30\",\"has_file\":0,\"file_name\":\"\"},{\"option_value\":\"70+50\",\"has_file\":0,\"file_name\":\"\"}]',	2,	'[{\"answer\":\"1\"},{\"answer\":\"3\"}]',	2,	30,	'easy',	'Test Hint',	'Test Explanation',	NULL,	1,	'2018-04-03 11:05:07',	'2018-04-03 11:05:07',	NULL,	NULL,	NULL),
(27,	7,	7,	'',	'507b5acee5df28553e29339646b81c4035d5a45e-26',	'checkbox',	'106 is formed by?',	'',	0,	4,	'[{\"option_value\":\"50+50\",\"has_file\":0,\"file_name\":\"\"},{\"option_value\":\"10x50\",\"has_file\":0,\"file_name\":\"\"},{\"option_value\":\"70+30\",\"has_file\":0,\"file_name\":\"\"},{\"option_value\":\"70+50\",\"has_file\":0,\"file_name\":\"\"}]',	2,	'[{\"answer\":\"1\"},{\"answer\":\"3\"}]',	2,	30,	'easy',	'Test Hint',	'Test Explanation',	NULL,	1,	'2018-04-03 11:05:07',	'2018-04-03 11:05:07',	NULL,	NULL,	NULL),
(28,	7,	7,	'',	'5e2143fdd87f58860acd49617b0fb3f4404dad11-27',	'checkbox',	'107 is formed by?',	'',	0,	4,	'[{\"option_value\":\"50+50\",\"has_file\":0,\"file_name\":\"\"},{\"option_value\":\"10x50\",\"has_file\":0,\"file_name\":\"\"},{\"option_value\":\"70+30\",\"has_file\":0,\"file_name\":\"\"},{\"option_value\":\"70+50\",\"has_file\":0,\"file_name\":\"\"}]',	2,	'[{\"answer\":\"1\"},{\"answer\":\"3\"}]',	2,	30,	'easy',	'Test Hint',	'Test Explanation',	NULL,	1,	'2018-04-03 11:05:07',	'2018-04-03 11:05:07',	NULL,	NULL,	NULL),
(29,	7,	7,	'',	'eb4e251aed605f653c0f3fe89510a70bcd9dea81-28',	'checkbox',	'108 is formed by?',	'',	0,	4,	'[{\"option_value\":\"50+50\",\"has_file\":0,\"file_name\":\"\"},{\"option_value\":\"10x50\",\"has_file\":0,\"file_name\":\"\"},{\"option_value\":\"70+30\",\"has_file\":0,\"file_name\":\"\"},{\"option_value\":\"70+50\",\"has_file\":0,\"file_name\":\"\"}]',	2,	'[{\"answer\":\"1\"},{\"answer\":\"3\"}]',	2,	30,	'easy',	'Test Hint',	'Test Explanation',	NULL,	1,	'2018-04-03 11:05:07',	'2018-04-03 11:05:07',	NULL,	NULL,	NULL),
(30,	7,	7,	'',	'8bbaa67f7c48fb1a74e25acda00a00f675f1b08f-29',	'checkbox',	'109 is formed by?',	'',	0,	4,	'[{\"option_value\":\"50+50\",\"has_file\":0,\"file_name\":\"\"},{\"option_value\":\"10x50\",\"has_file\":0,\"file_name\":\"\"},{\"option_value\":\"70+30\",\"has_file\":0,\"file_name\":\"\"},{\"option_value\":\"70+50\",\"has_file\":0,\"file_name\":\"\"}]',	2,	'[{\"answer\":\"1\"},{\"answer\":\"3\"}]',	2,	30,	'easy',	'Test Hint',	'Test Explanation',	NULL,	1,	'2018-04-03 11:05:07',	'2018-04-03 11:05:07',	NULL,	NULL,	NULL),
(31,	7,	7,	'',	'ad61664a23f0c69b983655fa67bd4f3734e0cd62-30',	'checkbox',	'110 is formed by?',	'',	0,	4,	'[{\"option_value\":\"50+50\",\"has_file\":0,\"file_name\":\"\"},{\"option_value\":\"10x50\",\"has_file\":0,\"file_name\":\"\"},{\"option_value\":\"70+30\",\"has_file\":0,\"file_name\":\"\"},{\"option_value\":\"70+50\",\"has_file\":0,\"file_name\":\"\"}]',	2,	'[{\"answer\":\"1\"},{\"answer\":\"3\"}]',	2,	30,	'easy',	'Test Hint',	'Test Explanation',	NULL,	1,	'2018-04-03 11:05:07',	'2018-04-03 11:05:07',	NULL,	NULL,	NULL),
(32,	7,	7,	'',	'9da15470fc3c99e7099a27d2ffa21d1a0d21bd1b-31',	'checkbox',	'111 is formed by?',	'',	0,	4,	'[{\"option_value\":\"50+50\",\"has_file\":0,\"file_name\":\"\"},{\"option_value\":\"10x50\",\"has_file\":0,\"file_name\":\"\"},{\"option_value\":\"70+30\",\"has_file\":0,\"file_name\":\"\"},{\"option_value\":\"70+50\",\"has_file\":0,\"file_name\":\"\"}]',	2,	'[{\"answer\":\"1\"},{\"answer\":\"3\"}]',	2,	30,	'easy',	'Test Hint',	'Test Explanation',	NULL,	1,	'2018-04-03 11:05:07',	'2018-04-03 11:05:07',	NULL,	NULL,	NULL),
(33,	7,	7,	'',	'2d272da70f849dfaae6cbbff20002e624d3b683e-32',	'checkbox',	'112 is formed by?',	'',	0,	4,	'[{\"option_value\":\"50+50\",\"has_file\":0,\"file_name\":\"\"},{\"option_value\":\"10x50\",\"has_file\":0,\"file_name\":\"\"},{\"option_value\":\"70+30\",\"has_file\":0,\"file_name\":\"\"},{\"option_value\":\"70+50\",\"has_file\":0,\"file_name\":\"\"}]',	2,	'[{\"answer\":\"1\"},{\"answer\":\"3\"}]',	2,	30,	'easy',	'Test Hint',	'Test Explanation',	NULL,	1,	'2018-04-03 11:05:07',	'2018-04-03 11:05:07',	NULL,	NULL,	NULL),
(34,	7,	7,	'',	'c5ef9dfae1198c8b904a45ff20c48e10ecfb7b98-33',	'checkbox',	'113 is formed by?',	'',	0,	4,	'[{\"option_value\":\"50+50\",\"has_file\":0,\"file_name\":\"\"},{\"option_value\":\"10x50\",\"has_file\":0,\"file_name\":\"\"},{\"option_value\":\"70+30\",\"has_file\":0,\"file_name\":\"\"},{\"option_value\":\"70+50\",\"has_file\":0,\"file_name\":\"\"}]',	2,	'[{\"answer\":\"1\"},{\"answer\":\"3\"}]',	2,	30,	'easy',	'Test Hint',	'Test Explanation',	NULL,	1,	'2018-04-03 11:05:07',	'2018-04-03 11:05:07',	NULL,	NULL,	NULL),
(35,	7,	7,	'',	'13f71060f8f97be0009a58efc21c173084ac1b85-34',	'checkbox',	'114 is formed by?',	'',	0,	4,	'[{\"option_value\":\"50+50\",\"has_file\":0,\"file_name\":\"\"},{\"option_value\":\"10x50\",\"has_file\":0,\"file_name\":\"\"},{\"option_value\":\"70+30\",\"has_file\":0,\"file_name\":\"\"},{\"option_value\":\"70+50\",\"has_file\":0,\"file_name\":\"\"}]',	2,	'[{\"answer\":\"1\"},{\"answer\":\"3\"}]',	2,	30,	'easy',	'Test Hint',	'Test Explanation',	NULL,	1,	'2018-04-03 11:05:07',	'2018-04-03 11:05:07',	NULL,	NULL,	NULL),
(36,	7,	7,	'',	'505e9dcf0311d555328077df850fb60470f40acd-35',	'checkbox',	'115 is formed by?',	'',	0,	4,	'[{\"option_value\":\"50+50\",\"has_file\":0,\"file_name\":\"\"},{\"option_value\":\"10x50\",\"has_file\":0,\"file_name\":\"\"},{\"option_value\":\"70+30\",\"has_file\":0,\"file_name\":\"\"},{\"option_value\":\"70+50\",\"has_file\":0,\"file_name\":\"\"}]',	2,	'[{\"answer\":\"1\"},{\"answer\":\"3\"}]',	2,	30,	'easy',	'Test Hint',	'Test Explanation',	NULL,	1,	'2018-04-03 11:05:07',	'2018-04-03 11:05:07',	NULL,	NULL,	NULL),
(37,	7,	7,	'',	'109385e9b631ebcad844343aa17feac0f7c90eff-36',	'checkbox',	'116 is formed by?',	'',	0,	4,	'[{\"option_value\":\"50+50\",\"has_file\":0,\"file_name\":\"\"},{\"option_value\":\"10x50\",\"has_file\":0,\"file_name\":\"\"},{\"option_value\":\"70+30\",\"has_file\":0,\"file_name\":\"\"},{\"option_value\":\"70+50\",\"has_file\":0,\"file_name\":\"\"}]',	2,	'[{\"answer\":\"1\"},{\"answer\":\"3\"}]',	2,	30,	'easy',	'Test Hint',	'Test Explanation',	NULL,	1,	'2018-04-03 11:05:07',	'2018-04-03 11:05:07',	NULL,	NULL,	NULL),
(38,	7,	7,	'',	'6c55001c705af60e4292d52136429d2c11781608-37',	'checkbox',	'117 is formed by?',	'',	0,	4,	'[{\"option_value\":\"50+50\",\"has_file\":0,\"file_name\":\"\"},{\"option_value\":\"10x50\",\"has_file\":0,\"file_name\":\"\"},{\"option_value\":\"70+30\",\"has_file\":0,\"file_name\":\"\"},{\"option_value\":\"70+50\",\"has_file\":0,\"file_name\":\"\"}]',	2,	'[{\"answer\":\"1\"},{\"answer\":\"3\"}]',	2,	30,	'easy',	'Test Hint',	'Test Explanation',	NULL,	1,	'2018-04-03 11:05:07',	'2018-04-03 11:05:07',	NULL,	NULL,	NULL),
(39,	3,	3,	'',	'6d4794078231d97ace2c55ba144c5e2bb4659b0a-38',	'blanks',	'Which state Hyderabad belongs to',	'',	0,	0,	'',	2,	'[{\"answer\":\"Telangana\"},{\"answer\":\"Andhra Pradesh\"}]',	2,	30,	'easy',	'',	'',	NULL,	1,	'2018-04-03 11:10:43',	'2018-04-03 11:10:43',	NULL,	NULL,	NULL),
(40,	3,	3,	'',	'9ee8775ed53987f0dc47a12a51af8add37e6b75c-39',	'blanks',	'Which state Hyderabad belongs to',	'',	0,	0,	'',	2,	'[{\"answer\":\"Telangana\"},{\"answer\":\"Andhra Pradesh\"}]',	2,	30,	'easy',	'',	'',	NULL,	1,	'2018-04-03 11:10:43',	'2018-04-03 11:10:43',	NULL,	NULL,	NULL),
(41,	3,	3,	'',	'c743ccd71d72139b7d482a9c5d723c43d643c251-40',	'blanks',	'Which state Hyderabad belongs to',	'',	0,	0,	'',	2,	'[{\"answer\":\"Telangana\"},{\"answer\":\"Andhra Pradesh\"}]',	2,	30,	'easy',	'',	'',	NULL,	1,	'2018-04-03 11:10:43',	'2018-04-03 11:10:43',	NULL,	NULL,	NULL),
(42,	3,	3,	'',	'1f958ba9d62bcd8a12652a13ac130c712572062a-41',	'blanks',	'Which state Hyderabad belongs to',	'',	0,	0,	'',	2,	'[{\"answer\":\"Telangana\"},{\"answer\":\"Andhra Pradesh\"}]',	2,	30,	'easy',	'',	'',	NULL,	1,	'2018-04-03 11:10:43',	'2018-04-03 11:10:43',	NULL,	NULL,	NULL),
(43,	3,	3,	'',	'33588a872c6ec3495a179b3b671d34f8c751b787-42',	'blanks',	'Which state Hyderabad belongs to',	'',	0,	0,	'',	2,	'[{\"answer\":\"Telangana\"},{\"answer\":\"Andhra Pradesh\"}]',	2,	30,	'easy',	'',	'',	NULL,	1,	'2018-04-03 11:10:43',	'2018-04-03 11:10:43',	NULL,	NULL,	NULL),
(44,	3,	3,	'',	'552006462c5046b07c7fdb5fd83806fec50406cd-43',	'blanks',	'Which state Hyderabad belongs to',	'',	0,	0,	'',	2,	'[{\"answer\":\"Telangana\"},{\"answer\":\"Andhra Pradesh\"}]',	2,	30,	'easy',	'',	'',	NULL,	1,	'2018-04-03 11:10:43',	'2018-04-03 11:10:43',	NULL,	NULL,	NULL),
(45,	3,	3,	'',	'797185f140e6beb884f7d89c2a656fbd6d9fe3a9-44',	'blanks',	'Which state Hyderabad belongs to',	'',	0,	0,	'',	2,	'[{\"answer\":\"Telangana\"},{\"answer\":\"Andhra Pradesh\"}]',	2,	30,	'easy',	'',	'',	NULL,	1,	'2018-04-03 11:10:43',	'2018-04-03 11:10:43',	NULL,	NULL,	NULL),
(46,	3,	3,	'',	'e1de7041d46422747dab18e98b9f8725794d9b7a-45',	'blanks',	'Which state Hyderabad belongs to',	'',	0,	0,	'',	2,	'[{\"answer\":\"Telangana\"},{\"answer\":\"Andhra Pradesh\"}]',	2,	30,	'easy',	'',	'',	NULL,	1,	'2018-04-03 11:10:43',	'2018-04-03 11:10:43',	NULL,	NULL,	NULL),
(47,	3,	3,	'',	'1c6047f63a9eebcb2c8eb1f7b3d89578e763c9fb-46',	'blanks',	'Which state Hyderabad belongs to',	'',	0,	0,	'',	2,	'[{\"answer\":\"Telangana\"},{\"answer\":\"Andhra Pradesh\"}]',	2,	30,	'easy',	'',	'',	NULL,	1,	'2018-04-03 11:10:43',	'2018-04-03 11:10:43',	NULL,	NULL,	NULL),
(48,	3,	3,	'',	'9ae38d32d1c1ca27c91a8f8837e6ed13f70e9b78-47',	'blanks',	'Which state Hyderabad belongs to',	'',	0,	0,	'',	2,	'[{\"answer\":\"Telangana\"},{\"answer\":\"Andhra Pradesh\"}]',	2,	30,	'easy',	'',	'',	NULL,	1,	'2018-04-03 11:10:43',	'2018-04-03 11:10:43',	NULL,	NULL,	NULL),
(49,	3,	3,	'',	'42d3fa0a5a0863f793776e58296511271bf3538b-48',	'blanks',	'Which state Hyderabad belongs to',	'',	0,	0,	'',	2,	'[{\"answer\":\"Telangana\"},{\"answer\":\"Andhra Pradesh\"}]',	2,	30,	'easy',	'',	'',	NULL,	1,	'2018-04-03 11:10:43',	'2018-04-03 11:10:43',	NULL,	NULL,	NULL),
(50,	3,	3,	'',	'2e6986de5c53e6f28e4c4e6fb40876ebd03dad32-49',	'blanks',	'Which state Hyderabad belongs to',	'',	0,	0,	'',	2,	'[{\"answer\":\"Telangana\"},{\"answer\":\"Andhra Pradesh\"}]',	2,	30,	'easy',	'',	'',	NULL,	1,	'2018-04-03 11:10:43',	'2018-04-03 11:10:43',	NULL,	NULL,	NULL),
(51,	3,	3,	'',	'38c6bdb8d7fe10fca745407c93020cc975c42db5-50',	'blanks',	'Which state Hyderabad belongs to',	'',	0,	0,	'',	2,	'[{\"answer\":\"Telangana\"},{\"answer\":\"Andhra Pradesh\"}]',	2,	30,	'easy',	'',	'',	NULL,	1,	'2018-04-03 11:10:43',	'2018-04-03 11:10:43',	NULL,	NULL,	NULL),
(52,	3,	3,	'',	'0541d0cb00822002b030297f4421bd3889533d73-51',	'blanks',	'Which state Hyderabad belongs to',	'',	0,	0,	'',	2,	'[{\"answer\":\"Telangana\"},{\"answer\":\"Andhra Pradesh\"}]',	2,	30,	'easy',	'',	'',	NULL,	1,	'2018-04-03 11:10:43',	'2018-04-03 11:10:43',	NULL,	NULL,	NULL),
(53,	3,	3,	'',	'528c870b31d33681d24c29137096c5c5901e05ae-52',	'blanks',	'Which state Hyderabad belongs to',	'',	0,	0,	'',	2,	'[{\"answer\":\"Telangana\"},{\"answer\":\"Andhra Pradesh\"}]',	2,	30,	'easy',	'',	'',	NULL,	1,	'2018-04-03 11:10:43',	'2018-04-03 11:10:43',	NULL,	NULL,	NULL),
(54,	3,	3,	'',	'1aa1ad1d34cb2f81285cba7e72fe7b9df2f38135-53',	'blanks',	'Which state Hyderabad belongs to',	'',	0,	0,	'',	2,	'[{\"answer\":\"Telangana\"},{\"answer\":\"Andhra Pradesh\"}]',	2,	30,	'easy',	'',	'',	NULL,	1,	'2018-04-03 11:10:43',	'2018-04-03 11:10:43',	NULL,	NULL,	NULL),
(55,	3,	3,	'',	'9308e9c4e431809c8b4cc187c7c0cfd562950521-54',	'blanks',	'Which state Hyderabad belongs to',	'',	0,	0,	'',	2,	'[{\"answer\":\"Telangana\"},{\"answer\":\"Andhra Pradesh\"}]',	2,	30,	'easy',	'',	'',	NULL,	1,	'2018-04-03 11:10:43',	'2018-04-03 11:10:43',	NULL,	NULL,	NULL),
(56,	3,	3,	'',	'5a4dbeb6db22978d17cee2aaa8fa3bc168b37ee4-55',	'blanks',	'Which state Hyderabad belongs to',	'',	0,	0,	'',	2,	'[{\"answer\":\"Telangana\"},{\"answer\":\"Andhra Pradesh\"}]',	2,	30,	'easy',	'',	'',	NULL,	1,	'2018-04-03 11:10:43',	'2018-04-03 11:10:43',	NULL,	NULL,	NULL),
(57,	3,	3,	'',	'9b70ad72a61c6815a243aa7f36b4105301b0f15e-56',	'blanks',	'Which state Hyderabad belongs to',	'',	0,	0,	'',	2,	'[{\"answer\":\"Telangana\"},{\"answer\":\"Andhra Pradesh\"}]',	2,	30,	'easy',	'',	'',	NULL,	1,	'2018-04-03 11:10:43',	'2018-04-03 11:10:43',	NULL,	NULL,	NULL),
(58,	1,	1,	'',	'dd46e7b30feb155034f81349a7129be39b5e8e89-57',	'radio',	'<p>Foremost :</p>\r\n',	'',	0,	2,	'[{\"option_value\":\"Hindmost\",\"optionl2_value\":\"\\u0935\\u0949\\u0928 \\u0928\\u094d\\u092f\\u0942\\u092e\\u0947\\u0928\",\"has_file\":0,\"file_name\":\"\"},{\"option_value\":\"Unimportant    \",\"optionl2_value\":\" \\u091c\\u0947 \\u090f\\u0938 \\u0915\\u093f\\u0932\\u094d\\u092c\\u0940\",\"has_file\":0,\"file_name\":\"\"}]',	1,	'1',	2,	10,	'easy',	'No  hint',	'<p>No Explanation</p>\r\n',	NULL,	1,	'2018-04-03 11:21:18',	'2018-04-03 11:21:18',	'<p>कंप्यूटर के आविष्कारक कौन हैं ?</p>\r\n\r\n<ul>\r\n</ul>\r\n',	'<p>कंप्यूटर के आविष्कारक कौन हैं ?</p>\r\n\r\n<ul>\r\n</ul>\r\n',	NULL),
(59,	1,	1,	'',	'22c934ecb7a8d4c1a10c6b03263861ad834dd0dd-58',	'radio',	'<h2>&nbsp;</h2>\r\n\r\n<p>Protects :</p>\r\n',	'',	0,	2,	'[{\"option_value\":\"Deprives    \",\"optionl2_value\":\" \\u091a\\u093e\\u0930\\u094d\\u0932\\u094d\\u0938 \\u092c\\u0948\\u092c\\u0947\\u091c\",\"has_file\":0,\"file_name\":\"\"},{\"option_value\":\"Deserts  \",\"optionl2_value\":\"\\u0907\\u0928\\u092e\\u0947\\u0902 \\u0938\\u0947 \\u0915\\u094b\\u0908 \\u0928\\u0939\\u0940\\u0902\",\"has_file\":0,\"file_name\":\"\"}]',	1,	'1',	2,	10,	'easy',	'No  hint',	'<p>No Explanation</p>\r\n',	NULL,	1,	'2018-04-03 11:23:11',	'2018-04-03 11:23:11',	'<p>सबसे पहला कंप्यूटर का नाम क्या था ?</p>\r\n',	'<p>सबसे पहला कंप्यूटर का नाम क्या था ?</p>\r\n',	NULL),
(60,	1,	1,	'',	'739c535d2b8cd06dbf40538bcf91839b8c488c59-59',	'checkbox',	'<h2>&nbsp;</h2>\r\n\r\n<p>Find the correctly spelt word.</p>\r\n',	'',	0,	3,	'[{\"option_value\":\"Adulation  \",\"optionl2_value\":\"\\u0917\\u0923\\u0928\\u093e \\u0915\\u0930\\u0928\\u0947\\u0935\\u093e\\u0932\\u093e\",\"has_file\":0,\"file_name\":\"\"},{\"option_value\":\"Adlation     \",\"optionl2_value\":\"\\u0938\\u0902\\u0917\\u0923\\u0915\",\"has_file\":0,\"file_name\":\"\"},{\"option_value\":\"Aduletion\",\"optionl2_value\":\"\\u0939\\u093f\\u0938\\u093e\\u092c \\u0932\\u0917\\u093e\\u0928\\u0947\\u0935\\u093e\\u0932\\u093e\",\"has_file\":0,\"file_name\":\"\"}]',	2,	'[{\"answer\":\"1\"},{\"answer\":\"3\"}]',	2,	12,	'easy',	'Hint',	'<p>&nbsp;</p>\r\n\r\n<p>Explanation</p>\r\n\r\n<p>&nbsp;</p>\r\n',	NULL,	1,	'2018-04-03 11:25:58',	'2018-04-03 11:25:58',	'<p>&nbsp;कंप्यूटर का हिन्दी नाम क्या है ?</p>\r\n\r\n<ul>\r\n</ul>\r\n',	'<p>&nbsp;कंप्यूटर का हिन्दी नाम क्या है ?</p>\r\n\r\n<ul>\r\n</ul>\r\n',	NULL),
(61,	1,	1,	'',	'04ec285afd16a1c9c8d08c25fcc3d8f7ac44872e-60',	'checkbox',	'<p>Find the correct spelt word.</p>\r\n',	'',	0,	3,	'[{\"option_value\":\"Adulterate\",\"optionl2_value\":\" \\u0926\\u093f\\u0938\\u092e\\u094d\\u092c\\u0930\",\"has_file\":0,\"file_name\":\"\"},{\"option_value\":\"Adeldurate  \",\"optionl2_value\":\"\\u0926\\u093f\\u0938\\u092e\\u094d\\u092c\\u0930\",\"has_file\":0,\"file_name\":\"\"},{\"option_value\":\"Adulterat\",\"optionl2_value\":\"\\u0926\\u093f\\u0938\\u092e\\u094d\\u092c\\u0930\",\"has_file\":0,\"file_name\":\"\"}]',	2,	'[{\"answer\":\"1\"},{\"answer\":\"3\"}]',	2,	12,	'easy',	'Hint',	'<p>&nbsp;</p>\r\n\r\n<p>Explanation</p>\r\n\r\n<p>&nbsp;</p>\r\n',	NULL,	1,	'2018-04-03 11:27:57',	'2018-04-03 11:27:57',	'<p>&nbsp;कंप्यूटर साक्षरता दिवस कब मनाया जाता है ?</p>\r\n',	'<p>&nbsp;कंप्यूटर साक्षरता दिवस कब मनाया जाता है ?</p>\r\n',	NULL),
(62,	1,	1,	'',	'8c7824d8d688841105fbf9bb05cbe762ab83a058-61',	'blanks',	'<p>Extreme old age when a man behaves like a fool</p>\r\n',	'',	0,	0,	'[]',	1,	'[{\"answer\":\"Dotage  \"}]',	2,	12,	'easy',	'Hint',	'<p>Explanation</p>\r\n',	NULL,	1,	'2018-04-03 11:30:02',	'2018-04-03 11:30:02',	'<p>इनमें से कौन सर्च इंजन नहीं है ?</p>\r\n',	'<p>इनमें से कौन सर्च इंजन नहीं है ?</p>\r\n',	NULL),
(63,	1,	1,	'',	'e3edb89178183e97863211d2dd856aa2d0101f53-62',	'blanks',	'<p>That which cannot be corrected</p>\r\n',	'',	0,	0,	'[]',	1,	'[{\"answer\":\"Incorrigible  \"}]',	21,	10,	'easy',	'Hint',	'<p>&nbsp;</p>\r\n\r\n<p>Explanation</p>\r\n\r\n<p>&nbsp;</p>\r\n',	NULL,	1,	'2018-04-03 11:31:32',	'2018-04-03 11:31:32',	'<p>&nbsp;निम्न में कौन इनपुट इकाई है ?</p>\r\n\r\n<ul>\r\n</ul>\r\n',	'<p>&nbsp;निम्न में कौन इनपुट इकाई है ?</p>\r\n\r\n<ul>\r\n</ul>\r\n',	NULL),
(64,	1,	1,	'',	'013953e88bfed81691ce2a0e4731e1a833469fa9-63',	'match',	'<p>Match the Following :</p>\r\n',	'',	0,	4,	'{\"left\":{\"title\":\"List I\",\"titlel2\":\"\\u0930\\u093e\\u0937\\u094d\\u091f\\u094d\\u0930\\u0940\\u092f I\",\"options\":[\"Hindmost\",\"Unimportant\",\"Disposed\",\"Mature\"],\"optionsl2\":[\"\\u0928\\u093e\\u0917\\u092a\\u0941\\u0930\",\"\\u092d\\u094b\\u092a\\u093e\\u0932\",\"\\u0906\\u0917\\u094d\\u0930\\u093e\",\"\\u0905\\u0939\\u092e\\u0926\\u093e\\u092c\\u093e\\u0926\"]},\"right\":{\"title\":\"List II\",\"titlel2\":\"\\u0930\\u093e\\u0937\\u094d\\u091f\\u094d\\u0930\\u0940\\u092f II\",\"options\":[\"Defends\",\"Deprives\",\"Deserts\",\"Devises\"],\"optionsl2\":[\"\\u092e\\u094b\\u0939\\u0928 \\u092d\\u093e\\u0917\\u0935\\u0924\",\"\\u0905\\u091f\\u0932 \\u092c\\u093f\\u0939\\u093e\\u0930\\u0940 \\u0935\\u093e\\u091c\\u092a\\u0947\\u092f\\u0940\",\"\\u092e\\u094b\\u0930\\u093e\\u0930\\u091c\\u0940 \\u0926\\u0947\\u0938\\u093e\\u0908\",\"\\u0915\\u0947\\u0936\\u0935 \\u092c\\u0932\\u093f\\u0930\\u093e\\u092e \\u0939\\u0947\\u0921\\u0917\\u0947\\u0935\\u093e\\u0930\"]}}',	4,	'[{\"answer\":\"1\"},{\"answer\":\"2\"},{\"answer\":\"3\"},{\"answer\":\"4\"}]',	2,	20,	'easy',	'Hint',	'<p>Explanation</p>\r\n',	NULL,	1,	'2018-04-03 11:36:07',	'2018-04-03 11:36:07',	'<p>राष्ट्रीय स्वयंसेवक संघ का मुख्यालय कहाँ है ?</p>\r\n',	'<p>राष्ट्रीय स्वयंसेवक संघ का मुख्यालय कहाँ है ?</p>\r\n',	NULL),
(65,	1,	1,	'',	'22ba417448fcdf33a34e8b6331fc37c732927a53-64',	'match',	'<p>Match the Following :</p>\r\n\r\n<p>&nbsp;</p>\r\n',	'',	0,	3,	'{\"left\":{\"title\":\"List I\",\"titlel2\":\"\\u0932\\u093f\\u0938\\u094d\\u091f\\u094d I\",\"options\":[\"Wonderful\",\"Graceful\",\"Ugly\"],\"optionsl2\":[\"\\u0915\\u0947\\u0928\\u094d\\u0926\\u094d\\u0930 \\u0906\\u092f\\u094b\\u0917\",\"\\u0906\\u092f\\u094b\\u0917\",\"\\u092e\\u0941\\u0916\\u0930\\u094d\\u091c\\u0940\"]},\"right\":{\"title\":\"List II\",\"titlel2\":\"\\u0932\\u093f\\u0938\\u094d\\u091f\\u094d II\",\"options\":[\" Handsome\",\"Marvelous\",\"Wonderful\"],\"optionsl2\":[\"\\u0928\\u0940\\u0924\\u093f\",\"\\u0906\\u092f\\u094b\\u0917\",\"\\u0905\\u0928\\u094d\\u092f\"]}}',	3,	'[{\"answer\":\"2\"},{\"answer\":\"2\"},{\"answer\":\"3\"}]',	2,	20,	'easy',	'Hint',	'<p>Explanation</p>\r\n',	NULL,	1,	'2018-04-03 11:40:04',	'2018-04-03 11:40:04',	'<p>भारतीय जनता पार्टी का मुख्यालय कहाँ है ?</p>\r\n',	'<p>भारतीय जनता पार्टी का मुख्यालय कहाँ है ?</p>\r\n',	NULL),
(66,	1,	1,	'',	'24bade660d7d858276679d94a76258e011f5cd21-65',	'para',	'<p>Rearrange the following five sentences in proper sequence so as to for a meaningful paragraph, then answer the questions given below them.</p>\r\n',	'',	0,	2,	'[{\"question\":\"Which sentence should come third in the paragraph?\",\"questionl2\":\"\\u092d\\u093e\\u0930\\u0924 \\u0915\\u0947 \\u0915\\u093f\\u0938 \\u0938\\u092e\\u093e\\u091a\\u093e\\u0930-\\u092a\\u0924\\u094d\\u0930 \\u0915\\u094b \\u092f\\u0942\\u0928\\u0947\\u0938\\u094d\\u0915\\u094b \\u0915\\u093f\\u0902\\u0917 \\u0938\\u0947\\u0902\\u091c\\u094b\\u0902\\u0917 \\u092a\\u0941\\u0930\\u0938\\u094d\\u0915\\u093e\\u0930-2009 \\u092e\\u093f\\u0932\\u093e ?\",\"total_options\":\"2\",\"options\":[[\"After Examining him, the doctor smiled at him mischievously and took out a syringe.\",\"Thinking that he was really sick, his father summoned the family doctor.\"]],\"optionsl2\":[[\"\\u0916\\u092c\\u0930 \\u0932\\u0939\\u0930\\u093f\\u092f\\u093e\",\"\\u0926\\u0948\\u0928\\u093f\\u0915 \\u0939\\u093f\\u0928\\u094d\\u0926\\u0941\\u0938\\u094d\\u0924\\u093e\\u0928\"]]},{\"question\":\"Which sentence should come last in the paragraph?\",\"questionl2\":\"\\u0905\\u092a\\u094d\\u0930\\u0948\\u09322015 \\u092e\\u0947\\u0902 \\u0915\\u093f\\u0938 \\u092d\\u093e\\u0930\\u0924\\u0940\\u092f \\u092c\\u0948\\u0902\\u0915 \\u0928\\u0947 \'\\u090f\\u0936\\u093f\\u092f\\u0928 \\u092c\\u0948\\u0902\\u0915\\u0930 \\u0905\\u091a\\u0940\\u0935\\u092e\\u0947\\u0902\\u091f \\u092a\\u0941\\u0930\\u0938\\u094d\\u0915\\u093e\\u0930\' 2015 \\u091c\\u0940\\u0924\\u093e \\u0939\\u0948?\",\"total_options\":\"2\",\"options\":{\"1\":[\"Therefor; he pretended to be sick and remained in bed.\",\"Immediately, Mintu jumped up from his bed and swore the he was fine\"]},\"optionsl2\":{\"1\":[\" \\u092a\\u0902\\u091c\\u093e\\u092c \\u0928\\u0947\\u0936\\u0928\\u0932 \\u092c\\u0948\\u0902\\u0915\",\" \\u092d\\u093e\\u0930\\u0924\\u0940\\u092f \\u092e\\u0939\\u093f\\u0932\\u093e \\u092c\\u0948\\u0902\\u0915\"]}}]',	2,	'[{\"answer\":\"1\"},{\"answer\":\"1\"}]',	2,	20,	'easy',	'Hint',	'<p>Explanation</p>\r\n',	NULL,	1,	'2018-04-03 11:44:34',	'2018-04-03 11:44:34',	'<p>&nbsp;प्रधानमंत्री नरेन्द्र मोदी ने नागरिकों की समस्याओं के निवारण के लिए एक बहू-उद्देशीय ई-गवर्नेंस प्लेटफार्म शुरू किया है, इस प्लेटफार्म को क्या नाम दिया गया है?</p>\r\n',	'<p>&nbsp;प्रधानमंत्री नरेन्द्र मोदी ने नागरिकों की समस्याओं के निवारण के लिए एक बहू-उद्देशीय ई-गवर्नेंस प्लेटफार्म शुरू किया है, इस प्लेटफार्म को क्या नाम दिया गया है?</p>\r\n',	NULL),
(67,	1,	1,	'',	'dc0568ca77c9723a7ccd59f15c8119a8c96bba37-66',	'para',	'<p>Rearrange the following five sentences in proper sequence to form a meaningful paragraph, then answer the questions given below.</p>\r\n',	'',	0,	2,	'[{\"question\":\"Which of the sentences should come second in the paragraph ?\",\"questionl2\":\"\\u0939\\u093e\\u0932 \\u092e\\u0947\\u0902 \\u0926\\u093f\\u0902\\u0935\\u0917\\u0924 \\u0939\\u0941\\u090f \\u092e\\u0932\\u094d\\u0932\\u0940 \\u092e\\u0938\\u094d\\u0924\\u093e\\u0928 \\u092c\\u093e\\u092c\\u0942 \\u0915\\u093e \\u0938\\u092e\\u094d\\u092c\\u0928\\u094d\\u0927 \\u0928\\u093f\\u092e\\u094d\\u0928 \\u092e\\u0947\\u0902 \\u0938\\u0947 \\u0915\\u093f\\u0938 \\u0915\\u094d\\u0937\\u0947\\u0924\\u094d\\u0930 \\u0938\\u0947 \\u0925\\u093e?\",\"total_options\":\"2\",\"options\":[[\"A Study to this effects suggests that the average white-collar worker demonstrates only about 25% listening efficiency.\",\"However for trained and good listeners it is not unusual to use all the three approaches during a setting, thus improving listening efficiency.\"]],\"optionsl2\":[[\"\\u0915\\u0941\\u0936\\u094d\\u0924\\u0940\",\"\\u0935\\u093e\\u0932\\u0940\\u092c\\u093e\\u0932\"]]},{\"question\":\"Which of the sentences should come fourth in the paragraph ?\",\"questionl2\":\"\\u0932 \\u092e\\u0947\\u0902 \\u0926\\u093f\\u0902\\u0935\\u0917\\u0924 \\u0939\\u0941\\u090f \\u092e\\u0932\\u094d\\u0932\\u0940 \\u092e\\u0938\\u094d\\u0924\\u093e\\u0928 \\u092c\\u093e\\u092c\\u0942 \\u0915\\u093e \\u0938\\u092e\\u094d\\u092c\\u0928\\u094d\\u0927 \\u0928\\u093f\\u092e\\u094d\\u0928 \\u092e\\u0947\\u0902 \\u0938\\u0947 \\u0915\\u093f\\u0938 \\u0915\\u094d\\u0937\\u0947\\u0924\\u094d\\u0930 \\u0938\\u0947 \\u0925\\u093e?\",\"total_options\":\"2\",\"options\":{\"1\":[\"Although we spend nearly half of each communication interaction listening, we do not listen well.\",\"Each approach has a particular emphasis that may help us to receive and process informationin different settings.\"]},\"optionsl2\":{\"1\":[\"\\u0915\\u0941\\u0936\\u094d\\u0924\\u0940\",\"\\u0935\\u093e\\u0932\\u0940\\u092c\\u093e\\u0932\"]}}]',	2,	'[{\"answer\":\"1\"},{\"answer\":\"1\"}]',	2,	20,	'easy',	' No Hint ',	'<p>No Explanation</p>\r\n',	NULL,	1,	'2018-04-03 11:49:23',	'2018-04-03 11:49:23',	'<p>हाल में दिंवगत हुए मल्ली मस्तान बाबू का सम्बन्ध निम्न में से किस क्षेत्र से था?</p>\r\n',	'<p>हाल में दिंवगत हुए मल्ली मस्तान बाबू का सम्बन्ध निम्न में से किस क्षेत्र से था?</p>\r\n',	NULL),
(68,	1,	1,	'',	'9021892f23a7a641d790c8db4f310f59d5d45da7-67',	'video',	'<h2>Which county did Ravi Shastri play for?</h2>\r\n',	'68question.mp4',	0,	2,	'[{\"question\":\" Who was the first Indian to win the World Amateur Billiards title?\",\"questionl2\":\"\\u0911\\u092a\\u0930\\u0947\\u0936\\u0928 \\u0926\\u0941\\u0930\\u094d\\u0917\\u093e \\u0915\\u093e \\u0936\\u0941\\u092d\\u093e\\u0930\\u0902\\u092d \\u0939\\u0941\\u0906 ?\",\"total_options\":\"2\",\"options\":[[\"Glamorgan\",\"Leicestershire\"]],\"optionsl2\":[[\"\\u0915\\u0941\\u0936\\u094d\\u0924\\u0940\",\"\\u0915\\u0941\\u0936\\u094d\\u0924\\u0940\"]]},{\"question\":\" Who was the first Indian to win the World Amateur Billiards title?\",\"questionl2\":\"\\u0905\\u092a\\u094d\\u0930\\u0948\\u09322015 \\u092e\\u0947\\u0902 \\u0915\\u093f\\u0938 \\u092d\\u093e\\u0930\\u0924\\u0940\\u092f \\u092c\\u0948\\u0902\\u0915 \\u0928\\u0947 \'\\u090f\\u0936\\u093f\\u092f\\u0928 \\u092c\\u0948\\u0902\\u0915\\u0930 \\u0905\\u091a\\u0940\\u0935\\u092e\\u0947\\u0902\\u091f \\u092a\\u0941\\u0930\\u0938\\u094d\\u0915\\u093e\\u0930\' 2015 \\u091c\\u0940\\u0924\\u093e \\u0939\\u0948?\",\"total_options\":\"2\",\"options\":{\"1\":[\"Gloucestershire\",\"Lancashire\"]},\"optionsl2\":{\"1\":[\"\\u092a\\u0902\\u091c\\u093e\\u092c \\u0928\\u0947\\u0936\\u0928\\u0932 \\u092c\\u0948\\u0902\\u0915\",\"\\u092a\\u0902\\u091c\\u093e\\u092c \\u0928\\u0947\\u0936\\u0928\\u0932 \\u092c\\u0948\\u0902\\u0915\"]}}]',	2,	'[{\"answer\":\"1\"},{\"answer\":\"1\"}]',	2,	20,	'easy',	'Hint',	'<p>Explanation</p>\r\n',	NULL,	1,	'2018-04-03 11:54:47',	'2018-04-03 11:54:50',	'<p><strong>ऑपरेशन दुर्गा का शुभारंभ हुआ ?</strong></p>\r\n',	'<p><strong>ऑपरेशन दुर्गा का शुभारंभ हुआ ?</strong></p>\r\n',	NULL),
(69,	1,	1,	'',	'870fdf55c51a774071efb591b933e82d7cb04d35-68',	'audio',	'<p>Who was the first Indian to win the World Amateur Billiards title?</p>\r\n',	'69question.',	0,	1,	'[{\"question\":\"Who was the first Indian to win the World Amateur Billiards title?\",\"questionl2\":\"\\u0939\\u093e\\u0932 \\u092e\\u0947\\u0902 \\u0926\\u093f\\u0902\\u0935\\u0917\\u0924 \\u0939\\u0941\\u090f \\u092e\\u0932\\u094d\\u0932\\u0940 \\u092e\\u0938\\u094d\\u0924\\u093e\\u0928 \\u092c\\u093e\\u092c\\u0942 \\u0915\\u093e \\u0938\\u092e\\u094d\\u092c\\u0928\\u094d\\u0927 \\u0928\\u093f\\u092e\\u094d\\u0928 \\u092e\\u0947\\u0902 \\u0938\\u0947 \\u0915\\u093f\\u0938 \\u0915\\u094d\\u0937\\u0947\\u0924\\u094d\\u0930 \\u0938\\u0947 \\u0925\\u093e?\",\"total_options\":\"2\",\"options\":[[\"Geet Sethi\",\"Wilson Jones\"]],\"optionsl2\":[[\"\\u0915\\u0941\\u0936\\u094d\\u0924\\u0940\",\"\\u0935\\u093e\\u0932\\u0940\\u092c\\u093e\\u0932\"]]}]',	1,	'[{\"answer\":\"1\"}]',	2,	20,	'easy',	'NO hint',	'<p>No Explanation</p>\r\n',	NULL,	1,	'2018-04-03 11:56:46',	'2018-04-03 11:56:46',	'<p>हाल में दिंवगत हुए मल्ली मस्तान बाबू का सम्बन्ध निम्न में से किस क्षेत्र से था?</p>\r\n',	'',	NULL),
(70,	5,	5,	'',	'06f17c0b4a2a9dc8a711165017f61bc828659b28-69',	'radio',	'Which of the following terms is not used in the field of physics?',	'',	0,	2,	'[{\"option_value\":\"Latent heat\",\"has_file\":0,\"file_name\":\"\"},{\"option_value\":\"Stock value\\n \\n\",\"has_file\":0,\"file_name\":\"\"}]',	1,	'1',	2,	30,	'easy',	'no hint',	'No explanation',	NULL,	1,	'2018-04-04 05:55:25',	'2018-04-04 05:55:25',	NULL,	NULL,	NULL),
(71,	5,	5,	'',	'aec84880677519f8df9ccb4a87dfcdc91cb4e57b-70',	'radio',	'Radiocarbon is produced in the atmosphere as a result of',	'',	0,	2,	'[{\"option_value\":\"Collision between fast neutrons and nitrogen nuclei present in the atmosphere.\",\"has_file\":0,\"file_name\":\"\"},{\"option_value\":\"Action of ultraviolet light from the sun on atmospheric oxygen.\",\"has_file\":0,\"file_name\":\"\"}]',	1,	'1',	2,	30,	'easy',	'no hint',	'No explanation',	NULL,	1,	'2018-04-04 05:55:25',	'2018-04-04 05:55:25',	NULL,	NULL,	NULL),
(72,	5,	5,	'',	'b15245db7df750face6f64e333713132e4e476fa-71',	'radio',	'It is easier to roll a stone up a sloping road than to lift it vertical upwards because',	'',	0,	2,	'[{\"option_value\":\"Work done in rolling is more than in lifting.\",\"has_file\":0,\"file_name\":\"\"},{\"option_value\":\"Work done in lifting the stone is equal to rolling it.\",\"has_file\":0,\"file_name\":\"\"}]',	1,	'1',	2,	30,	'easy',	'no hint',	'No explanation',	NULL,	1,	'2018-04-04 05:55:25',	'2018-04-04 05:55:25',	NULL,	NULL,	NULL),
(73,	5,	5,	'',	'4d5e55dcd998b716d1d1212ac91c41f217682543-72',	'radio',	'The absorption of ink by blotting paper involves:',	'',	0,	2,	'[{\"option_value\":\"Viscosity of ink\",\"has_file\":0,\"file_name\":\"\"},{\"option_value\":\"Capillary action phenomenon\",\"has_file\":0,\"file_name\":\"\"}]',	1,	'1',	2,	30,	'easy',	'no hint',	'No explanation',	NULL,	1,	'2018-04-04 05:55:25',	'2018-04-04 05:55:25',	NULL,	NULL,	NULL),
(74,	5,	5,	'',	'a4b53cbcd15294d7d8487af992b3da1bcd195363-73',	'radio',	'\nSiphon will fail to work if:',	'',	0,	2,	'[{\"option_value\":\"The densities of the liquid in the two vessels are equal.\",\"has_file\":0,\"file_name\":\"\"},{\"option_value\":\"The level of the liquid in the two vessels are at the same height.\",\"has_file\":0,\"file_name\":\"\"}]',	1,	'1',	2,	30,	'easy',	'no hint',	'No explanation',	NULL,	1,	'2018-04-04 05:55:25',	'2018-04-04 05:55:25',	NULL,	NULL,	NULL),
(75,	5,	5,	'',	'09e7dbcbd5d9860e0eb9d5da9189afb968de6b61-74',	'radio',	'Large transformers, when used for some time, become very hot and are cooled by circulating oil. The heating of the transformer is due to:',	'',	0,	2,	'[{\"option_value\":\"The heating effect of current alone\",\"has_file\":0,\"file_name\":\"\"},{\"option_value\":\"Hysteresis loss alone\",\"has_file\":0,\"file_name\":\"\"}]',	1,	'1',	2,	30,	'easy',	'no hint',	'No explanation',	NULL,	1,	'2018-04-04 05:55:25',	'2018-04-04 05:55:25',	NULL,	NULL,	NULL),
(76,	5,	5,	'',	'78decf16758427689d047ee0177f0f1eca6df8b2-75',	'radio',	'\nNuclear sizes are expressed in a unit named',	'',	0,	2,	'[{\"option_value\":\"Fermi\\n\",\"has_file\":0,\"file_name\":\"\"},{\"option_value\":\"Angstrom\",\"has_file\":0,\"file_name\":\"\"}]',	1,	'1',	2,	30,	'easy',	'no hint',	'No explanation',	NULL,	1,	'2018-04-04 05:55:25',	'2018-04-04 05:55:25',	NULL,	NULL,	NULL),
(77,	5,	5,	'',	'618dbbef2cbfab07420f542a263f2f3d8227c228-76',	'radio',	'Light year is a unit of',	'',	0,	2,	'[{\"option_value\":\"Time\\n\",\"has_file\":0,\"file_name\":\"\"},{\"option_value\":\"Distance\",\"has_file\":0,\"file_name\":\"\"}]',	1,	'1',	2,	30,	'easy',	'no hint',	'No explanation',	NULL,	1,	'2018-04-04 05:55:25',	'2018-04-04 05:55:25',	NULL,	NULL,	NULL),
(78,	5,	5,	'',	'2b0283f0d722ce7317fc11eb2763f3805788aeea-77',	'radio',	'Mirage is due to:',	'',	0,	2,	'[{\"option_value\":\"Unequal heating of different parts of the atmosphere\",\"has_file\":0,\"file_name\":\"\"},{\"option_value\":\"Magnetic disturbances in the atmosphere\\n \\n \",\"has_file\":0,\"file_name\":\"\"}]',	1,	'1',	2,	30,	'easy',	'no hint',	'No explanation',	NULL,	1,	'2018-04-04 05:55:25',	'2018-04-04 05:55:25',	NULL,	NULL,	NULL),
(79,	5,	5,	'',	'70d95fa887dfbb6c9446ca3ef781e4c1d16da438-78',	'radio',	'Light from the Sun reaches us in nearly',	'',	0,	2,	'[{\"option_value\":\"2 minutes\",\"has_file\":0,\"file_name\":\"\"},{\"option_value\":\"4 minutes\",\"has_file\":0,\"file_name\":\"\"}]',	1,	'1',	2,	30,	'easy',	'no hint',	'No explanation',	NULL,	1,	'2018-04-04 05:55:25',	'2018-04-04 05:55:25',	NULL,	NULL,	NULL),
(80,	5,	5,	'',	'78c0fb11412efb0f4bb4b14ba191a986d1bb8eb5-79',	'radio',	'Stars appears to move from east to west because',	'',	0,	2,	'[{\"option_value\":\"All stars move from east to west\",\"has_file\":0,\"file_name\":\"\"},{\"option_value\":\"The earth rotates from west to east\",\"has_file\":0,\"file_name\":\"\"}]',	1,	'1',	2,	30,	'easy',	'no hint',	'No explanation',	NULL,	1,	'2018-04-04 05:55:25',	'2018-04-04 05:55:25',	NULL,	NULL,	NULL),
(81,	5,	5,	'',	'6a600260ac6200d046b68ce403b107cc017e786d-80',	'radio',	'Pa(Pascal) is the unit for',	'',	0,	2,	'[{\"option_value\":\"Thrust\",\"has_file\":0,\"file_name\":\"\"},{\"option_value\":\"Pressure\",\"has_file\":0,\"file_name\":\"\"}]',	1,	'1',	2,	30,	'easy',	'no hint',	'No explanation',	NULL,	1,	'2018-04-04 05:55:25',	'2018-04-04 05:55:25',	NULL,	NULL,	NULL),
(82,	5,	5,	'',	'aaab1ef24a108e0d01e74acde6d5524eae91e05b-81',	'radio',	'Planets do not twinkle because',	'',	0,	2,	'[{\"option_value\":\"They emit light of a constant intensity\",\"has_file\":0,\"file_name\":\"\"},{\"option_value\":\"Their distance from the earth does not change with time\",\"has_file\":0,\"file_name\":\"\"}]',	1,	'1',	2,	30,	'easy',	'no hint',	'No explanation',	NULL,	1,	'2018-04-04 05:55:25',	'2018-04-04 05:55:25',	NULL,	NULL,	NULL),
(83,	5,	5,	'',	'e2df7f709f1fe24636b98e1036df2dd8b2850ee4-82',	'radio',	'Metals are good conductors of electricity because:',	'',	0,	2,	'[{\"option_value\":\"They contain free electrons.\",\"has_file\":0,\"file_name\":\"\"},{\"option_value\":\"The atoms are lightly packed.\",\"has_file\":0,\"file_name\":\"\"}]',	1,	'1',	2,	30,	'easy',	'no hint',	'No explanation',	NULL,	1,	'2018-04-04 05:55:25',	'2018-04-04 05:55:25',	NULL,	NULL,	NULL),
(84,	5,	5,	'',	'ee82ac7602454ac4f383d73ebbd410b04b2e9d66-83',	'radio',	'Pick out the scalar quantity',	'',	0,	2,	'[{\"option_value\":\"Force\",\"has_file\":0,\"file_name\":\"\"},{\"option_value\":\"Pressure\",\"has_file\":0,\"file_name\":\"\"}]',	1,	'1',	2,	30,	'easy',	'no hint',	'No explanation',	NULL,	1,	'2018-04-04 05:55:25',	'2018-04-04 05:55:25',	NULL,	NULL,	NULL),
(85,	5,	5,	'',	'71b2bdeb8e51a43ce68e6dfdf8a7d6316815124c-84',	'radio',	'Rectifiers are used to convert:',	'',	0,	2,	'[{\"option_value\":\"Direct current to Alternating current\",\"has_file\":0,\"file_name\":\"\"},{\"option_value\":\"Alternating current to Direct current\",\"has_file\":0,\"file_name\":\"\"}]',	1,	'1',	2,	30,	'easy',	'no hint',	'No explanation',	NULL,	1,	'2018-04-04 05:55:25',	'2018-04-04 05:55:25',	NULL,	NULL,	NULL),
(86,	5,	5,	'',	'91c823e1c7c305e5fa0461870d34c4408ac459d2-85',	'checkbox',	'100 is formed by?',	'',	0,	4,	'[{\"option_value\":\"50+50\",\"has_file\":0,\"file_name\":\"\"},{\"option_value\":\"10x50\",\"has_file\":0,\"file_name\":\"\"},{\"option_value\":\"70+30\",\"has_file\":0,\"file_name\":\"\"},{\"option_value\":\"70+50\",\"has_file\":0,\"file_name\":\"\"}]',	2,	'[{\"answer\":\"1\"},{\"answer\":\"3\"}]',	2,	30,	'easy',	'Test Hint',	'Test Explanation',	NULL,	1,	'2018-04-04 05:59:51',	'2018-04-04 05:59:51',	NULL,	NULL,	NULL),
(87,	5,	5,	'',	'b04d6f28477ff53539cab3a9226102ef6026454d-86',	'checkbox',	'101 is formed by?',	'',	0,	4,	'[{\"option_value\":\"50+50\",\"has_file\":0,\"file_name\":\"\"},{\"option_value\":\"10x50\",\"has_file\":0,\"file_name\":\"\"},{\"option_value\":\"70+30\",\"has_file\":0,\"file_name\":\"\"},{\"option_value\":\"70+50\",\"has_file\":0,\"file_name\":\"\"}]',	2,	'[{\"answer\":\"1\"},{\"answer\":\"3\"}]',	2,	30,	'easy',	'Test Hint',	'Test Explanation',	NULL,	1,	'2018-04-04 05:59:51',	'2018-04-04 05:59:51',	NULL,	NULL,	NULL),
(88,	5,	5,	'',	'1618cdddf2ccb5579baabfb73a155eff56c809e3-87',	'checkbox',	'102 is formed by?',	'',	0,	4,	'[{\"option_value\":\"50+50\",\"has_file\":0,\"file_name\":\"\"},{\"option_value\":\"10x50\",\"has_file\":0,\"file_name\":\"\"},{\"option_value\":\"70+30\",\"has_file\":0,\"file_name\":\"\"},{\"option_value\":\"70+50\",\"has_file\":0,\"file_name\":\"\"}]',	2,	'[{\"answer\":\"1\"},{\"answer\":\"3\"}]',	2,	30,	'easy',	'Test Hint',	'Test Explanation',	NULL,	1,	'2018-04-04 05:59:51',	'2018-04-04 05:59:51',	NULL,	NULL,	NULL),
(89,	5,	5,	'',	'25500e89702cd6f4d2698c1353f541c3fe8eaf72-88',	'checkbox',	'103 is formed by?',	'',	0,	4,	'[{\"option_value\":\"50+50\",\"has_file\":0,\"file_name\":\"\"},{\"option_value\":\"10x50\",\"has_file\":0,\"file_name\":\"\"},{\"option_value\":\"70+30\",\"has_file\":0,\"file_name\":\"\"},{\"option_value\":\"70+50\",\"has_file\":0,\"file_name\":\"\"}]',	2,	'[{\"answer\":\"1\"},{\"answer\":\"3\"}]',	2,	30,	'easy',	'Test Hint',	'Test Explanation',	NULL,	1,	'2018-04-04 05:59:51',	'2018-04-04 05:59:51',	NULL,	NULL,	NULL),
(90,	5,	5,	'',	'dcecd3f4143ebc7b0b30c201dacbb4dd495fdbfc-89',	'checkbox',	'104 is formed by?',	'',	0,	4,	'[{\"option_value\":\"50+50\",\"has_file\":0,\"file_name\":\"\"},{\"option_value\":\"10x50\",\"has_file\":0,\"file_name\":\"\"},{\"option_value\":\"70+30\",\"has_file\":0,\"file_name\":\"\"},{\"option_value\":\"70+50\",\"has_file\":0,\"file_name\":\"\"}]',	2,	'[{\"answer\":\"1\"},{\"answer\":\"3\"}]',	2,	30,	'easy',	'Test Hint',	'Test Explanation',	NULL,	1,	'2018-04-04 05:59:51',	'2018-04-04 05:59:51',	NULL,	NULL,	NULL),
(91,	5,	5,	'',	'82893ff3a88a266ced8a8bb92d2af6669bd5dec3-90',	'checkbox',	'105 is formed by?',	'',	0,	4,	'[{\"option_value\":\"50+50\",\"has_file\":0,\"file_name\":\"\"},{\"option_value\":\"10x50\",\"has_file\":0,\"file_name\":\"\"},{\"option_value\":\"70+30\",\"has_file\":0,\"file_name\":\"\"},{\"option_value\":\"70+50\",\"has_file\":0,\"file_name\":\"\"}]',	2,	'[{\"answer\":\"1\"},{\"answer\":\"3\"}]',	2,	30,	'easy',	'Test Hint',	'Test Explanation',	NULL,	1,	'2018-04-04 05:59:51',	'2018-04-04 05:59:51',	NULL,	NULL,	NULL),
(92,	5,	5,	'',	'0983e4f01647892e522bf893041862d6ad73512c-91',	'checkbox',	'106 is formed by?',	'',	0,	4,	'[{\"option_value\":\"50+50\",\"has_file\":0,\"file_name\":\"\"},{\"option_value\":\"10x50\",\"has_file\":0,\"file_name\":\"\"},{\"option_value\":\"70+30\",\"has_file\":0,\"file_name\":\"\"},{\"option_value\":\"70+50\",\"has_file\":0,\"file_name\":\"\"}]',	2,	'[{\"answer\":\"1\"},{\"answer\":\"3\"}]',	2,	30,	'easy',	'Test Hint',	'Test Explanation',	NULL,	1,	'2018-04-04 05:59:51',	'2018-04-04 05:59:51',	NULL,	NULL,	NULL),
(93,	5,	5,	'',	'f9f4135c3f9fa8e86f71e9a4584a1eb888bb8048-92',	'checkbox',	'107 is formed by?',	'',	0,	4,	'[{\"option_value\":\"50+50\",\"has_file\":0,\"file_name\":\"\"},{\"option_value\":\"10x50\",\"has_file\":0,\"file_name\":\"\"},{\"option_value\":\"70+30\",\"has_file\":0,\"file_name\":\"\"},{\"option_value\":\"70+50\",\"has_file\":0,\"file_name\":\"\"}]',	2,	'[{\"answer\":\"1\"},{\"answer\":\"3\"}]',	2,	30,	'easy',	'Test Hint',	'Test Explanation',	NULL,	1,	'2018-04-04 05:59:51',	'2018-04-04 05:59:51',	NULL,	NULL,	NULL),
(94,	5,	5,	'',	'7fc4bc723b4430f1abf40ca2c476b51ca96517b6-93',	'checkbox',	'108 is formed by?',	'',	0,	4,	'[{\"option_value\":\"50+50\",\"has_file\":0,\"file_name\":\"\"},{\"option_value\":\"10x50\",\"has_file\":0,\"file_name\":\"\"},{\"option_value\":\"70+30\",\"has_file\":0,\"file_name\":\"\"},{\"option_value\":\"70+50\",\"has_file\":0,\"file_name\":\"\"}]',	2,	'[{\"answer\":\"1\"},{\"answer\":\"3\"}]',	2,	30,	'easy',	'Test Hint',	'Test Explanation',	NULL,	1,	'2018-04-04 05:59:51',	'2018-04-04 05:59:51',	NULL,	NULL,	NULL),
(95,	5,	5,	'',	'c6d4a70fb60c487662e3f049c919b006db3b4324-94',	'checkbox',	'109 is formed by?',	'',	0,	4,	'[{\"option_value\":\"50+50\",\"has_file\":0,\"file_name\":\"\"},{\"option_value\":\"10x50\",\"has_file\":0,\"file_name\":\"\"},{\"option_value\":\"70+30\",\"has_file\":0,\"file_name\":\"\"},{\"option_value\":\"70+50\",\"has_file\":0,\"file_name\":\"\"}]',	2,	'[{\"answer\":\"1\"},{\"answer\":\"3\"}]',	2,	30,	'easy',	'Test Hint',	'Test Explanation',	NULL,	1,	'2018-04-04 05:59:51',	'2018-04-04 05:59:51',	NULL,	NULL,	NULL),
(96,	5,	5,	'',	'b7e177954222589cb342f052f7ee13552f002d98-95',	'checkbox',	'110 is formed by?',	'',	0,	4,	'[{\"option_value\":\"50+50\",\"has_file\":0,\"file_name\":\"\"},{\"option_value\":\"10x50\",\"has_file\":0,\"file_name\":\"\"},{\"option_value\":\"70+30\",\"has_file\":0,\"file_name\":\"\"},{\"option_value\":\"70+50\",\"has_file\":0,\"file_name\":\"\"}]',	2,	'[{\"answer\":\"1\"},{\"answer\":\"3\"}]',	2,	30,	'easy',	'Test Hint',	'Test Explanation',	NULL,	1,	'2018-04-04 05:59:51',	'2018-04-04 05:59:51',	NULL,	NULL,	NULL),
(97,	5,	5,	'',	'c7a640113ce67275c66a998d1ee562c72f957822-96',	'checkbox',	'111 is formed by?',	'',	0,	4,	'[{\"option_value\":\"50+50\",\"has_file\":0,\"file_name\":\"\"},{\"option_value\":\"10x50\",\"has_file\":0,\"file_name\":\"\"},{\"option_value\":\"70+30\",\"has_file\":0,\"file_name\":\"\"},{\"option_value\":\"70+50\",\"has_file\":0,\"file_name\":\"\"}]',	2,	'[{\"answer\":\"1\"},{\"answer\":\"3\"}]',	2,	30,	'easy',	'Test Hint',	'Test Explanation',	NULL,	1,	'2018-04-04 05:59:51',	'2018-04-04 05:59:51',	NULL,	NULL,	NULL),
(98,	5,	5,	'',	'e86edabb74e4a0faac8b85ce059ebc9d692d789f-97',	'checkbox',	'112 is formed by?',	'',	0,	4,	'[{\"option_value\":\"50+50\",\"has_file\":0,\"file_name\":\"\"},{\"option_value\":\"10x50\",\"has_file\":0,\"file_name\":\"\"},{\"option_value\":\"70+30\",\"has_file\":0,\"file_name\":\"\"},{\"option_value\":\"70+50\",\"has_file\":0,\"file_name\":\"\"}]',	2,	'[{\"answer\":\"1\"},{\"answer\":\"3\"}]',	2,	30,	'easy',	'Test Hint',	'Test Explanation',	NULL,	1,	'2018-04-04 05:59:51',	'2018-04-04 05:59:51',	NULL,	NULL,	NULL),
(99,	5,	5,	'',	'c770af561eae7563e439ba62b9f84259fde246bc-98',	'checkbox',	'113 is formed by?',	'',	0,	4,	'[{\"option_value\":\"50+50\",\"has_file\":0,\"file_name\":\"\"},{\"option_value\":\"10x50\",\"has_file\":0,\"file_name\":\"\"},{\"option_value\":\"70+30\",\"has_file\":0,\"file_name\":\"\"},{\"option_value\":\"70+50\",\"has_file\":0,\"file_name\":\"\"}]',	2,	'[{\"answer\":\"1\"},{\"answer\":\"3\"}]',	2,	30,	'easy',	'Test Hint',	'Test Explanation',	NULL,	1,	'2018-04-04 05:59:51',	'2018-04-04 05:59:51',	NULL,	NULL,	NULL),
(100,	5,	5,	'',	'1a0bc6d3bd3fd4def76f23a9a6bf5ae5cd5e3d5b-99',	'checkbox',	'114 is formed by?',	'',	0,	4,	'[{\"option_value\":\"50+50\",\"has_file\":0,\"file_name\":\"\"},{\"option_value\":\"10x50\",\"has_file\":0,\"file_name\":\"\"},{\"option_value\":\"70+30\",\"has_file\":0,\"file_name\":\"\"},{\"option_value\":\"70+50\",\"has_file\":0,\"file_name\":\"\"}]',	2,	'[{\"answer\":\"1\"},{\"answer\":\"3\"}]',	2,	30,	'easy',	'Test Hint',	'Test Explanation',	NULL,	1,	'2018-04-04 05:59:51',	'2018-04-04 05:59:51',	NULL,	NULL,	NULL),
(101,	5,	5,	'',	'46aea8a12e292709c113ecb7f128b0434ea49a2d-100',	'checkbox',	'115 is formed by?',	'',	0,	4,	'[{\"option_value\":\"50+50\",\"has_file\":0,\"file_name\":\"\"},{\"option_value\":\"10x50\",\"has_file\":0,\"file_name\":\"\"},{\"option_value\":\"70+30\",\"has_file\":0,\"file_name\":\"\"},{\"option_value\":\"70+50\",\"has_file\":0,\"file_name\":\"\"}]',	2,	'[{\"answer\":\"1\"},{\"answer\":\"3\"}]',	2,	30,	'easy',	'Test Hint',	'Test Explanation',	NULL,	1,	'2018-04-04 05:59:51',	'2018-04-04 05:59:51',	NULL,	NULL,	NULL),
(102,	5,	5,	'',	'aae4f42680a5c71aee3b1565e8052ce62dbd0a77-101',	'checkbox',	'116 is formed by?',	'',	0,	4,	'[{\"option_value\":\"50+50\",\"has_file\":0,\"file_name\":\"\"},{\"option_value\":\"10x50\",\"has_file\":0,\"file_name\":\"\"},{\"option_value\":\"70+30\",\"has_file\":0,\"file_name\":\"\"},{\"option_value\":\"70+50\",\"has_file\":0,\"file_name\":\"\"}]',	2,	'[{\"answer\":\"1\"},{\"answer\":\"3\"}]',	2,	30,	'easy',	'Test Hint',	'Test Explanation',	NULL,	1,	'2018-04-04 05:59:51',	'2018-04-04 05:59:51',	NULL,	NULL,	NULL),
(103,	5,	5,	'',	'da292a9d098ef2f00772d6ce09e2a55ca0d5d7e5-102',	'checkbox',	'117 is formed by?',	'',	0,	4,	'[{\"option_value\":\"50+50\",\"has_file\":0,\"file_name\":\"\"},{\"option_value\":\"10x50\",\"has_file\":0,\"file_name\":\"\"},{\"option_value\":\"70+30\",\"has_file\":0,\"file_name\":\"\"},{\"option_value\":\"70+50\",\"has_file\":0,\"file_name\":\"\"}]',	2,	'[{\"answer\":\"1\"},{\"answer\":\"3\"}]',	2,	30,	'easy',	'Test Hint',	'Test Explanation',	NULL,	1,	'2018-04-04 05:59:51',	'2018-04-04 05:59:51',	NULL,	NULL,	NULL),
(104,	5,	5,	'',	'3316ea6c18f574ec3a55ada682bdae12f17c9207-103',	'blanks',	'Which state Hyderabad belongs to',	'',	0,	0,	'',	2,	'[{\"answer\":\"Telangana\"},{\"answer\":\"Andhra Pradesh\"}]',	2,	30,	'easy',	'',	'',	NULL,	1,	'2018-04-04 06:00:03',	'2018-04-04 06:00:03',	NULL,	NULL,	NULL),
(105,	5,	5,	'',	'52d6ec77366c3ae074d42fd4b7f2e96d13b8b0b7-104',	'blanks',	'Which state Hyderabad belongs to',	'',	0,	0,	'',	2,	'[{\"answer\":\"Telangana\"},{\"answer\":\"Andhra Pradesh\"}]',	2,	30,	'easy',	'',	'',	NULL,	1,	'2018-04-04 06:00:03',	'2018-04-04 06:00:03',	NULL,	NULL,	NULL),
(106,	5,	5,	'',	'44f44302b7106c49c4d4c8eecbb7809d03627cbc-105',	'blanks',	'Which state Hyderabad belongs to',	'',	0,	0,	'',	2,	'[{\"answer\":\"Telangana\"},{\"answer\":\"Andhra Pradesh\"}]',	2,	30,	'easy',	'',	'',	NULL,	1,	'2018-04-04 06:00:03',	'2018-04-04 06:00:03',	NULL,	NULL,	NULL),
(107,	5,	5,	'',	'dcd602dc4e519950ef361d59463cf7610a43a538-106',	'blanks',	'Which state Hyderabad belongs to',	'',	0,	0,	'',	2,	'[{\"answer\":\"Telangana\"},{\"answer\":\"Andhra Pradesh\"}]',	2,	30,	'easy',	'',	'',	NULL,	1,	'2018-04-04 06:00:03',	'2018-04-04 06:00:03',	NULL,	NULL,	NULL),
(108,	5,	5,	'',	'2bd85d08b132b9f872b3efd8c5dc08af292937cc-107',	'blanks',	'Which state Hyderabad belongs to',	'',	0,	0,	'',	2,	'[{\"answer\":\"Telangana\"},{\"answer\":\"Andhra Pradesh\"}]',	2,	30,	'easy',	'',	'',	NULL,	1,	'2018-04-04 06:00:03',	'2018-04-04 06:00:03',	NULL,	NULL,	NULL),
(109,	5,	5,	'',	'93f5fb523239138f93346e28146523e50834f749-108',	'blanks',	'Which state Hyderabad belongs to',	'',	0,	0,	'',	2,	'[{\"answer\":\"Telangana\"},{\"answer\":\"Andhra Pradesh\"}]',	2,	30,	'easy',	'',	'',	NULL,	1,	'2018-04-04 06:00:03',	'2018-04-04 06:00:03',	NULL,	NULL,	NULL),
(110,	5,	5,	'',	'571d905126aaef6ef86b3561a54596ab3c925ff6-109',	'blanks',	'Which state Hyderabad belongs to',	'',	0,	0,	'',	2,	'[{\"answer\":\"Telangana\"},{\"answer\":\"Andhra Pradesh\"}]',	2,	30,	'easy',	'',	'',	NULL,	1,	'2018-04-04 06:00:03',	'2018-04-04 06:00:03',	NULL,	NULL,	NULL),
(111,	5,	5,	'',	'eee363c8d32b278d1430575bbc786587848a7199-110',	'blanks',	'Which state Hyderabad belongs to',	'',	0,	0,	'',	2,	'[{\"answer\":\"Telangana\"},{\"answer\":\"Andhra Pradesh\"}]',	2,	30,	'easy',	'',	'',	NULL,	1,	'2018-04-04 06:00:03',	'2018-04-04 06:00:03',	NULL,	NULL,	NULL),
(112,	5,	5,	'',	'11482239fae82ab98fb16502362e96bee8bd1a66-111',	'blanks',	'Which state Hyderabad belongs to',	'',	0,	0,	'',	2,	'[{\"answer\":\"Telangana\"},{\"answer\":\"Andhra Pradesh\"}]',	2,	30,	'easy',	'',	'',	NULL,	1,	'2018-04-04 06:00:03',	'2018-04-04 06:00:03',	NULL,	NULL,	NULL),
(113,	5,	5,	'',	'750e9255b8d90021fd7b638e73817f93b899f475-112',	'blanks',	'Which state Hyderabad belongs to',	'',	0,	0,	'',	2,	'[{\"answer\":\"Telangana\"},{\"answer\":\"Andhra Pradesh\"}]',	2,	30,	'easy',	'',	'',	NULL,	1,	'2018-04-04 06:00:03',	'2018-04-04 06:00:03',	NULL,	NULL,	NULL),
(114,	5,	5,	'',	'846d30ba1d2418c96dc3f6a1be41678d048eb059-113',	'blanks',	'Which state Hyderabad belongs to',	'',	0,	0,	'',	2,	'[{\"answer\":\"Telangana\"},{\"answer\":\"Andhra Pradesh\"}]',	2,	30,	'easy',	'',	'',	NULL,	1,	'2018-04-04 06:00:03',	'2018-04-04 06:00:03',	NULL,	NULL,	NULL),
(115,	5,	5,	'',	'32c010271f86c1d8a5f7a8b0f7287bfd50ab3bc7-114',	'blanks',	'Which state Hyderabad belongs to',	'',	0,	0,	'',	2,	'[{\"answer\":\"Telangana\"},{\"answer\":\"Andhra Pradesh\"}]',	2,	30,	'easy',	'',	'',	NULL,	1,	'2018-04-04 06:00:03',	'2018-04-04 06:00:03',	NULL,	NULL,	NULL),
(116,	5,	5,	'',	'84c9ec1336e24c87d08d86b5834cd7890860cfad-115',	'blanks',	'Which state Hyderabad belongs to',	'',	0,	0,	'',	2,	'[{\"answer\":\"Telangana\"},{\"answer\":\"Andhra Pradesh\"}]',	2,	30,	'easy',	'',	'',	NULL,	1,	'2018-04-04 06:00:03',	'2018-04-04 06:00:03',	NULL,	NULL,	NULL),
(117,	5,	5,	'',	'ddc64ea9cfb270b3e4c056c870aaa39622e69882-116',	'blanks',	'Which state Hyderabad belongs to',	'',	0,	0,	'',	2,	'[{\"answer\":\"Telangana\"},{\"answer\":\"Andhra Pradesh\"}]',	2,	30,	'easy',	'',	'',	NULL,	1,	'2018-04-04 06:00:03',	'2018-04-04 06:00:03',	NULL,	NULL,	NULL),
(118,	5,	5,	'',	'a49b88904483719f1909a07c087268cc44c47380-117',	'blanks',	'Which state Hyderabad belongs to',	'',	0,	0,	'',	2,	'[{\"answer\":\"Telangana\"},{\"answer\":\"Andhra Pradesh\"}]',	2,	30,	'easy',	'',	'',	NULL,	1,	'2018-04-04 06:00:03',	'2018-04-04 06:00:03',	NULL,	NULL,	NULL),
(119,	5,	5,	'',	'a7153970da905d574b4b1b8f0b0e17cdba07240c-118',	'blanks',	'Which state Hyderabad belongs to',	'',	0,	0,	'',	2,	'[{\"answer\":\"Telangana\"},{\"answer\":\"Andhra Pradesh\"}]',	2,	30,	'easy',	'',	'',	NULL,	1,	'2018-04-04 06:00:03',	'2018-04-04 06:00:03',	NULL,	NULL,	NULL),
(120,	5,	5,	'',	'97a5e53ac19122a85c53cea8962222d293891071-119',	'blanks',	'Which state Hyderabad belongs to',	'',	0,	0,	'',	2,	'[{\"answer\":\"Telangana\"},{\"answer\":\"Andhra Pradesh\"}]',	2,	30,	'easy',	'',	'',	NULL,	1,	'2018-04-04 06:00:03',	'2018-04-04 06:00:03',	NULL,	NULL,	NULL),
(121,	5,	5,	'',	'a1c602ef1ae0df98cc6605184c76da6d1f0f3f22-120',	'blanks',	'Which state Hyderabad belongs to',	'',	0,	0,	'',	2,	'[{\"answer\":\"Telangana\"},{\"answer\":\"Andhra Pradesh\"}]',	2,	30,	'easy',	'',	'',	NULL,	1,	'2018-04-04 06:00:03',	'2018-04-04 06:00:03',	NULL,	NULL,	NULL),
(122,	5,	5,	'',	'9fda2d7dd0cdfa0a2be9cb0c79d1a86b955821d2-121',	'blanks',	'Which state Hyderabad belongs to',	'',	0,	0,	'',	2,	'[{\"answer\":\"Telangana\"},{\"answer\":\"Andhra Pradesh\"}]',	2,	30,	'easy',	'',	'',	NULL,	1,	'2018-04-04 06:00:03',	'2018-04-04 06:00:03',	NULL,	NULL,	NULL),
(123,	7,	9,	'',	'5b310f818d74f3916872ad98db5a286c94eb73d5-122',	'radio',	'<h2>&nbsp;</h2>\r\n\r\n<p>Three partners shared the profit in a business in the ratio 5 : 7 : 8. They had partnered for 14 months, 8 months and 7 months respectively. What was the ratio of their investments?</p>\r\n',	'',	0,	2,	'[{\"option_value\":\" 5 : 7 : 8      \",\"optionl2_value\":\"\\u092c\\u091b\\u0947\\u095c\\u093e\",\"has_file\":0,\"file_name\":\"\"},{\"option_value\":\" 20 : 49 : 64      \",\"optionl2_value\":\"\\u092a\\u093f\\u0932\\u094d\\u0932\\u093e\",\"has_file\":0,\"file_name\":\"\"}]',	1,	'1',	2,	20,	'easy',	'No Hint',	'<p>No Explanation</p>\r\n',	NULL,	1,	'2018-04-04 09:08:17',	'2018-04-04 09:08:17',	'<p>जैसे किसी गाय के लिए बछड़ा है, वैसे ही किसी बकरी के लिए है ?</p>\r\n',	'<p>जैसे किसी गाय के लिए बछड़ा है, वैसे ही किसी बकरी के लिए है ?</p>\r\n',	NULL),
(124,	7,	9,	'',	'21cdb6777ea297c83ad006789199157ffb17b4f6-123',	'radio',	'<p>Three partners A, B, C start a business. B&#39;s Capital is four times C&#39;s capital and twice A&#39;s capital is equal to thrice B&#39;s capital. If the total profit is Rs 16500 at the end of a year, Find out B&#39;s share in it.</p>\r\n',	'',	0,	2,	'[{\"option_value\":\" 6000\",\"optionl2_value\":\"\\u0906\\u0915\\u093e\\u0936\",\"has_file\":0,\"file_name\":\"\"},{\"option_value\":\"5000\",\"optionl2_value\":\"\\u0935\\u093e\\u092f\\u0941\",\"has_file\":0,\"file_name\":\"\"}]',	1,	'1',	2,	20,	'easy',	'No Hint',	'<p>No Explanation</p>\r\n',	NULL,	1,	'2018-04-04 09:10:21',	'2018-04-04 09:10:21',	'<p>&#39;मछली&#39; जैसे जल से सम्बन्धित है, वैसे ही &#39;चिड़िया&#39; किससे सम्बन्धित है ?</p>\r\n',	'<p>&#39;मछली&#39; जैसे जल से सम्बन्धित है, वैसे ही &#39;चिड़िया&#39; किससे सम्बन्धित है ?</p>\r\n',	NULL),
(125,	7,	9,	'',	'cc17b3f5dfb1090bbb81dcec3502a6cb2861b48f-124',	'radio',	'<p>Kamal started a business investing Rs 9000. After five months, Sameer joined with a capital of Rs 8000. If at the end of the year, they earn a profit of Rs. 6970, then what will be the share of Sameer in the profit?</p>\r\n',	'',	0,	2,	'[{\"option_value\":\" Rs 2380\",\"optionl2_value\":\"\\u0906\\u0915\\u093e\\u0936\",\"has_file\":0,\"file_name\":\"\"},{\"option_value\":\"Rs 2300\",\"optionl2_value\":\"\\u0935\\u093e\\u092f\\u0941\",\"has_file\":0,\"file_name\":\"\"}]',	1,	'1',	2,	20,	'easy',	'No hint',	'<p>No Explanation</p>\r\n',	NULL,	1,	'2018-04-04 10:24:20',	'2018-04-04 10:24:20',	'<p>&#39;जहाज&#39; जैसे &#39;कप्तान&#39; से सम्बन्धित है, वैसे ही &#39;अखबार&#39; किससे सम्बन्धित है ?</p>\r\n',	'<p>&#39;जहाज&#39; जैसे &#39;कप्तान&#39; से सम्बन्धित है, वैसे ही &#39;अखबार&#39; किससे सम्बन्धित है ?</p>\r\n',	NULL),
(126,	7,	9,	'',	'5a39da88aa129518b4f0860a440a06bfbee8cd0d-125',	'checkbox',	'<p>P and Q invested in a business. The profit earned was divided in the ratio 2 : 3. If P invested Rs 40000, the amount invested by Q is</p>\r\n',	'',	0,	3,	'[{\"option_value\":\"Rs. 40000\",\"optionl2_value\":\"\\u092c\\u091c\\u093e\\u091c\",\"has_file\":0,\"file_name\":\"\"},{\"option_value\":\"Rs. 50000\",\"optionl2_value\":\" \\u0915\\u092e\\u0940\\u091c\",\"has_file\":0,\"file_name\":\"\"},{\"option_value\":\"Rs. 60000\",\"optionl2_value\":\"\\u0927\\u093e\\u0917\\u093e\",\"has_file\":0,\"file_name\":\"\"}]',	2,	'[{\"answer\":\"1\"},{\"answer\":\"3\"}]',	2,	20,	'easy',	'No Hint',	'<p>No&nbsp;Explanation</p>\r\n',	NULL,	1,	'2018-04-04 10:26:37',	'2018-04-04 10:26:37',	'<p>मोची : चमड़ा : : दर्जी : ?</p>\r\n',	'<p>मोची : चमड़ा : : दर्जी : ?</p>\r\n',	NULL),
(127,	7,	9,	'',	'4e41aa7dda2cc044e046bb36b4aa70f7a4462c61-126',	'checkbox',	'<p>If 4 (P&#39;s Capital ) = 6 ( Q&#39;s Capital ) = 10 ( R&#39;s Capital ) , then out of the total profit of Rs 4650 , R will receive</p>\r\n',	'',	0,	3,	'[{\"option_value\":\"Rs. 600\",\"optionl2_value\":\" \\u092e\\u0940\\u091f\",\"has_file\":0,\"file_name\":\"\"},{\"option_value\":\"Rs. 700\",\"optionl2_value\":\"\\u0935\\u0940\\u0932\",\"has_file\":0,\"file_name\":\"\"},{\"option_value\":\" Rs. 800\",\"optionl2_value\":\"\\u092b\\u094d\\u0932\\u0947\\u0936\",\"has_file\":0,\"file_name\":\"\"}]',	2,	'[{\"answer\":\"1\"},{\"answer\":\"3\"}]',	2,	20,	'easy',	'NO Hint',	'<p>Explanation</p>\r\n',	NULL,	1,	'2018-04-04 10:28:43',	'2018-04-04 10:28:43',	'<p>भेड़ : मटन : : हिरन : ?</p>\r\n',	'<p>भेड़ : मटन : : हिरन : ?</p>\r\n',	NULL),
(128,	7,	9,	'',	'61c767ff4e251fda4fa6fa3abf8a968881750290-127',	'checkbox',	'<p>A, B, C rent a pasture. A puts 10 oxen for 7 months, B puts 12 oxen for 5 months and C puts 15 oxen for 3 months for grazing. If the rent of the pasture is Rs. 175, how much must C pay as his share of rent?</p>\r\n',	'',	0,	3,	'[{\"option_value\":\" Rs. 45\",\"optionl2_value\":\"\\u0935\\u0930\\u094d\\u0917 \\u092b\\u0940\\u091f \",\"has_file\":0,\"file_name\":\"\"},{\"option_value\":\" Rs. 50\",\"optionl2_value\":\"\\u0935\\u0930\\u094d\\u0917\\u092e\\u0942\\u0932\",\"has_file\":0,\"file_name\":\"\"},{\"option_value\":\"Rs. 55\",\"optionl2_value\":\" \\u0935\\u0930\\u094d\\u0917 \\u0907\\u0902\\u091a \",\"has_file\":0,\"file_name\":\"\"}]',	2,	'[{\"answer\":\"1\"},{\"answer\":\"3\"}]',	2,	20,	'easy',	'NO Hint',	'',	NULL,	1,	'2018-04-04 10:39:49',	'2018-04-04 10:39:49',	'<p>निम्नलिखित शब्दों में से विषम शब्द चुनिए ?</p>\r\n',	'<p>निम्नलिखित शब्दों में से विषम शब्द चुनिए ?</p>\r\n',	NULL),
(129,	7,	9,	'',	'a917ca37643c6536e3dff7e8f7575ea9ae524540-128',	'checkbox',	'<p>In a business, A and C invested amounts in the ratio 2 : 1 , whereas the ratio between amounts invested by A and B was 3 : 2 . If Rs 157300 was their profit, how much amount did B receive?</p>\r\n',	'',	0,	3,	'[{\"option_value\":\"Rs. 48000\",\"optionl2_value\":\"\\u0928\\u093e\\u0915\",\"has_file\":0,\"file_name\":\"\"},{\"option_value\":\"Rs. 48200\",\"optionl2_value\":\" \\u0939\\u094b\\u0902\\u0920\",\"has_file\":0,\"file_name\":\"\"},{\"option_value\":\"Rs. 48400\",\"optionl2_value\":\"\\u0917\\u0932\\u093e\",\"has_file\":0,\"file_name\":\"\"}]',	2,	'[{\"answer\":\"1\"},{\"answer\":\"3\"}]',	2,	20,	'easy',	'',	'',	NULL,	1,	'2018-04-04 10:41:44',	'2018-04-04 10:41:44',	'<p>निम्नलिखित शब्दों में से विषम शब्द चुनिए ?</p>\r\n',	'<p>निम्नलिखित शब्दों में से विषम शब्द चुनिए ?</p>\r\n',	NULL),
(130,	7,	9,	'',	'4b2ca84f8a606eeb041fe820914f07fa50d0de47-129',	'radio',	'<p>A and B started a business in partnership investing Rs. 20,000 and Rs. 15,000 respectively. After six months, C joined them with Rs. 20,000. What will be B&#39;s share in total profit of Rs. 25,000 earned at the end of 2 years from the starting of the business?</p>\r\n',	'',	0,	2,	'[{\"option_value\":\"Rs. 7500 \",\"optionl2_value\":\"\\u092e\\u0939\\u093e\\u0938\\u093e\\u0917\\u0930\",\"has_file\":0,\"file_name\":\"\"},{\"option_value\":\"Rs. 9000\",\"optionl2_value\":\"\\u0915\\u0941\\u0906\\u0901\",\"has_file\":0,\"file_name\":\"\"}]',	1,	'1',	2,	20,	'easy',	'',	'',	NULL,	1,	'2018-04-04 10:43:11',	'2018-04-04 10:43:26',	'<p>निम्नलिखित शब्दों में से विषम शब्द चुनिए ?</p>\r\n',	'<p>निम्नलिखित शब्दों में से विषम शब्द चुनिए ?</p>\r\n',	NULL),
(131,	7,	9,	'',	'643597e7b685107ee7ccde85bb82eb1cf43a0615-130',	'radio',	'<p>P, Q, R enter into a partnership. P initially invests 25 lakh &amp; adds another 10 lakhs after one year. Q initially invests 35 lakh &amp; withdrawal 10 lakh after 2 years and R invests Rs 30 Lakhs . In what ratio should the profit be divided at the end of 3 years?</p>\r\n',	'',	0,	2,	'[{\"option_value\":\"18:19:19\",\"optionl2_value\":\"\\u0927\\u094b\\u0916\\u093e\",\"has_file\":0,\"file_name\":\"\"},{\"option_value\":\" 18:18:19\",\"optionl2_value\":\"\\u0938\\u093e\\u0939\\u093f\\u0924\\u094d\\u092f\\u093f\\u0915\",\"has_file\":0,\"file_name\":\"\"}]',	1,	'1',	2,	20,	'easy',	'',	'',	NULL,	1,	'2018-04-04 10:45:04',	'2018-04-04 10:45:04',	'<p>धन : दुरूपयोग : : लेखन : ?</p>\r\n',	'<p>धन : दुरूपयोग : : लेखन : ?</p>\r\n',	NULL),
(132,	7,	9,	'',	'c8570e1fa79af4d6e3c3f686fdf3f87304e74b21-131',	'match',	'<p>A, B, C subscribe Rs. 50,000 for a business. A subscribes Rs. 4000 more than B and B Rs. 5000 more than C. Out of a total profit of Rs. 35,000, A receives</p>\r\n',	'',	0,	3,	'{\"left\":{\"title\":\"List II\",\"titlel2\":\"\\u0932\\u093f\\u0938\\u094d\\u091f\\u094d I\",\"options\":[\"Rs. 8400 \",\"Rs. 11,900\",\"Rs. 13,600 \"],\"optionsl2\":[\" \\u0938\\u094d\\u0935\\u093e\\u0930\\u094d\\u0925\\u0940\",\"\\u0928\\u093f\\u0915\\u0943\\u0937\\u094d\\u091f\",\"\\u0909\\u0926\\u093e\\u0938\"]},\"right\":{\"title\":\"List II\",\"titlel2\":\"\\u0932\\u093f\\u0938\\u094d\\u091f\\u094d II\",\"options\":[\"18:19:19\",\"19:19:18\",\"18:18:19\"],\"optionsl2\":[\"\\u0928\\u0917\\u0923\\u094d\\u092f\",\" \\u092c\\u0947\\u0915\\u0930\",\"\\u0916\\u0930\\u0940\\u0926\\u093e\\u0930\"]}}',	3,	'[{\"answer\":\"1\"},{\"answer\":\"2\"},{\"answer\":\"3\"}]',	2,	30,	'easy',	'',	'',	NULL,	1,	'2018-04-04 10:51:27',	'2018-04-04 10:51:27',	'<p>आशावादी : प्रसन्न : : निराशावादी : ? <strong> </strong></p>\r\n',	'<p>आशावादी : प्रसन्न : : निराशावादी : ?</p>\r\n',	NULL),
(133,	7,	9,	'',	'6d54e2bfd63a4e98f5aa2a404d27cc666cd73778-132',	'match',	'<p>A and B invest in a business in the ratio 3 : 2. If 5% of the total profit goes to charity and A&#39;s share is Rs. 855, the total profit is:</p>\r\n',	'',	0,	3,	'{\"left\":{\"title\":\"List I\",\"titlel2\":\"\\u0932\\u093f\\u0938\\u094d\\u091f\\u094d I\",\"options\":[\"Rs. 1425\",\"Rs. 1537.50\",\"Rs. 1900\"],\"optionsl2\":[\"\\u0907\\u0932\\u0948\\u0915\\u094d\\u091f\\u094d\\u0930\\u093f\\u0915 \\u0917\\u093f\\u091f\\u093e\\u0930 \",\"\\u092e\\u093e\\u0909\\u0925 \\u0906\\u0930\\u094d\\u0917\\u0928 \",\"\\u0938\\u094b\\u0928\\u093e\\u091f\\u093e\"]},\"right\":{\"title\":\"List II\",\"titlel2\":\"\\u0932\\u093f\\u0938\\u094d\\u091f\\u094d II\",\"options\":[\" Rs. 1500\",\"Rs. 1576\",\"Rs. 2800\"],\"optionsl2\":[\"\\u092e\\u093e\\u0909\\u0925 \\u0906\\u0930\\u094d\\u0917\\u0928 \",\"\\u0938\\u094b\\u0928\\u093e\\u091f\\u093e\",\"\\u0907\\u0932\\u0948\\u0915\\u094d\\u091f\\u094d\\u0930\\u093f\\u0915 \\u0917\\u093f\\u091f\\u093e\\u0930 \"]}}',	3,	'[{\"answer\":\"1\"},{\"answer\":\"2\"},{\"answer\":\"3\"}]',	2,	30,	'easy',	'',	'',	NULL,	1,	'2018-04-04 10:54:27',	'2018-04-04 10:54:27',	'<p>निम्नलिखित शब्दों में से विषम शब्द चुनिए ?</p>\r\n',	'<p><strong>निम्नलिखित शब्दों में से विषम शब्द चुनिए ? </strong></p>\r\n',	NULL),
(134,	7,	9,	'',	'9521332b769671936424d8644af62b0c52c1bf3a-133',	'blanks',	'<p>1, 9, 25, 49, ?, 121. What will come at the place of question mark ?</p>\r\n',	'',	0,	1,	'[]',	1,	'[{\"answer\":\"100\"}]',	2,	30,	'easy',	'',	'',	NULL,	1,	'2018-04-04 10:56:44',	'2018-04-04 10:57:49',	'',	'',	NULL),
(135,	7,	9,	'',	'1504de9d0d63c4b37d53bfd506bbe50d0ad3340f-134',	'blanks',	'<p>4, 7, 12, 19, 28, ?</p>\r\n',	'',	0,	0,	'[]',	1,	'[{\"answer\":\"100\"}]',	2,	20,	'easy',	'',	'',	NULL,	1,	'2018-04-04 11:01:11',	'2018-04-04 11:01:11',	'',	'',	NULL),
(136,	7,	9,	'',	'696c13a36464f00b35488766b3757bdb60b5daf9-135',	'blanks',	'<p>6, 11, 21, 36, 56, ?</p>\r\n',	'',	0,	0,	'[]',	1,	'[{\"answer\":\"100\"}]',	2,	30,	'easy',	'',	'',	NULL,	1,	'2018-04-04 11:02:11',	'2018-04-04 11:02:11',	'',	'',	NULL),
(137,	7,	9,	'',	'd371dbf4b1c1f8f10e7df1ec0788635a72eb3f74-136',	'blanks',	'<p>6, 11, 21, 36, 56, ?</p>\r\n',	'',	0,	0,	'[]',	1,	'[{\"answer\":\"100\"}]',	2,	30,	'easy',	'',	'',	NULL,	1,	'2018-04-04 11:02:12',	'2018-04-04 11:02:12',	'',	'',	NULL),
(138,	7,	9,	'',	'68e5392ed965f8e8bddbdb5db5f741f46eddf6da-137',	'blanks',	'<p>10, 100, 200, 310, ?</p>\r\n',	'',	0,	1,	'[]',	1,	'[{\"answer\":\"100\"}]',	25,	30,	'easy',	'',	'',	NULL,	1,	'2018-04-04 11:02:59',	'2018-04-04 11:03:15',	'',	'',	NULL),
(139,	7,	9,	'',	'a31e334b6f8ddd7a49ed8cb99882f51223890035-138',	'para',	'<p>Rearrange the following five sentences in the proper sequence so as to for a meaningful paragraph, then answer the questions given below them.</p>\r\n',	'',	0,	2,	'[{\"question\":\"Which sentence should come third in the paragraph?\",\"questionl2\":\"\",\"total_options\":\"2\",\"options\":[[\"After Examining him, the doctor smiled at him mischievously and took out a syringe.\",\"Thinking that he was really sick, his father summoned the family doctor.\"]],\"optionsl2\":[[\"\",\"\"]]},{\"question\":\"Which sentence should come last in the paragraph?\",\"questionl2\":\"\",\"total_options\":\"2\",\"options\":{\"1\":[\"That day, Mintu wanted to take a day off from school\",\"Immediately, Mintu jumped up from his bed and swore the he was fine\"]},\"optionsl2\":{\"1\":[\"\",\"\"]}}]',	2,	'[{\"answer\":\"1\"},{\"answer\":\"1\"}]',	2,	30,	'easy',	'',	'<p>No Explanation</p>\r\n',	NULL,	1,	'2018-04-04 11:06:22',	'2018-04-04 11:06:22',	'',	'',	NULL),
(140,	7,	9,	'',	'e1d70c6b90f79642d8ae70f9cc2b7389bbe83281-139',	'para',	'<p>Read the following five sentences in the proper sequence so as to form a meaningfull paragraph, then answer the questions given below them.</p>\r\n',	'',	0,	2,	'[{\"question\":\"Which sentence should come third in the paragraph?\",\"questionl2\":\"\",\"total_options\":\"2\",\"options\":[[\"Some money had to be sent to my parents.\",\"After that, I spent almost an hour at the Post Office.\"]],\"optionsl2\":[[\"\",\"\"]]},{\"question\":\"Which sentence should come first in the paragraph?\",\"questionl2\":\"\",\"total_options\":\"2\",\"options\":{\"1\":[\"However, I had no money with me.\",\"Therefore, I went to bank to withdraw some money.\"]},\"optionsl2\":{\"1\":[\"\",\"\"]}}]',	2,	'[{\"answer\":\"1\"},{\"answer\":\"1\"}]',	2,	30,	'easy',	'',	'',	NULL,	1,	'2018-04-04 11:09:28',	'2018-04-04 11:09:28',	'',	'',	NULL),
(141,	7,	9,	'',	'b301c2529bbbea700b67baf05f3e04bea5e56cc0-140',	'video',	'<p>A box has 210 coins of denominations one-rupee and fifty paise only. The ratio of their respective values is 13:11. The number of one-rupee coin is</p>\r\n',	'141question.mp4',	0,	1,	'[{\"question\":\"If A and B are in the ratio 3:4, and B and C in the ratio 12:13, then A and C will be in the ratio \",\"questionl2\":\"\",\"total_options\":\"2\",\"options\":[[\"3:13\",\"9:13\"]],\"optionsl2\":[[\"\",\"\"]]}]',	1,	'[{\"answer\":\"1\"}]',	2,	30,	'easy',	'',	'',	NULL,	1,	'2018-04-04 11:30:55',	'2018-04-04 11:30:58',	'',	'',	NULL),
(142,	10,	10,	'',	'815ed58d5c762bb80e429be0a567cf9b71e51681-141',	'radio',	'<p>&nbsp;</p>\r\n\r\n<p><span class=\"math-tex\">\\(\\sqrt {53824 } \\ =?\\)</span></p>\r\n',	'',	0,	2,	'[{\"option_value\":\"232\",\"optionl2_value\":\"\",\"has_file\":0,\"file_name\":\"\"},{\"option_value\":\"202\",\"optionl2_value\":\"\",\"has_file\":0,\"file_name\":\"\"}]',	1,	'1',	2,	30,	'easy',	'',	'',	NULL,	1,	'2019-06-04 04:41:28',	'2019-06-04 04:41:28',	'',	'',	NULL),
(143,	10,	10,	'',	'2353ded7608a9d1b76c3f8b36431eedbd8b0ea28-142',	'radio',	'<p><strong>The square root of 64009 is :&nbsp;</strong></p>\r\n',	'',	0,	2,	'[{\"option_value\":\"253\",\"optionl2_value\":\"\",\"has_file\":0,\"file_name\":\"\"},{\"option_value\":\"246\",\"optionl2_value\":\"\",\"has_file\":0,\"file_name\":\"\"}]',	1,	'1',	2,	30,	'easy',	'',	'',	NULL,	1,	'2019-06-04 04:42:13',	'2019-06-04 04:42:13',	'',	'',	NULL),
(144,	10,	10,	'',	'c4b1ecc7505b4f8a72ba13df8f4302fea5f05dbc-143',	'radio',	'<p><span class=\"math-tex\">\\(\\sqrt {1.5625 } \\ =?\\)</span></p>\r\n',	'',	0,	2,	'[{\"option_value\":\"1.25\",\"optionl2_value\":\"\",\"has_file\":0,\"file_name\":\"\"},{\"option_value\":\"1.65\",\"optionl2_value\":\"\",\"has_file\":0,\"file_name\":\"\"}]',	1,	'1',	2,	30,	'easy',	'',	'',	NULL,	1,	'2019-06-04 04:44:25',	'2019-06-04 04:44:25',	'',	'',	NULL),
(145,	10,	10,	'',	'491b92570855ebc4bb33763e5acd430781661486-144',	'radio',	'<p>The value of&nbsp;<span class=\"math-tex\">\\( \\sqrt {0.121} \\)</span>&nbsp; is</p>\r\n\r\n<p>&nbsp;</p>\r\n',	'',	0,	2,	'[{\"option_value\":\" 0.347\",\"optionl2_value\":\"\",\"has_file\":0,\"file_name\":\"\"},{\"option_value\":\"0.235\",\"optionl2_value\":\"\",\"has_file\":0,\"file_name\":\"\"}]',	1,	'1',	2,	30,	'easy',	'',	'',	NULL,	1,	'2019-06-04 04:47:06',	'2019-06-04 04:47:06',	'',	'',	NULL),
(146,	10,	10,	'',	'2bcfddbf9bed724f63c25b3f416addfc2c161842-145',	'radio',	'<p><strong>Find the number of squares?</strong></p>\r\n\r\n<p>&nbsp;</p>\r\n\r\n<p><img src=\"https://static.examsbook.com/uploads/a5792c8ee743395ada59265ddef1290a56af863a.jpg\" style=\"height:199px; width:200px\" /></p>\r\n',	'',	0,	2,	'[{\"option_value\":\"10\",\"optionl2_value\":\"\",\"has_file\":0,\"file_name\":\"\"},{\"option_value\":\"15\",\"optionl2_value\":\"\",\"has_file\":0,\"file_name\":\"\"}]',	1,	'1',	2,	30,	'easy',	'',	'',	NULL,	1,	'2019-06-04 04:59:37',	'2019-06-04 04:59:37',	'',	'',	NULL),
(147,	10,	10,	'',	'6a471cf4cdea86a56944b8a9810c7f5857641046-146',	'radio',	'<p><strong>Find the number of triangles?</strong></p>\r\n\r\n<p><img src=\"https://static.examsbook.com/uploads/b7377c2f5fb0f5aab8087723511d38b1034da9d2.jpg\" style=\"height:185px; width:200px\" /></p>\r\n',	'',	0,	2,	'[{\"option_value\":\"16\",\"optionl2_value\":\"\",\"has_file\":0,\"file_name\":\"\"},{\"option_value\":\"13\",\"optionl2_value\":\"\",\"has_file\":0,\"file_name\":\"\"}]',	1,	'1',	2,	30,	'easy',	'',	'',	NULL,	1,	'2019-06-04 05:00:49',	'2019-06-04 05:00:49',	'',	'',	NULL),
(148,	10,	10,	'',	'432e81ddd9aed4efc9ffcc4df6e9efdfe12501a1-147',	'radio',	'<p><strong>Find the number of square?</strong></p>\r\n\r\n<p><img src=\"https://static.examsbook.com/uploads/08e78e02661faff5a27ca47d3f26e47383cdcfa7.jpg\" style=\"height:196px; width:200px\" /></p>\r\n',	'',	0,	2,	'[{\"option_value\":\"16\",\"optionl2_value\":\"\",\"has_file\":0,\"file_name\":\"\"},{\"option_value\":\"13\",\"optionl2_value\":\"\",\"has_file\":0,\"file_name\":\"\"}]',	1,	'1',	2,	30,	'easy',	'',	'',	NULL,	1,	'2019-06-04 05:01:52',	'2019-06-04 05:01:52',	'',	'',	NULL),
(149,	10,	10,	'',	'b3466d0e0d50417889bbf16fdf9d3f343dc9ae48-148',	'radio',	'<p><strong>Find the number of rectangles?</strong></p>\r\n\r\n<p><img src=\"https://static.examsbook.com/uploads/648c553af6c6e2ff6bdd548db8ef569b81fa3e07.jpg\" style=\"height:92px; width:200px\" /></p>\r\n',	'',	0,	2,	'[{\"option_value\":\"27\",\"optionl2_value\":\"\",\"has_file\":0,\"file_name\":\"\"},{\"option_value\":\"30\",\"optionl2_value\":\"\",\"has_file\":0,\"file_name\":\"\"}]',	1,	'1',	2,	30,	'easy',	'',	'',	NULL,	1,	'2019-06-04 05:02:52',	'2019-06-04 05:02:52',	'',	'',	NULL),
(150,	10,	10,	'',	'e579fc6b33fe61760c8123235c2f2e57bb5db2c5-149',	'radio',	'<p><span class=\"math-tex\">\\(\\ If \\ a = {\\sqrt {3} \\ \\over2}, then \\ the \\ value \\ of \\ \\sqrt { 1+a} \\ +\\sqrt {1-a} \\ is\\)</span></p>\r\n',	'',	0,	4,	'[{\"option_value\":\"A\",\"optionl2_value\":\"\",\"has_file\":1,\"file_name\":\"150-upload_0.png\"},{\"option_value\":\"B\",\"optionl2_value\":\"\",\"has_file\":1,\"file_name\":\"150-upload_1.png\"},{\"option_value\":\"C\",\"optionl2_value\":\"\",\"has_file\":1,\"file_name\":\"150-upload_2.png\"},{\"option_value\":\"D\",\"optionl2_value\":\"\",\"has_file\":1,\"file_name\":\"150-upload_3.png\"}]',	1,	'4',	5,	30,	'easy',	'',	'',	NULL,	1,	'2019-06-12 05:34:51',	'2019-06-12 05:34:51',	'',	'',	NULL);

DROP TABLE IF EXISTS `questionbank_quizzes`;
CREATE TABLE `questionbank_quizzes` (
  `id` int(10) unsigned NOT NULL AUTO_INCREMENT,
  `questionbank_id` bigint(20) unsigned NOT NULL,
  `quize_id` bigint(20) unsigned NOT NULL,
  `subject_id` bigint(20) unsigned NOT NULL,
  `marks` int(50) NOT NULL,
  `created_at` timestamp NULL DEFAULT NULL,
  `updated_at` timestamp NULL DEFAULT NULL,
  PRIMARY KEY (`id`),
  KEY `questionbank_quizzes_questionbank_id_foreign` (`questionbank_id`),
  KEY `quize_id` (`quize_id`),
  KEY `subject_id` (`subject_id`),
  CONSTRAINT `questionbank_quizzes_ibfk_1` FOREIGN KEY (`questionbank_id`) REFERENCES `questionbank` (`id`),
  CONSTRAINT `questionbank_quizzes_ibfk_2` FOREIGN KEY (`subject_id`) REFERENCES `subjects` (`id`),
  CONSTRAINT `questionbank_quizzes_ibfk_3` FOREIGN KEY (`quize_id`) REFERENCES `quizzes` (`id`) ON DELETE CASCADE ON UPDATE CASCADE
) ENGINE=InnoDB DEFAULT CHARSET=utf8 COLLATE=utf8_unicode_ci;

INSERT INTO `questionbank_quizzes` (`id`, `questionbank_id`, `quize_id`, `subject_id`, `marks`, `created_at`, `updated_at`) VALUES
(49,	1,	4,	2,	2,	NULL,	NULL),
(50,	2,	4,	2,	2,	NULL,	NULL),
(51,	3,	4,	2,	2,	NULL,	NULL),
(52,	4,	4,	2,	2,	NULL,	NULL),
(53,	5,	4,	2,	2,	NULL,	NULL),
(54,	6,	4,	2,	2,	NULL,	NULL),
(55,	7,	4,	2,	2,	NULL,	NULL),
(56,	8,	4,	2,	2,	NULL,	NULL),
(57,	9,	4,	2,	2,	NULL,	NULL),
(58,	10,	4,	2,	2,	NULL,	NULL),
(59,	11,	4,	2,	2,	NULL,	NULL),
(60,	12,	4,	2,	2,	NULL,	NULL),
(61,	13,	4,	2,	2,	NULL,	NULL),
(62,	14,	4,	2,	2,	NULL,	NULL),
(63,	15,	4,	2,	2,	NULL,	NULL),
(64,	16,	4,	2,	2,	NULL,	NULL),
(65,	17,	4,	2,	2,	NULL,	NULL),
(66,	18,	4,	2,	2,	NULL,	NULL),
(67,	19,	4,	2,	2,	NULL,	NULL),
(68,	20,	4,	2,	2,	NULL,	NULL),
(160,	1,	8,	2,	2,	NULL,	NULL),
(161,	2,	8,	2,	2,	NULL,	NULL),
(162,	3,	8,	2,	2,	NULL,	NULL),
(163,	4,	8,	2,	2,	NULL,	NULL),
(164,	5,	8,	2,	2,	NULL,	NULL),
(165,	6,	8,	2,	2,	NULL,	NULL),
(166,	7,	8,	2,	2,	NULL,	NULL),
(167,	8,	8,	2,	2,	NULL,	NULL),
(168,	9,	8,	2,	2,	NULL,	NULL),
(169,	10,	8,	2,	2,	NULL,	NULL),
(170,	11,	8,	2,	2,	NULL,	NULL),
(171,	12,	8,	2,	2,	NULL,	NULL),
(172,	13,	8,	2,	2,	NULL,	NULL),
(173,	14,	8,	2,	2,	NULL,	NULL),
(174,	15,	8,	2,	2,	NULL,	NULL),
(175,	16,	8,	2,	2,	NULL,	NULL),
(176,	17,	8,	2,	2,	NULL,	NULL),
(177,	18,	8,	2,	2,	NULL,	NULL),
(178,	19,	8,	2,	2,	NULL,	NULL),
(179,	20,	8,	2,	2,	NULL,	NULL),
(180,	39,	8,	3,	2,	NULL,	NULL),
(181,	40,	8,	3,	2,	NULL,	NULL),
(182,	41,	8,	3,	2,	NULL,	NULL),
(183,	42,	8,	3,	2,	NULL,	NULL),
(184,	43,	8,	3,	2,	NULL,	NULL),
(185,	44,	8,	3,	2,	NULL,	NULL),
(186,	45,	8,	3,	2,	NULL,	NULL),
(187,	46,	8,	3,	2,	NULL,	NULL),
(188,	47,	8,	3,	2,	NULL,	NULL),
(189,	48,	8,	3,	2,	NULL,	NULL),
(190,	49,	8,	3,	2,	NULL,	NULL),
(191,	50,	8,	3,	2,	NULL,	NULL),
(192,	51,	8,	3,	2,	NULL,	NULL),
(193,	52,	8,	3,	2,	NULL,	NULL),
(194,	53,	8,	3,	2,	NULL,	NULL),
(195,	54,	8,	3,	2,	NULL,	NULL),
(196,	55,	8,	3,	2,	NULL,	NULL),
(197,	56,	8,	3,	2,	NULL,	NULL),
(198,	57,	8,	3,	2,	NULL,	NULL),
(199,	70,	9,	5,	2,	NULL,	NULL),
(200,	71,	9,	5,	2,	NULL,	NULL),
(201,	72,	9,	5,	2,	NULL,	NULL),
(202,	73,	9,	5,	2,	NULL,	NULL),
(203,	74,	9,	5,	2,	NULL,	NULL),
(204,	75,	9,	5,	2,	NULL,	NULL),
(205,	76,	9,	5,	2,	NULL,	NULL),
(206,	77,	9,	5,	2,	NULL,	NULL),
(207,	78,	9,	5,	2,	NULL,	NULL),
(208,	79,	9,	5,	2,	NULL,	NULL),
(209,	80,	9,	5,	2,	NULL,	NULL),
(210,	81,	9,	5,	2,	NULL,	NULL),
(211,	82,	9,	5,	2,	NULL,	NULL),
(212,	83,	9,	5,	2,	NULL,	NULL),
(213,	84,	9,	5,	2,	NULL,	NULL),
(214,	85,	9,	5,	2,	NULL,	NULL),
(215,	86,	9,	5,	2,	NULL,	NULL),
(216,	87,	9,	5,	2,	NULL,	NULL),
(217,	88,	9,	5,	2,	NULL,	NULL),
(218,	89,	9,	5,	2,	NULL,	NULL),
(219,	90,	9,	5,	2,	NULL,	NULL),
(220,	91,	9,	5,	2,	NULL,	NULL),
(221,	92,	9,	5,	2,	NULL,	NULL),
(222,	93,	9,	5,	2,	NULL,	NULL),
(223,	94,	9,	5,	2,	NULL,	NULL),
(229,	71,	10,	5,	2,	NULL,	NULL),
(230,	72,	10,	5,	2,	NULL,	NULL),
(231,	73,	10,	5,	2,	NULL,	NULL),
(232,	74,	10,	5,	2,	NULL,	NULL),
(233,	75,	10,	5,	2,	NULL,	NULL),
(234,	76,	10,	5,	2,	NULL,	NULL),
(235,	77,	10,	5,	2,	NULL,	NULL),
(236,	78,	10,	5,	2,	NULL,	NULL),
(237,	79,	10,	5,	2,	NULL,	NULL),
(238,	80,	10,	5,	2,	NULL,	NULL),
(239,	81,	10,	5,	2,	NULL,	NULL),
(240,	82,	10,	5,	2,	NULL,	NULL),
(241,	83,	10,	5,	2,	NULL,	NULL),
(242,	84,	10,	5,	2,	NULL,	NULL),
(243,	85,	10,	5,	2,	NULL,	NULL),
(244,	86,	10,	5,	2,	NULL,	NULL),
(245,	87,	10,	5,	2,	NULL,	NULL),
(246,	88,	10,	5,	2,	NULL,	NULL),
(247,	89,	10,	5,	2,	NULL,	NULL),
(248,	90,	10,	5,	2,	NULL,	NULL),
(249,	70,	11,	5,	2,	NULL,	NULL),
(250,	71,	11,	5,	2,	NULL,	NULL),
(251,	72,	11,	5,	2,	NULL,	NULL),
(252,	92,	11,	5,	2,	NULL,	NULL),
(253,	93,	11,	5,	2,	NULL,	NULL),
(254,	91,	11,	5,	2,	NULL,	NULL),
(255,	90,	11,	5,	2,	NULL,	NULL),
(256,	95,	11,	5,	2,	NULL,	NULL),
(257,	97,	11,	5,	2,	NULL,	NULL),
(258,	98,	11,	5,	2,	NULL,	NULL),
(259,	99,	11,	5,	2,	NULL,	NULL),
(260,	70,	12,	5,	2,	NULL,	NULL),
(261,	71,	12,	5,	2,	NULL,	NULL),
(262,	72,	12,	5,	2,	NULL,	NULL),
(263,	73,	12,	5,	2,	NULL,	NULL),
(264,	74,	12,	5,	2,	NULL,	NULL),
(265,	75,	12,	5,	2,	NULL,	NULL),
(266,	76,	12,	5,	2,	NULL,	NULL),
(267,	86,	12,	5,	2,	NULL,	NULL),
(268,	87,	12,	5,	2,	NULL,	NULL),
(269,	88,	12,	5,	2,	NULL,	NULL),
(270,	89,	12,	5,	2,	NULL,	NULL),
(271,	90,	12,	5,	2,	NULL,	NULL),
(272,	91,	12,	5,	2,	NULL,	NULL),
(273,	92,	12,	5,	2,	NULL,	NULL),
(274,	105,	12,	5,	2,	NULL,	NULL),
(275,	106,	12,	5,	2,	NULL,	NULL),
(276,	107,	12,	5,	2,	NULL,	NULL),
(277,	108,	12,	5,	2,	NULL,	NULL),
(278,	109,	12,	5,	2,	NULL,	NULL),
(279,	110,	12,	5,	2,	NULL,	NULL),
(280,	70,	13,	5,	2,	NULL,	NULL),
(281,	71,	13,	5,	2,	NULL,	NULL),
(282,	72,	13,	5,	2,	NULL,	NULL),
(283,	73,	13,	5,	2,	NULL,	NULL),
(284,	74,	13,	5,	2,	NULL,	NULL),
(285,	75,	13,	5,	2,	NULL,	NULL),
(286,	76,	13,	5,	2,	NULL,	NULL),
(287,	77,	13,	5,	2,	NULL,	NULL),
(288,	78,	13,	5,	2,	NULL,	NULL),
(289,	79,	13,	5,	2,	NULL,	NULL),
(290,	80,	13,	5,	2,	NULL,	NULL),
(291,	81,	13,	5,	2,	NULL,	NULL),
(292,	82,	13,	5,	2,	NULL,	NULL),
(293,	83,	13,	5,	2,	NULL,	NULL),
(294,	84,	13,	5,	2,	NULL,	NULL),
(295,	85,	13,	5,	2,	NULL,	NULL),
(296,	86,	13,	5,	2,	NULL,	NULL),
(297,	70,	14,	5,	2,	NULL,	NULL),
(298,	71,	14,	5,	2,	NULL,	NULL),
(299,	72,	14,	5,	2,	NULL,	NULL),
(300,	73,	14,	5,	2,	NULL,	NULL),
(301,	74,	14,	5,	2,	NULL,	NULL),
(302,	75,	14,	5,	2,	NULL,	NULL),
(303,	76,	14,	5,	2,	NULL,	NULL),
(304,	77,	14,	5,	2,	NULL,	NULL),
(305,	78,	14,	5,	2,	NULL,	NULL),
(306,	79,	14,	5,	2,	NULL,	NULL),
(307,	80,	14,	5,	2,	NULL,	NULL),
(308,	81,	14,	5,	2,	NULL,	NULL),
(309,	82,	14,	5,	2,	NULL,	NULL),
(310,	83,	14,	5,	2,	NULL,	NULL),
(311,	84,	14,	5,	2,	NULL,	NULL),
(312,	85,	14,	5,	2,	NULL,	NULL),
(313,	86,	14,	5,	2,	NULL,	NULL),
(314,	2,	14,	2,	2,	NULL,	NULL),
(315,	3,	14,	2,	2,	NULL,	NULL),
(316,	4,	14,	2,	2,	NULL,	NULL),
(317,	5,	14,	2,	2,	NULL,	NULL),
(318,	6,	14,	2,	2,	NULL,	NULL),
(319,	7,	14,	2,	2,	NULL,	NULL),
(320,	8,	14,	2,	2,	NULL,	NULL),
(321,	9,	14,	2,	2,	NULL,	NULL),
(322,	10,	14,	2,	2,	NULL,	NULL),
(323,	11,	14,	2,	2,	NULL,	NULL),
(324,	12,	14,	2,	2,	NULL,	NULL),
(325,	13,	14,	2,	2,	NULL,	NULL),
(326,	14,	14,	2,	2,	NULL,	NULL),
(327,	15,	14,	2,	2,	NULL,	NULL),
(328,	16,	14,	2,	2,	NULL,	NULL),
(329,	17,	14,	2,	2,	NULL,	NULL),
(330,	18,	14,	2,	2,	NULL,	NULL),
(331,	19,	14,	2,	2,	NULL,	NULL),
(332,	20,	14,	2,	2,	NULL,	NULL),
(333,	1,	14,	2,	2,	NULL,	NULL),
(334,	1,	15,	2,	2,	NULL,	NULL),
(335,	2,	15,	2,	2,	NULL,	NULL),
(336,	3,	15,	2,	2,	NULL,	NULL),
(337,	4,	15,	2,	2,	NULL,	NULL),
(338,	5,	15,	2,	2,	NULL,	NULL),
(339,	6,	15,	2,	2,	NULL,	NULL),
(340,	7,	15,	2,	2,	NULL,	NULL),
(341,	8,	15,	2,	2,	NULL,	NULL),
(342,	9,	15,	2,	2,	NULL,	NULL),
(343,	10,	15,	2,	2,	NULL,	NULL),
(344,	11,	15,	2,	2,	NULL,	NULL),
(345,	12,	15,	2,	2,	NULL,	NULL),
(346,	13,	15,	2,	2,	NULL,	NULL),
(347,	21,	16,	7,	2,	NULL,	NULL),
(348,	22,	16,	7,	2,	NULL,	NULL),
(349,	23,	16,	7,	2,	NULL,	NULL),
(350,	24,	16,	7,	2,	NULL,	NULL),
(351,	25,	16,	7,	2,	NULL,	NULL),
(352,	26,	16,	7,	2,	NULL,	NULL),
(353,	27,	16,	7,	2,	NULL,	NULL),
(354,	28,	16,	7,	2,	NULL,	NULL),
(355,	34,	16,	7,	2,	NULL,	NULL),
(356,	35,	16,	7,	2,	NULL,	NULL),
(357,	36,	16,	7,	2,	NULL,	NULL),
(358,	37,	16,	7,	2,	NULL,	NULL),
(359,	38,	16,	7,	2,	NULL,	NULL),
(360,	29,	16,	7,	2,	NULL,	NULL),
(361,	30,	16,	7,	2,	NULL,	NULL),
(362,	31,	16,	7,	2,	NULL,	NULL),
(363,	32,	16,	7,	2,	NULL,	NULL),
(364,	33,	16,	7,	2,	NULL,	NULL),
(365,	70,	17,	5,	2,	NULL,	NULL),
(366,	71,	17,	5,	2,	NULL,	NULL),
(367,	72,	17,	5,	2,	NULL,	NULL),
(368,	73,	17,	5,	2,	NULL,	NULL),
(369,	74,	17,	5,	2,	NULL,	NULL),
(370,	75,	17,	5,	2,	NULL,	NULL),
(371,	76,	17,	5,	2,	NULL,	NULL),
(372,	77,	17,	5,	2,	NULL,	NULL),
(373,	78,	17,	5,	2,	NULL,	NULL),
(374,	79,	17,	5,	2,	NULL,	NULL),
(375,	80,	17,	5,	2,	NULL,	NULL),
(376,	81,	17,	5,	2,	NULL,	NULL),
(377,	82,	17,	5,	2,	NULL,	NULL),
(378,	83,	17,	5,	2,	NULL,	NULL),
(379,	84,	17,	5,	2,	NULL,	NULL),
(380,	85,	17,	5,	2,	NULL,	NULL),
(381,	86,	17,	5,	2,	NULL,	NULL),
(382,	87,	17,	5,	2,	NULL,	NULL),
(418,	21,	20,	7,	2,	NULL,	NULL),
(419,	22,	20,	7,	2,	NULL,	NULL),
(420,	138,	20,	7,	25,	NULL,	NULL),
(421,	137,	20,	7,	2,	NULL,	NULL),
(422,	136,	20,	7,	2,	NULL,	NULL),
(423,	135,	20,	7,	2,	NULL,	NULL),
(424,	134,	20,	7,	2,	NULL,	NULL),
(425,	133,	20,	7,	2,	NULL,	NULL),
(426,	132,	20,	7,	2,	NULL,	NULL),
(427,	131,	20,	7,	2,	NULL,	NULL),
(428,	130,	20,	7,	2,	NULL,	NULL),
(429,	129,	20,	7,	2,	NULL,	NULL),
(430,	128,	20,	7,	2,	NULL,	NULL),
(431,	127,	20,	7,	2,	NULL,	NULL),
(432,	126,	20,	7,	2,	NULL,	NULL),
(433,	125,	20,	7,	2,	NULL,	NULL),
(434,	124,	20,	7,	2,	NULL,	NULL),
(435,	123,	20,	7,	2,	NULL,	NULL),
(436,	138,	21,	7,	25,	NULL,	NULL),
(437,	137,	21,	7,	2,	NULL,	NULL),
(438,	136,	21,	7,	2,	NULL,	NULL),
(439,	135,	21,	7,	2,	NULL,	NULL),
(440,	134,	21,	7,	2,	NULL,	NULL),
(441,	133,	21,	7,	2,	NULL,	NULL),
(442,	132,	21,	7,	2,	NULL,	NULL),
(443,	131,	21,	7,	2,	NULL,	NULL),
(444,	130,	21,	7,	2,	NULL,	NULL),
(445,	129,	21,	7,	2,	NULL,	NULL),
(446,	128,	21,	7,	2,	NULL,	NULL),
(447,	127,	21,	7,	2,	NULL,	NULL),
(448,	126,	21,	7,	2,	NULL,	NULL),
(449,	125,	21,	7,	2,	NULL,	NULL),
(450,	138,	22,	7,	25,	NULL,	NULL),
(451,	137,	22,	7,	2,	NULL,	NULL),
(452,	136,	22,	7,	2,	NULL,	NULL),
(453,	135,	22,	7,	2,	NULL,	NULL),
(454,	134,	22,	7,	2,	NULL,	NULL),
(455,	133,	22,	7,	2,	NULL,	NULL),
(456,	132,	22,	7,	2,	NULL,	NULL),
(457,	131,	22,	7,	2,	NULL,	NULL),
(458,	130,	22,	7,	2,	NULL,	NULL),
(459,	129,	22,	7,	2,	NULL,	NULL),
(460,	128,	22,	7,	2,	NULL,	NULL),
(461,	127,	22,	7,	2,	NULL,	NULL),
(462,	126,	22,	7,	2,	NULL,	NULL),
(463,	125,	22,	7,	2,	NULL,	NULL),
(464,	124,	22,	7,	2,	NULL,	NULL),
(465,	123,	22,	7,	2,	NULL,	NULL),
(485,	138,	19,	7,	25,	NULL,	NULL),
(486,	137,	19,	7,	2,	NULL,	NULL),
(487,	136,	19,	7,	2,	NULL,	NULL),
(488,	135,	19,	7,	2,	NULL,	NULL),
(489,	134,	19,	7,	2,	NULL,	NULL),
(490,	133,	19,	7,	2,	NULL,	NULL),
(491,	132,	19,	7,	2,	NULL,	NULL),
(492,	131,	19,	7,	2,	NULL,	NULL),
(493,	130,	19,	7,	2,	NULL,	NULL),
(494,	129,	19,	7,	2,	NULL,	NULL),
(495,	128,	19,	7,	2,	NULL,	NULL),
(496,	127,	19,	7,	2,	NULL,	NULL),
(497,	126,	19,	7,	2,	NULL,	NULL),
(498,	125,	19,	7,	2,	NULL,	NULL),
(499,	124,	19,	7,	2,	NULL,	NULL),
(500,	123,	19,	7,	2,	NULL,	NULL),
(506,	69,	1,	1,	2,	NULL,	NULL),
(507,	65,	1,	1,	2,	NULL,	NULL),
(508,	66,	1,	1,	2,	NULL,	NULL),
(509,	67,	1,	1,	2,	NULL,	NULL),
(510,	68,	1,	1,	2,	NULL,	NULL),
(522,	70,	23,	5,	2,	NULL,	NULL),
(523,	71,	23,	5,	2,	NULL,	NULL),
(524,	72,	23,	5,	2,	NULL,	NULL),
(525,	73,	23,	5,	2,	NULL,	NULL),
(526,	74,	23,	5,	2,	NULL,	NULL),
(527,	75,	23,	5,	2,	NULL,	NULL),
(528,	76,	23,	5,	2,	NULL,	NULL),
(529,	77,	23,	5,	2,	NULL,	NULL),
(530,	78,	23,	5,	2,	NULL,	NULL),
(531,	79,	23,	5,	2,	NULL,	NULL),
(532,	80,	23,	5,	2,	NULL,	NULL),
(533,	70,	18,	5,	2,	NULL,	NULL),
(534,	71,	18,	5,	2,	NULL,	NULL),
(535,	72,	18,	5,	2,	NULL,	NULL),
(536,	73,	18,	5,	2,	NULL,	NULL),
(537,	74,	18,	5,	2,	NULL,	NULL),
(538,	75,	18,	5,	2,	NULL,	NULL),
(539,	76,	18,	5,	2,	NULL,	NULL),
(540,	77,	18,	5,	2,	NULL,	NULL),
(541,	78,	18,	5,	2,	NULL,	NULL),
(542,	79,	18,	5,	2,	NULL,	NULL),
(543,	80,	18,	5,	2,	NULL,	NULL),
(544,	81,	18,	5,	2,	NULL,	NULL),
(545,	82,	18,	5,	2,	NULL,	NULL),
(546,	83,	18,	5,	2,	NULL,	NULL),
(547,	84,	18,	5,	2,	NULL,	NULL),
(548,	85,	18,	5,	2,	NULL,	NULL),
(549,	86,	18,	5,	2,	NULL,	NULL),
(550,	87,	18,	5,	2,	NULL,	NULL),
(551,	58,	2,	1,	2,	NULL,	NULL),
(552,	59,	2,	1,	2,	NULL,	NULL),
(553,	60,	2,	1,	2,	NULL,	NULL),
(554,	61,	2,	1,	2,	NULL,	NULL),
(555,	62,	2,	1,	2,	NULL,	NULL),
(556,	63,	2,	1,	21,	NULL,	NULL),
(557,	64,	2,	1,	2,	NULL,	NULL),
(558,	65,	2,	1,	2,	NULL,	NULL),
(559,	66,	2,	1,	2,	NULL,	NULL),
(560,	67,	2,	1,	2,	NULL,	NULL),
(561,	68,	2,	1,	2,	NULL,	NULL),
(590,	142,	24,	10,	2,	NULL,	NULL),
(591,	143,	24,	10,	2,	NULL,	NULL),
(592,	144,	24,	10,	2,	NULL,	NULL),
(593,	145,	24,	10,	2,	NULL,	NULL),
(594,	149,	24,	10,	2,	NULL,	NULL),
(595,	148,	24,	10,	2,	NULL,	NULL),
(596,	147,	24,	10,	2,	NULL,	NULL),
(597,	146,	24,	10,	2,	NULL,	NULL),
(598,	150,	24,	10,	5,	NULL,	NULL);

DROP TABLE IF EXISTS `quizcategories`;
CREATE TABLE `quizcategories` (
  `id` bigint(20) unsigned NOT NULL AUTO_INCREMENT,
  `category` varchar(255) COLLATE utf8_unicode_ci NOT NULL,
  `slug` varchar(255) COLLATE utf8_unicode_ci NOT NULL,
  `image` varchar(255) COLLATE utf8_unicode_ci NOT NULL,
  `description` text COLLATE utf8_unicode_ci NOT NULL,
  `record_updated_by` int(11) NOT NULL,
  `created_at` timestamp NULL DEFAULT NULL,
  `updated_at` timestamp NULL DEFAULT NULL,
  PRIMARY KEY (`id`),
  UNIQUE KEY `quizcategories_slug_unique` (`slug`)
) ENGINE=InnoDB DEFAULT CHARSET=utf8 COLLATE=utf8_unicode_ci;

INSERT INTO `quizcategories` (`id`, `category`, `slug`, `image`, `description`, `record_updated_by`, `created_at`, `updated_at`) VALUES
(1,	'Maths Category',	'maths-category',	'1-catimage.jpeg',	'What is Lorem Ipsum? Lorem Ipsum is simply dummy text of the printing and typesetting industry. Lorem Ipsum has been the industry\'s standard dummy text ever since the 1500s, when an unknown printer took a galley of type and scrambled it to make a type specimen book.',	1,	'2018-04-03 09:33:59',	'2018-04-03 09:35:24'),
(3,	'Physics',	'physics-2',	'3-catimage.jpeg',	'What is Lorem Ipsum? Lorem Ipsum is simply dummy text of the printing and typesetting industry. Lorem Ipsum has been the industry\'s standard dummy text ever since the 1500s, when an unknown printer took a galley of type and scrambled it to make a type specimen book.',	1,	'2018-04-03 09:38:57',	'2018-04-03 09:38:57'),
(4,	'Chemistry Category',	'chemistry-category-3',	'4-catimage.jpeg',	'What is Lorem Ipsum? Lorem Ipsum is simply dummy text of the printing and typesetting industry. Lorem Ipsum has been the industry\'s standard dummy text ever since the 1500s, when an unknown printer took a galley of type and scrambled it to make a type specimen book.',	1,	'2018-04-03 09:39:36',	'2018-04-03 09:39:37'),
(5,	'History Category',	'history-category-4',	'5-catimage.jpeg',	'What is Lorem Ipsum? Lorem Ipsum is simply dummy text of the printing and typesetting industry. Lorem Ipsum has been the industry\'s standard dummy text ever since the 1500s,',	1,	'2018-04-03 12:06:52',	'2018-04-03 12:06:52'),
(6,	'Chemistry',	'chemistry-5',	'',	'',	1,	'2018-04-04 07:03:38',	'2018-04-04 13:49:02'),
(7,	'English Category',	'english-category-5',	'',	'',	1,	'2019-06-03 11:42:23',	'2019-06-03 11:42:23');

DROP TABLE IF EXISTS `quizresults`;
CREATE TABLE `quizresults` (
  `id` bigint(20) unsigned NOT NULL AUTO_INCREMENT,
  `slug` varchar(100) COLLATE utf8_unicode_ci NOT NULL,
  `quiz_id` bigint(20) unsigned NOT NULL,
  `user_id` bigint(20) unsigned NOT NULL,
  `marks_obtained` int(10) unsigned NOT NULL DEFAULT '0',
  `negative_marks` decimal(10,2) NOT NULL DEFAULT '0.00',
  `total_marks` int(10) unsigned NOT NULL DEFAULT '0',
  `percentage` decimal(10,2) NOT NULL,
  `exam_status` enum('pass','fail','pending') COLLATE utf8_unicode_ci NOT NULL DEFAULT 'pending',
  `answers` text COLLATE utf8_unicode_ci NOT NULL,
  `subject_analysis` text COLLATE utf8_unicode_ci,
  `correct_answer_questions` text COLLATE utf8_unicode_ci,
  `wrong_answer_questions` text COLLATE utf8_unicode_ci,
  `not_answered_questions` text COLLATE utf8_unicode_ci,
  `time_spent_correct_answer_questions` text COLLATE utf8_unicode_ci NOT NULL,
  `time_spent_wrong_answer_questions` text COLLATE utf8_unicode_ci NOT NULL,
  `time_spent_not_answered_questions` text COLLATE utf8_unicode_ci NOT NULL,
  `percentage_title` varchar(255) COLLATE utf8_unicode_ci NOT NULL,
  `grade_title` varchar(255) COLLATE utf8_unicode_ci NOT NULL,
  `grade_points` varchar(255) COLLATE utf8_unicode_ci NOT NULL,
  `rank` int(11) DEFAULT NULL,
  `total_users_for_this_quiz` int(11) DEFAULT NULL,
  `created_at` timestamp NULL DEFAULT NULL,
  `updated_at` timestamp NULL DEFAULT NULL,
  PRIMARY KEY (`id`),
  KEY `quiz_id` (`quiz_id`),
  KEY `user_id` (`user_id`),
  CONSTRAINT `quizresults_ibfk_1` FOREIGN KEY (`quiz_id`) REFERENCES `quizzes` (`id`),
  CONSTRAINT `quizresults_ibfk_2` FOREIGN KEY (`user_id`) REFERENCES `users` (`id`) ON DELETE CASCADE ON UPDATE CASCADE
) ENGINE=InnoDB DEFAULT CHARSET=utf8 COLLATE=utf8_unicode_ci;

INSERT INTO `quizresults` (`id`, `slug`, `quiz_id`, `user_id`, `marks_obtained`, `negative_marks`, `total_marks`, `percentage`, `exam_status`, `answers`, `subject_analysis`, `correct_answer_questions`, `wrong_answer_questions`, `not_answered_questions`, `time_spent_correct_answer_questions`, `time_spent_wrong_answer_questions`, `time_spent_not_answered_questions`, `percentage_title`, `grade_title`, `grade_points`, `rank`, `total_users_for_this_quiz`, `created_at`, `updated_at`) VALUES
(1,	'a1e8b920dae2d7b8b4e7dac837d3c8a52e92013c',	2,	7,	19,	0.00,	43,	44.96,	'pass',	'{\"58\":[\"1\"],\"59\":[\"1\"],\"60\":[\"1\",\"3\"],\"61\":[\"1\",\"3\"],\"62\":[\"fdghdfgh\"],\"63\":[\"fghdfg\"],\"64\":[\"1\",\"2\",\"3\",\"4\"],\"65\":[\"1\",\"2\",\"3\"],\"66\":[\"1\",\"1\"],\"67\":[\"1\",\"1\"],\"68\":[\"1\",\"1\"],\"69\":[\"1\"],\"quiz_id\":\"2\",\"student_id\":\"7\"}',	'{\"1\":{\"subject_id\":\"1\",\"correct_answers\":10,\"wrong_answers\":2,\"not_answered\":0,\"time_spent\":153,\"time_to_spend\":186,\"time_spent_correct_answers\":129,\"time_spent_wrong_answers\":24}}',	'[58,59,60,61,64,65,66,67,68,69]',	'[62,63]',	'[]',	'{\"58\":{\"time_to_spend\":\"10\",\"time_spent\":\"10\"},\"59\":{\"time_to_spend\":\"10\",\"time_spent\":\"6\"},\"60\":{\"time_to_spend\":\"12\",\"time_spent\":\"3\"},\"61\":{\"time_to_spend\":\"12\",\"time_spent\":\"3\"},\"64\":{\"time_to_spend\":\"20\",\"time_spent\":\"24\"},\"65\":{\"time_to_spend\":\"20\",\"time_spent\":\"12\"},\"66\":{\"time_to_spend\":\"20\",\"time_spent\":\"28\"},\"67\":{\"time_to_spend\":\"20\",\"time_spent\":\"6\"},\"68\":{\"time_to_spend\":\"20\",\"time_spent\":\"12\"},\"69\":{\"time_to_spend\":\"20\",\"time_spent\":\"25\"}}',	'{\"62\":{\"time_to_spend\":\"12\",\"time_spent\":\"14\"},\"63\":{\"time_to_spend\":\"10\",\"time_spent\":\"10\"}}',	'[]',	'',	'',	'',	NULL,	NULL,	'2018-04-03 13:04:08',	'2018-04-03 13:04:08'),
(2,	'ea994a26fffc18f357967c2e8be9875c7cca4f06',	20,	7,	18,	0.00,	59,	30.51,	'pass',	'{\"21\":[\"1\",\"3\"],\"124\":[\"1\"],\"125\":[\"1\"],\"126\":[\"1\",\"3\"],\"127\":[\"1\",\"3\"],\"128\":[\"1\",\"3\"],\"129\":[\"1\",\"3\"],\"130\":[\"1\"],\"131\":[\"1\"],\"132\":[\"\",\"\",\"\"],\"133\":[\"\",\"\",\"\"],\"134\":[\"\"],\"135\":[\"\"],\"136\":[\"\"],\"137\":[\"\"],\"138\":[\"\"],\"quiz_id\":\"20\",\"student_id\":\"7\"}',	'{\"7\":{\"subject_id\":\"7\",\"correct_answers\":9,\"wrong_answers\":7,\"not_answered\":2,\"time_spent\":16,\"time_to_spend\":390,\"time_spent_correct_answers\":12,\"time_spent_wrong_answers\":4}}',	'[21,124,125,126,127,128,129,130,131]',	'[132,133,134,135,136,137,138]',	'[\"22\",\"123\"]',	'{\"21\":{\"time_to_spend\":\"30\",\"time_spent\":\"5\"},\"124\":{\"time_to_spend\":\"20\",\"time_spent\":\"1\"},\"125\":{\"time_to_spend\":\"20\",\"time_spent\":\"1\"},\"126\":{\"time_to_spend\":\"20\",\"time_spent\":\"1\"},\"127\":{\"time_to_spend\":\"20\",\"time_spent\":\"0\"},\"128\":{\"time_to_spend\":\"20\",\"time_spent\":\"1\"},\"129\":{\"time_to_spend\":\"20\",\"time_spent\":\"2\"},\"130\":{\"time_to_spend\":\"20\",\"time_spent\":\"1\"},\"131\":{\"time_to_spend\":\"20\",\"time_spent\":\"0\"}}',	'{\"132\":{\"time_to_spend\":\"30\",\"time_spent\":\"4\"},\"133\":{\"time_to_spend\":\"30\",\"time_spent\":\"0\"},\"134\":{\"time_to_spend\":\"30\",\"time_spent\":\"0\"},\"135\":{\"time_to_spend\":\"20\",\"time_spent\":\"0\"},\"136\":{\"time_to_spend\":\"30\",\"time_spent\":\"0\"},\"137\":{\"time_to_spend\":\"30\",\"time_spent\":\"0\"},\"138\":{\"time_to_spend\":\"30\",\"time_spent\":\"0\"}}',	'{\"22\":{\"time_to_spend\":0,\"time_spent\":\"0\"},\"123\":{\"time_to_spend\":0,\"time_spent\":\"0\"}}',	'',	'',	'',	NULL,	NULL,	'2018-04-04 12:02:34',	'2018-04-04 12:02:34'),
(3,	'6d8ee5cfc6d482c187d35d4af5de738e9b422408',	10,	7,	12,	0.00,	40,	30.00,	'pass',	'{\"74\":[\"2\"],\"77\":[\"2\"],\"89\":[\"4\"],\"78\":[\"2\"],\"75\":[\"1\"],\"72\":[\"2\"],\"86\":[\"1\",\"2\"],\"80\":[\"2\"],\"82\":[\"1\"],\"81\":[\"2\"],\"79\":[\"1\"],\"85\":[\"2\"],\"90\":[\"1\"],\"88\":[\"4\"],\"83\":[\"2\"],\"76\":[\"2\"],\"87\":[\"3\"],\"71\":[\"2\"],\"84\":[\"1\"],\"73\":[\"1\"],\"quiz_id\":\"10\",\"student_id\":\"7\"}',	'{\"5\":{\"subject_id\":5,\"correct_answers\":6,\"wrong_answers\":14,\"not_answered\":0,\"time_spent\":69,\"time_to_spend\":600,\"time_spent_correct_answers\":29,\"time_spent_wrong_answers\":40}}',	'[75,82,79,90,84,73]',	'[74,77,89,78,72,86,80,81,85,88,83,76,87,71]',	'[]',	'{\"75\":{\"time_to_spend\":30,\"time_spent\":\"1\"},\"82\":{\"time_to_spend\":30,\"time_spent\":\"1\"},\"79\":{\"time_to_spend\":30,\"time_spent\":\"1\"},\"90\":{\"time_to_spend\":30,\"time_spent\":\"1\"},\"84\":{\"time_to_spend\":30,\"time_spent\":\"5\"},\"73\":{\"time_to_spend\":30,\"time_spent\":\"20\"}}',	'{\"74\":{\"time_to_spend\":30,\"time_spent\":\"9\"},\"77\":{\"time_to_spend\":30,\"time_spent\":\"1\"},\"89\":{\"time_to_spend\":30,\"time_spent\":\"4\"},\"78\":{\"time_to_spend\":30,\"time_spent\":\"0\"},\"72\":{\"time_to_spend\":30,\"time_spent\":\"2\"},\"86\":{\"time_to_spend\":30,\"time_spent\":\"7\"},\"80\":{\"time_to_spend\":30,\"time_spent\":\"1\"},\"81\":{\"time_to_spend\":30,\"time_spent\":\"1\"},\"85\":{\"time_to_spend\":30,\"time_spent\":\"0\"},\"88\":{\"time_to_spend\":30,\"time_spent\":\"5\"},\"83\":{\"time_to_spend\":30,\"time_spent\":\"2\"},\"76\":{\"time_to_spend\":30,\"time_spent\":\"6\"},\"87\":{\"time_to_spend\":30,\"time_spent\":\"1\"},\"71\":{\"time_to_spend\":30,\"time_spent\":\"1\"}}',	'[]',	'',	'',	'',	NULL,	NULL,	'2019-05-30 22:48:53',	'2019-05-30 22:48:53'),
(4,	'87425ca650d775e8b1a0e4d8394e9c02f91bd49d',	10,	7,	12,	0.00,	40,	30.00,	'pass',	'{\"84\":[\"1\"],\"73\":[\"1\"],\"71\":[\"1\"],\"83\":[\"2\"],\"76\":[\"1\"],\"82\":[\"2\"],\"78\":[\"1\"],\"89\":[\"1\"],\"74\":[\"2\"],\"88\":[\"2\"]}',	'{\"5\":{\"subject_id\":5,\"correct_answers\":6,\"wrong_answers\":4,\"not_answered\":10,\"time_spent\":70,\"time_to_spend\":300,\"time_spent_correct_answers\":49,\"time_spent_wrong_answers\":21}}',	'[84,73,71,76,78,89]',	'[83,82,74,88]',	'[72,75,77,79,80,81,85,86,87,90]',	'{\"84\":{\"time_to_spend\":30,\"time_spent\":\"25\"},\"73\":{\"time_to_spend\":30,\"time_spent\":\"13\"},\"71\":{\"time_to_spend\":30,\"time_spent\":\"1\"},\"76\":{\"time_to_spend\":30,\"time_spent\":\"0\"},\"78\":{\"time_to_spend\":30,\"time_spent\":\"5\"},\"89\":{\"time_to_spend\":30,\"time_spent\":\"5\"}}',	'{\"83\":{\"time_to_spend\":30,\"time_spent\":\"1\"},\"82\":{\"time_to_spend\":30,\"time_spent\":\"2\"},\"74\":{\"time_to_spend\":30,\"time_spent\":\"8\"},\"88\":{\"time_to_spend\":30,\"time_spent\":\"10\"}}',	'{\"72\":{\"time_to_spend\":0,\"time_spent\":\"0\"},\"75\":{\"time_to_spend\":0,\"time_spent\":\"0\"},\"77\":{\"time_to_spend\":0,\"time_spent\":\"0\"},\"79\":{\"time_to_spend\":0,\"time_spent\":\"0\"},\"80\":{\"time_to_spend\":0,\"time_spent\":\"0\"},\"81\":{\"time_to_spend\":0,\"time_spent\":\"0\"},\"85\":{\"time_to_spend\":0,\"time_spent\":\"0\"},\"86\":{\"time_to_spend\":0,\"time_spent\":\"0\"},\"87\":{\"time_to_spend\":0,\"time_spent\":\"0\"},\"90\":{\"time_to_spend\":0,\"time_spent\":\"0\"}}',	'',	'',	'',	NULL,	NULL,	'2019-05-30 22:56:43',	'2019-05-30 22:56:43'),
(5,	'6fc4b1b1609e6c31425cdaa8243398c0c415dcdb',	22,	7,	2,	0.00,	55,	3.64,	'pass',	'{\"123\":[\"1\"],\"133\":[\"\",\"\",\"\"],\"138\":[\"\"],\"132\":[\"\",\"\",\"\"],\"136\":[\"\"],\"135\":[\"\"],\"137\":[\"\"],\"134\":[\"\"]}',	'{\"7\":{\"subject_id\":7,\"correct_answers\":1,\"wrong_answers\":7,\"not_answered\":8,\"time_spent\":32,\"time_to_spend\":220,\"time_spent_correct_answers\":5,\"time_spent_wrong_answers\":10}}',	'[123]',	'[133,138,132,136,135,137,134]',	'[131,130,129,128,127,126,125,124]',	'{\"123\":{\"time_to_spend\":20,\"time_spent\":\"5\"}}',	'{\"133\":{\"time_to_spend\":30,\"time_spent\":\"4\"},\"138\":{\"time_to_spend\":30,\"time_spent\":\"2\"},\"132\":{\"time_to_spend\":30,\"time_spent\":\"0\"},\"136\":{\"time_to_spend\":30,\"time_spent\":\"0\"},\"135\":{\"time_to_spend\":20,\"time_spent\":\"1\"},\"137\":{\"time_to_spend\":30,\"time_spent\":\"0\"},\"134\":{\"time_to_spend\":30,\"time_spent\":\"3\"}}',	'{\"131\":{\"time_to_spend\":0,\"time_spent\":\"0\"},\"130\":{\"time_to_spend\":0,\"time_spent\":\"0\"},\"129\":{\"time_to_spend\":0,\"time_spent\":\"0\"},\"128\":{\"time_to_spend\":0,\"time_spent\":\"14\"},\"127\":{\"time_to_spend\":0,\"time_spent\":\"1\"},\"126\":{\"time_to_spend\":0,\"time_spent\":\"1\"},\"125\":{\"time_to_spend\":0,\"time_spent\":\"0\"},\"124\":{\"time_to_spend\":0,\"time_spent\":\"1\"}}',	'',	'',	'',	NULL,	NULL,	'2019-06-04 04:23:23',	'2019-06-04 04:23:23'),
(6,	'5f4abc6727a38409f7112a228b08c50fe880e0d4',	4,	7,	2,	0.00,	40,	5.00,	'pass',	'{\"19\":[\"1\"]}',	'{\"2\":{\"subject_id\":2,\"correct_answers\":1,\"wrong_answers\":0,\"not_answered\":19,\"time_spent\":4,\"time_to_spend\":30,\"time_spent_correct_answers\":2,\"time_spent_wrong_answers\":0}}',	'[19]',	'[]',	'[1,2,3,4,5,6,7,8,9,10,11,12,13,14,15,16,17,18,20]',	'{\"19\":{\"time_to_spend\":30,\"time_spent\":\"2\"}}',	'[]',	'{\"1\":{\"time_to_spend\":0,\"time_spent\":\"0\"},\"2\":{\"time_to_spend\":0,\"time_spent\":\"0\"},\"3\":{\"time_to_spend\":0,\"time_spent\":\"0\"},\"4\":{\"time_to_spend\":0,\"time_spent\":\"0\"},\"5\":{\"time_to_spend\":0,\"time_spent\":\"0\"},\"6\":{\"time_to_spend\":0,\"time_spent\":\"1\"},\"7\":{\"time_to_spend\":0,\"time_spent\":\"0\"},\"8\":{\"time_to_spend\":0,\"time_spent\":\"0\"},\"9\":{\"time_to_spend\":0,\"time_spent\":\"0\"},\"10\":{\"time_to_spend\":0,\"time_spent\":\"0\"},\"11\":{\"time_to_spend\":0,\"time_spent\":\"1\"},\"12\":{\"time_to_spend\":0,\"time_spent\":\"0\"},\"13\":{\"time_to_spend\":0,\"time_spent\":\"0\"},\"14\":{\"time_to_spend\":0,\"time_spent\":\"0\"},\"15\":{\"time_to_spend\":0,\"time_spent\":\"0\"},\"16\":{\"time_to_spend\":0,\"time_spent\":\"0\"},\"17\":{\"time_to_spend\":0,\"time_spent\":\"0\"},\"18\":{\"time_to_spend\":0,\"time_spent\":\"0\"},\"20\":{\"time_to_spend\":0,\"time_spent\":\"0\"}}',	'',	'',	'',	NULL,	NULL,	'2019-06-04 04:24:08',	'2019-06-04 04:24:08'),
(7,	'41e7e63b594fcbb94281c1719fba9e65854e99b2',	24,	7,	0,	0.00,	16,	0.00,	'fail',	'[]',	'{\"10\":{\"subject_id\":10,\"correct_answers\":0,\"wrong_answers\":0,\"not_answered\":8,\"time_spent\":42,\"time_to_spend\":0,\"time_spent_correct_answers\":0,\"time_spent_wrong_answers\":0}}',	'[]',	'[]',	'[142,143,144,145,149,148,147,146]',	'[]',	'[]',	'{\"142\":{\"time_to_spend\":0,\"time_spent\":\"2\"},\"143\":{\"time_to_spend\":0,\"time_spent\":\"0\"},\"144\":{\"time_to_spend\":0,\"time_spent\":\"0\"},\"145\":{\"time_to_spend\":0,\"time_spent\":\"16\"},\"149\":{\"time_to_spend\":0,\"time_spent\":\"11\"},\"148\":{\"time_to_spend\":0,\"time_spent\":\"2\"},\"147\":{\"time_to_spend\":0,\"time_spent\":\"4\"},\"146\":{\"time_to_spend\":0,\"time_spent\":\"7\"}}',	'',	'',	'',	NULL,	NULL,	'2019-06-04 06:02:23',	'2019-06-04 06:02:23'),
(8,	'6d06a19bf19f98e863569bcf2827ee61e4309e9e',	10,	7,	6,	0.00,	40,	15.00,	'pass',	'{\"76\":[\"1\"],\"90\":[\"1\",\"3\"],\"77\":[\"1\"]}',	'{\"5\":{\"subject_id\":5,\"correct_answers\":3,\"wrong_answers\":0,\"not_answered\":17,\"time_spent\":101,\"time_to_spend\":90,\"time_spent_correct_answers\":9,\"time_spent_wrong_answers\":0}}',	'[76,90,77]',	'[]',	'[71,72,73,74,75,78,79,80,81,82,83,84,85,86,87,88,89]',	'{\"76\":{\"time_to_spend\":30,\"time_spent\":\"3\"},\"90\":{\"time_to_spend\":30,\"time_spent\":\"3\"},\"77\":{\"time_to_spend\":30,\"time_spent\":\"3\"}}',	'[]',	'{\"71\":{\"time_to_spend\":0,\"time_spent\":\"0\"},\"72\":{\"time_to_spend\":0,\"time_spent\":\"0\"},\"73\":{\"time_to_spend\":0,\"time_spent\":\"92\"},\"74\":{\"time_to_spend\":0,\"time_spent\":\"0\"},\"75\":{\"time_to_spend\":0,\"time_spent\":\"0\"},\"78\":{\"time_to_spend\":0,\"time_spent\":\"0\"},\"79\":{\"time_to_spend\":0,\"time_spent\":\"0\"},\"80\":{\"time_to_spend\":0,\"time_spent\":\"0\"},\"81\":{\"time_to_spend\":0,\"time_spent\":\"0\"},\"82\":{\"time_to_spend\":0,\"time_spent\":\"0\"},\"83\":{\"time_to_spend\":0,\"time_spent\":\"0\"},\"84\":{\"time_to_spend\":0,\"time_spent\":\"0\"},\"85\":{\"time_to_spend\":0,\"time_spent\":\"0\"},\"86\":{\"time_to_spend\":0,\"time_spent\":\"0\"},\"87\":{\"time_to_spend\":0,\"time_spent\":\"0\"},\"88\":{\"time_to_spend\":0,\"time_spent\":\"0\"},\"89\":{\"time_to_spend\":0,\"time_spent\":\"0\"}}',	'',	'',	'',	NULL,	NULL,	'2019-06-04 09:41:06',	'2019-06-04 09:41:06'),
(9,	'bc3311d4e14dc3f1b255cdfae8b9f1335f0580ef',	20,	7,	0,	0.00,	59,	0.00,	'fail',	'{\"135\":[\"\"],\"138\":[\"\"],\"137\":[\"\"],\"132\":[\"\",\"\",\"\"],\"136\":[\"\"],\"134\":[\"\"],\"133\":[\"\",\"\",\"\"]}',	'{\"7\":{\"subject_id\":7,\"correct_answers\":0,\"wrong_answers\":7,\"not_answered\":11,\"time_spent\":2,\"time_to_spend\":200,\"time_spent_correct_answers\":0,\"time_spent_wrong_answers\":0}}',	'[]',	'[135,138,137,132,136,134,133]',	'[21,22,131,130,129,128,127,126,125,124,123]',	'[]',	'{\"135\":{\"time_to_spend\":20,\"time_spent\":\"0\"},\"138\":{\"time_to_spend\":30,\"time_spent\":\"0\"},\"137\":{\"time_to_spend\":30,\"time_spent\":\"0\"},\"132\":{\"time_to_spend\":30,\"time_spent\":\"0\"},\"136\":{\"time_to_spend\":30,\"time_spent\":\"0\"},\"134\":{\"time_to_spend\":30,\"time_spent\":\"0\"},\"133\":{\"time_to_spend\":30,\"time_spent\":\"0\"}}',	'{\"21\":{\"time_to_spend\":0,\"time_spent\":\"2\"},\"22\":{\"time_to_spend\":0,\"time_spent\":\"0\"},\"131\":{\"time_to_spend\":0,\"time_spent\":\"0\"},\"130\":{\"time_to_spend\":0,\"time_spent\":\"0\"},\"129\":{\"time_to_spend\":0,\"time_spent\":\"0\"},\"128\":{\"time_to_spend\":0,\"time_spent\":\"0\"},\"127\":{\"time_to_spend\":0,\"time_spent\":\"0\"},\"126\":{\"time_to_spend\":0,\"time_spent\":\"0\"},\"125\":{\"time_to_spend\":0,\"time_spent\":\"0\"},\"124\":{\"time_to_spend\":0,\"time_spent\":\"0\"},\"123\":{\"time_to_spend\":0,\"time_spent\":\"0\"}}',	'',	'',	'',	NULL,	NULL,	'2019-06-07 12:13:36',	'2019-06-07 12:13:36'),
(10,	'832a80904064e9cad757c7a43b08b0fec9220114',	20,	7,	0,	0.00,	59,	0.00,	'fail',	'{\"135\":[\"\"],\"138\":[\"\"],\"133\":[\"\",\"\",\"\"],\"137\":[\"\"],\"136\":[\"\"],\"132\":[\"\",\"\",\"\"],\"134\":[\"\"]}',	'{\"7\":{\"subject_id\":7,\"correct_answers\":0,\"wrong_answers\":7,\"not_answered\":11,\"time_spent\":7,\"time_to_spend\":200,\"time_spent_correct_answers\":0,\"time_spent_wrong_answers\":7}}',	'[]',	'[135,138,133,137,136,132,134]',	'[21,22,131,130,129,128,127,126,125,124,123]',	'[]',	'{\"135\":{\"time_to_spend\":20,\"time_spent\":\"7\"},\"138\":{\"time_to_spend\":30,\"time_spent\":\"0\"},\"133\":{\"time_to_spend\":30,\"time_spent\":\"0\"},\"137\":{\"time_to_spend\":30,\"time_spent\":\"0\"},\"136\":{\"time_to_spend\":30,\"time_spent\":\"0\"},\"132\":{\"time_to_spend\":30,\"time_spent\":\"0\"},\"134\":{\"time_to_spend\":30,\"time_spent\":\"0\"}}',	'{\"21\":{\"time_to_spend\":0,\"time_spent\":\"0\"},\"22\":{\"time_to_spend\":0,\"time_spent\":\"0\"},\"131\":{\"time_to_spend\":0,\"time_spent\":\"0\"},\"130\":{\"time_to_spend\":0,\"time_spent\":\"0\"},\"129\":{\"time_to_spend\":0,\"time_spent\":\"0\"},\"128\":{\"time_to_spend\":0,\"time_spent\":\"0\"},\"127\":{\"time_to_spend\":0,\"time_spent\":\"0\"},\"126\":{\"time_to_spend\":0,\"time_spent\":\"0\"},\"125\":{\"time_to_spend\":0,\"time_spent\":\"0\"},\"124\":{\"time_to_spend\":0,\"time_spent\":\"0\"},\"123\":{\"time_to_spend\":0,\"time_spent\":\"0\"}}',	'',	'',	'',	NULL,	NULL,	'2019-06-07 12:14:54',	'2019-06-07 12:14:54'),
(11,	'fd84cf49c421ac20721fa60fc479f016d7939dd6',	20,	7,	0,	0.00,	59,	0.00,	'fail',	'{\"138\":[\"\"],\"137\":[\"\"],\"136\":[\"\"],\"132\":[\"\",\"\",\"\"],\"135\":[\"\"],\"133\":[\"\",\"\",\"\"],\"134\":[\"\"]}',	'{\"7\":{\"subject_id\":7,\"correct_answers\":0,\"wrong_answers\":7,\"not_answered\":11,\"time_spent\":0,\"time_to_spend\":200,\"time_spent_correct_answers\":0,\"time_spent_wrong_answers\":0}}',	'[]',	'[138,137,136,132,135,133,134]',	'[21,22,131,130,129,128,127,126,125,124,123]',	'[]',	'{\"138\":{\"time_to_spend\":30,\"time_spent\":\"0\"},\"137\":{\"time_to_spend\":30,\"time_spent\":\"0\"},\"136\":{\"time_to_spend\":30,\"time_spent\":\"0\"},\"132\":{\"time_to_spend\":30,\"time_spent\":\"0\"},\"135\":{\"time_to_spend\":20,\"time_spent\":\"0\"},\"133\":{\"time_to_spend\":30,\"time_spent\":\"0\"},\"134\":{\"time_to_spend\":30,\"time_spent\":\"0\"}}',	'{\"21\":{\"time_to_spend\":0,\"time_spent\":\"0\"},\"22\":{\"time_to_spend\":0,\"time_spent\":\"0\"},\"131\":{\"time_to_spend\":0,\"time_spent\":\"0\"},\"130\":{\"time_to_spend\":0,\"time_spent\":\"0\"},\"129\":{\"time_to_spend\":0,\"time_spent\":\"0\"},\"128\":{\"time_to_spend\":0,\"time_spent\":\"0\"},\"127\":{\"time_to_spend\":0,\"time_spent\":\"0\"},\"126\":{\"time_to_spend\":0,\"time_spent\":\"0\"},\"125\":{\"time_to_spend\":0,\"time_spent\":\"0\"},\"124\":{\"time_to_spend\":0,\"time_spent\":\"0\"},\"123\":{\"time_to_spend\":0,\"time_spent\":\"0\"}}',	'',	'',	'',	NULL,	NULL,	'2019-06-07 12:15:28',	'2019-06-07 12:15:28'),
(12,	'cef47b7b56fd32c080ced1389b71c9d95cd9d1f0',	10,	7,	0,	0.00,	40,	0.00,	'fail',	'[]',	'{\"5\":{\"subject_id\":5,\"correct_answers\":0,\"wrong_answers\":0,\"not_answered\":20,\"time_spent\":14,\"time_to_spend\":0,\"time_spent_correct_answers\":0,\"time_spent_wrong_answers\":0}}',	'[]',	'[]',	'[71,72,73,74,75,76,77,78,79,80,81,82,83,84,85,86,87,88,89,90]',	'[]',	'[]',	'{\"71\":{\"time_to_spend\":0,\"time_spent\":\"0\"},\"72\":{\"time_to_spend\":0,\"time_spent\":\"0\"},\"73\":{\"time_to_spend\":0,\"time_spent\":\"0\"},\"74\":{\"time_to_spend\":0,\"time_spent\":\"0\"},\"75\":{\"time_to_spend\":0,\"time_spent\":\"0\"},\"76\":{\"time_to_spend\":0,\"time_spent\":\"0\"},\"77\":{\"time_to_spend\":0,\"time_spent\":\"0\"},\"78\":{\"time_to_spend\":0,\"time_spent\":\"0\"},\"79\":{\"time_to_spend\":0,\"time_spent\":\"0\"},\"80\":{\"time_to_spend\":0,\"time_spent\":\"0\"},\"81\":{\"time_to_spend\":0,\"time_spent\":\"0\"},\"82\":{\"time_to_spend\":0,\"time_spent\":\"0\"},\"83\":{\"time_to_spend\":0,\"time_spent\":\"0\"},\"84\":{\"time_to_spend\":0,\"time_spent\":\"0\"},\"85\":{\"time_to_spend\":0,\"time_spent\":\"0\"},\"86\":{\"time_to_spend\":0,\"time_spent\":\"0\"},\"87\":{\"time_to_spend\":0,\"time_spent\":\"0\"},\"88\":{\"time_to_spend\":0,\"time_spent\":\"0\"},\"89\":{\"time_to_spend\":0,\"time_spent\":\"14\"},\"90\":{\"time_to_spend\":0,\"time_spent\":\"0\"}}',	'',	'',	'',	NULL,	NULL,	'2019-06-12 04:41:41',	'2019-06-12 04:41:41'),
(13,	'4b9f5da3fbafe5c0c4b740bf47d1ea96b5dcd3a5',	24,	7,	0,	0.00,	21,	0.00,	'fail',	'{\"143\":[\"2\"],\"146\":[\"2\"],\"147\":[\"2\"],\"148\":[\"2\"],\"144\":[\"2\"],\"142\":[\"2\"],\"150\":[\"2\"],\"145\":[\"2\"]}',	'{\"10\":{\"subject_id\":10,\"correct_answers\":0,\"wrong_answers\":8,\"not_answered\":1,\"time_spent\":43,\"time_to_spend\":240,\"time_spent_correct_answers\":0,\"time_spent_wrong_answers\":42}}',	'[]',	'[143,146,147,148,144,142,150,145]',	'[149]',	'[]',	'{\"143\":{\"time_to_spend\":30,\"time_spent\":\"4\"},\"146\":{\"time_to_spend\":30,\"time_spent\":\"2\"},\"147\":{\"time_to_spend\":30,\"time_spent\":\"2\"},\"148\":{\"time_to_spend\":30,\"time_spent\":\"2\"},\"144\":{\"time_to_spend\":30,\"time_spent\":\"3\"},\"142\":{\"time_to_spend\":30,\"time_spent\":\"2\"},\"150\":{\"time_to_spend\":30,\"time_spent\":\"16\"},\"145\":{\"time_to_spend\":30,\"time_spent\":\"11\"}}',	'{\"149\":{\"time_to_spend\":0,\"time_spent\":\"1\"}}',	'',	'',	'',	NULL,	NULL,	'2019-06-12 05:49:41',	'2019-06-12 05:49:41'),
(14,	'9e64fa96ee84610e15daebf0193db6a190265fad',	24,	7,	0,	0.00,	21,	0.00,	'fail',	'{\"quiz_id\":\"24\",\"student_id\":\"7\"}',	'{\"10\":{\"subject_id\":10,\"correct_answers\":0,\"wrong_answers\":0,\"not_answered\":9,\"time_spent\":17,\"time_to_spend\":0,\"time_spent_correct_answers\":0,\"time_spent_wrong_answers\":0}}',	'[]',	'[]',	'[142,143,144,145,149,148,147,146,150]',	'[]',	'[]',	'{\"142\":{\"time_to_spend\":0,\"time_spent\":\"0\"},\"143\":{\"time_to_spend\":0,\"time_spent\":\"0\"},\"144\":{\"time_to_spend\":0,\"time_spent\":\"0\"},\"145\":{\"time_to_spend\":0,\"time_spent\":\"0\"},\"149\":{\"time_to_spend\":0,\"time_spent\":\"0\"},\"148\":{\"time_to_spend\":0,\"time_spent\":\"0\"},\"147\":{\"time_to_spend\":0,\"time_spent\":\"1\"},\"146\":{\"time_to_spend\":0,\"time_spent\":\"11\"},\"150\":{\"time_to_spend\":0,\"time_spent\":\"5\"}}',	'',	'',	'',	NULL,	NULL,	'2019-06-12 05:51:35',	'2019-06-12 05:51:35'),
(15,	'f74fa5a7e64f9b87e8f8e5a9b184fd565cb2a840',	10,	7,	0,	0.00,	40,	0.00,	'fail',	'{\"quiz_id\":\"10\",\"student_id\":\"7\"}',	'{\"5\":{\"subject_id\":5,\"correct_answers\":0,\"wrong_answers\":0,\"not_answered\":20,\"time_spent\":2,\"time_to_spend\":0,\"time_spent_correct_answers\":0,\"time_spent_wrong_answers\":0}}',	'[]',	'[]',	'[71,72,73,74,75,76,77,78,79,80,81,82,83,84,85,86,87,88,89,90]',	'[]',	'[]',	'{\"71\":{\"time_to_spend\":0,\"time_spent\":\"0\"},\"72\":{\"time_to_spend\":0,\"time_spent\":\"0\"},\"73\":{\"time_to_spend\":0,\"time_spent\":\"0\"},\"74\":{\"time_to_spend\":0,\"time_spent\":\"0\"},\"75\":{\"time_to_spend\":0,\"time_spent\":\"0\"},\"76\":{\"time_to_spend\":0,\"time_spent\":\"0\"},\"77\":{\"time_to_spend\":0,\"time_spent\":\"0\"},\"78\":{\"time_to_spend\":0,\"time_spent\":\"0\"},\"79\":{\"time_to_spend\":0,\"time_spent\":\"0\"},\"80\":{\"time_to_spend\":0,\"time_spent\":\"0\"},\"81\":{\"time_to_spend\":0,\"time_spent\":\"0\"},\"82\":{\"time_to_spend\":0,\"time_spent\":\"0\"},\"83\":{\"time_to_spend\":0,\"time_spent\":\"0\"},\"84\":{\"time_to_spend\":0,\"time_spent\":\"0\"},\"85\":{\"time_to_spend\":0,\"time_spent\":\"0\"},\"86\":{\"time_to_spend\":0,\"time_spent\":\"2\"},\"87\":{\"time_to_spend\":0,\"time_spent\":\"0\"},\"88\":{\"time_to_spend\":0,\"time_spent\":\"0\"},\"89\":{\"time_to_spend\":0,\"time_spent\":\"0\"},\"90\":{\"time_to_spend\":0,\"time_spent\":\"0\"}}',	'',	'',	'',	NULL,	NULL,	'2019-06-12 06:29:51',	'2019-06-12 06:29:51'),
(16,	'cc65ace6e171b6fb3f4e99c81af4b2e2690f714b',	10,	7,	0,	0.00,	40,	0.00,	'fail',	'[]',	'{\"5\":{\"subject_id\":5,\"correct_answers\":0,\"wrong_answers\":0,\"not_answered\":20,\"time_spent\":1,\"time_to_spend\":0,\"time_spent_correct_answers\":0,\"time_spent_wrong_answers\":0}}',	'[]',	'[]',	'[71,72,73,74,75,76,77,78,79,80,81,82,83,84,85,86,87,88,89,90]',	'[]',	'[]',	'{\"71\":{\"time_to_spend\":0,\"time_spent\":\"0\"},\"72\":{\"time_to_spend\":0,\"time_spent\":\"0\"},\"73\":{\"time_to_spend\":0,\"time_spent\":\"0\"},\"74\":{\"time_to_spend\":0,\"time_spent\":\"0\"},\"75\":{\"time_to_spend\":0,\"time_spent\":\"0\"},\"76\":{\"time_to_spend\":0,\"time_spent\":\"0\"},\"77\":{\"time_to_spend\":0,\"time_spent\":\"0\"},\"78\":{\"time_to_spend\":0,\"time_spent\":\"0\"},\"79\":{\"time_to_spend\":0,\"time_spent\":\"0\"},\"80\":{\"time_to_spend\":0,\"time_spent\":\"0\"},\"81\":{\"time_to_spend\":0,\"time_spent\":\"0\"},\"82\":{\"time_to_spend\":0,\"time_spent\":\"0\"},\"83\":{\"time_to_spend\":0,\"time_spent\":\"0\"},\"84\":{\"time_to_spend\":0,\"time_spent\":\"1\"},\"85\":{\"time_to_spend\":0,\"time_spent\":\"0\"},\"86\":{\"time_to_spend\":0,\"time_spent\":\"0\"},\"87\":{\"time_to_spend\":0,\"time_spent\":\"0\"},\"88\":{\"time_to_spend\":0,\"time_spent\":\"0\"},\"89\":{\"time_to_spend\":0,\"time_spent\":\"0\"},\"90\":{\"time_to_spend\":0,\"time_spent\":\"0\"}}',	'',	'',	'',	NULL,	NULL,	'2019-06-12 06:30:18',	'2019-06-12 06:30:18');

DROP TABLE IF EXISTS `quizzes`;
CREATE TABLE `quizzes` (
  `id` bigint(20) unsigned NOT NULL AUTO_INCREMENT,
  `title` varchar(255) COLLATE utf8_unicode_ci NOT NULL,
  `slug` varchar(255) COLLATE utf8_unicode_ci NOT NULL,
  `dueration` int(11) NOT NULL,
  `category_id` bigint(20) unsigned NOT NULL,
  `is_paid` tinyint(4) NOT NULL DEFAULT '0',
  `cost` decimal(10,2) DEFAULT NULL,
  `validity` int(11) NOT NULL,
  `total_marks` decimal(10,2) unsigned NOT NULL DEFAULT '0.00',
  `having_negative_mark` tinyint(1) NOT NULL DEFAULT '0',
  `negative_mark` decimal(10,2) NOT NULL DEFAULT '0.00',
  `pass_percentage` decimal(10,2) unsigned NOT NULL DEFAULT '0.00',
  `tags` varchar(255) COLLATE utf8_unicode_ci NOT NULL,
  `publish_results_immediately` tinyint(4) NOT NULL DEFAULT '1',
  `description` text COLLATE utf8_unicode_ci NOT NULL,
  `total_questions` int(50) NOT NULL,
  `instructions_page_id` bigint(20) unsigned NOT NULL,
  `start_date` date DEFAULT NULL,
  `end_date` date DEFAULT NULL,
  `record_updated_by` int(11) NOT NULL,
  `created_at` timestamp NULL DEFAULT NULL,
  `updated_at` timestamp NULL DEFAULT NULL,
  `show_in_front` tinyint(2) NOT NULL DEFAULT '0',
  `exam_type` varchar(20) COLLATE utf8_unicode_ci NOT NULL DEFAULT 'NSNT',
  `section_data` text COLLATE utf8_unicode_ci,
  `has_language` tinyint(2) NOT NULL DEFAULT '0',
  `image` varchar(250) COLLATE utf8_unicode_ci DEFAULT NULL,
  `language_name` varchar(50) COLLATE utf8_unicode_ci DEFAULT NULL,
  `is_popular` tinyint(2) DEFAULT NULL,
  PRIMARY KEY (`id`),
  UNIQUE KEY `quizzes_slug_unique` (`slug`),
  KEY `category_id` (`category_id`),
  KEY `instructions_page_id` (`instructions_page_id`),
  CONSTRAINT `quizzes_ibfk_1` FOREIGN KEY (`category_id`) REFERENCES `quizcategories` (`id`),
  CONSTRAINT `quizzes_ibfk_2` FOREIGN KEY (`instructions_page_id`) REFERENCES `instructions` (`id`)
) ENGINE=InnoDB DEFAULT CHARSET=utf8 COLLATE=utf8_unicode_ci;

INSERT INTO `quizzes` (`id`, `title`, `slug`, `dueration`, `category_id`, `is_paid`, `cost`, `validity`, `total_marks`, `having_negative_mark`, `negative_mark`, `pass_percentage`, `tags`, `publish_results_immediately`, `description`, `total_questions`, `instructions_page_id`, `start_date`, `end_date`, `record_updated_by`, `created_at`, `updated_at`, `show_in_front`, `exam_type`, `section_data`, `has_language`, `image`, `language_name`, `is_popular`) VALUES
(1,	'English Fundamentals',	'english-fundamentals-e04f62daebc20d472cf2a26e2228c6d4f6e0f373-20',	60,	7,	1,	50.00,	20,	10.00,	0,	0.00,	2.00,	'',	1,	'What is Lorem Ipsum? Lorem Ipsum is simply dummy text of the printing and typesetting industry. Lorem Ipsum has been the industry\'s standard dummy text ever since the 1500s,',	5,	1,	'2019-06-03',	'2019-10-16',	1,	'2018-04-03 11:59:00',	'2019-06-03 11:43:10',	1,	'ST',	'{\"\":{\"section_name\":\"\",\"section_time\":\"\",\"questions\":[\"69\",\"65\",\"66\",\"67\",\"68\"]}}',	0,	'1-examimage.jpeg',	'',	1),
(2,	'English Test - II',	'english-test-ii-29d2e121ff1c208e2c9a84266e520c3673a45794-1',	30,	7,	1,	150.00,	90,	41.00,	0,	0.00,	2.00,	'',	1,	'What is Lorem Ipsum? Lorem Ipsum is simply dummy text of the printing and typesetting industry. Lorem Ipsum has been the industry\'s standard dummy text ever since the 1500s,',	11,	1,	'2019-06-03',	'2019-10-08',	1,	'2018-04-03 12:03:02',	'2019-06-03 11:51:40',	1,	'SNT',	'{\"Section_1\":{\"section_name\":\"Section 1\",\"section_time\":null,\"questions\":[58,59,60,61,62,63,64,65,66,67,68]}}',	0,	'2-examimage.jpeg',	'',	1),
(4,	'History  Quiz',	'history-quiz-903b752583675e25a6f7569d85c2f5da42638954-6',	60,	5,	0,	0.00,	-1,	40.00,	0,	0.00,	2.00,	'',	1,	'What is Lorem Ipsum? Lorem Ipsum is simply dummy text of the printing and typesetting industry. Lorem Ipsum has been the industry\'s standard dummy text ever since the 1500s,',	20,	1,	'2019-06-03',	'2019-09-18',	1,	'2018-04-03 12:08:00',	'2019-06-03 11:52:30',	1,	'NSNT',	'[]',	0,	'4-examimage.jpeg',	NULL,	1),
(7,	'Antonyms Quiz',	'antonyms-quiz-79162b6cff0edf060403ba9f8b83942fe967925a-6',	30,	6,	0,	0.00,	-1,	0.00,	0,	0.00,	2.00,	'',	1,	'',	0,	1,	'2019-06-03',	'2019-10-30',	1,	'2018-04-04 05:03:17',	'2019-06-03 11:51:26',	1,	'NSNT',	'[]',	0,	'7-examimage.jpeg',	NULL,	1),
(8,	'History Quiz-I',	'history-quiz-i-dbb36c717b2a546395bca4f01cf8b8e2fe763b5d-6',	30,	5,	0,	0.00,	-1,	78.00,	0,	0.00,	2.00,	'',	1,	'This is History Quiz',	39,	1,	'2019-06-03',	'2019-11-27',	1,	'2018-04-04 05:35:43',	'2019-06-03 11:52:49',	1,	'NSNT',	'[]',	0,	'8-examimage.jpeg',	NULL,	1),
(9,	'Mechanics Quiz',	'mechanics-quiz-63064939929acb5c58676d3621e06368ddadb5ee-7',	30,	3,	1,	120.00,	10,	50.00,	0,	0.00,	2.00,	'',	1,	'',	25,	1,	'2019-06-03',	'2019-09-11',	1,	'2018-04-04 06:03:09',	'2019-06-03 11:53:19',	1,	'NSNT',	'[]',	0,	'9-examimage.jpeg',	NULL,	1),
(10,	' Fundamentals',	'fundamentals-56514734f3af5b4c300aeb3cbde243da5f80f366-7',	30,	3,	0,	0.00,	-1,	40.00,	0,	0.00,	2.00,	'',	1,	'',	20,	1,	'2019-04-04',	'2020-01-01',	1,	'2018-04-04 07:07:09',	'2018-04-04 07:07:31',	1,	'NSNT',	'[]',	0,	'10-examimage.jpeg',	NULL,	NULL),
(11,	'Fluid Mechanics',	'fluid-mechanics-62fd2efd2af587e03d55ae2c7e8a98fd0e02c81f-8',	60,	3,	1,	150.00,	20,	22.00,	0,	0.00,	2.00,	'',	1,	'',	11,	1,	'2019-06-03',	'2020-05-05',	1,	'2018-04-04 07:08:35',	'2019-06-03 11:49:51',	1,	'NSNT',	'[]',	0,	'11-examimage.png',	NULL,	1),
(12,	'Thermodynamics',	'thermodynamics-b7d789e1b3223850cb80d3b09d70604fda2ec42f-9',	60,	3,	0,	0.00,	-1,	40.00,	0,	0.00,	3.00,	'',	1,	'',	20,	1,	'2019-06-03',	'2020-05-14',	1,	'2018-04-04 07:10:25',	'2019-06-03 11:49:27',	1,	'NSNT',	'[]',	0,	'12-examimage.jpeg',	NULL,	1),
(13,	'Electricity and Magnetism',	'electricity-and-magnetism-6a1f813a2716c80b8650c762a6bfc2d68561c320-10',	40,	3,	0,	0.00,	-1,	34.00,	0,	0.00,	2.00,	'',	1,	'',	17,	1,	'2019-06-03',	'2019-12-26',	1,	'2018-04-04 07:14:20',	'2019-06-03 11:49:17',	1,	'NSNT',	'[]',	0,	'13-examimage.png',	NULL,	1),
(14,	'Oscillations',	'oscillations-aa1e28d08e2f94a40979e15f604e7fe8571f35e3-11',	60,	3,	0,	0.00,	-1,	74.00,	0,	0.00,	2.00,	'',	1,	'',	37,	1,	'2019-06-03',	'2019-11-20',	1,	'2018-04-04 07:16:02',	'2019-06-03 11:47:27',	1,	'NSNT',	'[]',	0,	'14-examimage.jpeg',	NULL,	1),
(15,	'Economy',	'economy-29d86e2f5534e1ded0c75d64169d713779c61a60-20',	30,	5,	1,	100.00,	20,	26.00,	0,	0.00,	2.00,	'',	1,	'',	13,	1,	'2019-06-03',	'2019-10-17',	1,	'2018-04-04 07:19:09',	'2019-06-03 11:46:59',	1,	'NSNT',	'[]',	0,	'15-examimage.jpeg',	NULL,	1),
(16,	'MATHS FORMULAS',	'maths-formulas-88fd2d154135417310e7c21a87962f6f592afb45-21',	30,	1,	1,	100.00,	30,	36.00,	0,	0.00,	2.00,	'',	1,	'',	18,	1,	'2019-06-03',	'2019-09-18',	1,	'2018-04-04 07:45:17',	'2019-06-04 05:05:23',	1,	'ST',	'{\"Easy\":{\"section_name\":\"Easy\",\"section_time\":\"3\",\"questions\":[21,22,23,24]},\"Medium\":{\"section_name\":\"Medium\",\"section_time\":\"4\",\"questions\":[25,26,27,28,34,35,36,37,38]},\"Hard\":{\"section_name\":\"Hard\",\"section_time\":\"3\",\"questions\":[29,30,31,32,33]}}',	0,	'16-examimage.jpeg',	NULL,	1),
(17,	'Physics Quiz',	'physics-quiz-3e82b03899d5bdae4a5a65ac28dda9a50dc01c6a-14',	60,	3,	1,	150.00,	30,	36.00,	0,	0.00,	2.00,	'',	1,	'',	18,	1,	'2019-06-03',	'2019-10-17',	1,	'2018-04-04 07:47:34',	'2019-06-03 11:47:52',	0,	'SNT',	'{\"Easy\":{\"section_name\":\"Easy\",\"section_time\":null,\"questions\":[70,71,72,73,74,75]},\"Medium\":{\"section_name\":\"Medium\",\"section_time\":null,\"questions\":[76,77,78,79]},\"Hard\":{\"section_name\":\"Hard\",\"section_time\":null,\"questions\":[80,81,82,83,84,85,86,87]}}',	0,	NULL,	NULL,	1),
(18,	'Physics Quiz -I',	'physics-quiz-i-5bf708f08c36509d5f75af71bfa3f5a4cb119336-15',	30,	3,	1,	200.00,	20,	36.00,	0,	0.00,	2.00,	'',	1,	'',	18,	1,	'2019-06-03',	'2019-10-16',	1,	'2018-04-04 09:32:42',	'2019-06-03 11:46:05',	0,	'ST',	'{\"Section_1\":{\"section_name\":\"Section 1\",\"section_time\":\"3\",\"questions\":[70,71,72,73,74,75,76,77,78,79,80,81,82,83,84,85,86,87]}}',	0,	NULL,	NULL,	1),
(19,	'REASONING',	'reasoning-c4127f5c6943b5eb0e2ade7e7d78701f7f8872a2-21',	30,	1,	0,	0.00,	-1,	55.00,	0,	0.00,	2.00,	'',	1,	'',	16,	1,	'2019-06-03',	'2019-09-19',	1,	'2018-04-04 11:39:10',	'2019-06-04 05:05:52',	1,	'NSNT',	'[]',	1,	'19-examimage.png',	'Hindi',	1),
(20,	'ALGEBRA',	'algebra-15153191d63ddf2a0f957c54c8706784de9c1b77-21',	30,	1,	1,	75.00,	10,	59.00,	0,	0.00,	3.00,	'',	1,	'',	18,	1,	'2019-06-03',	'2019-10-24',	1,	'2018-04-04 11:47:23',	'2019-06-04 05:06:15',	1,	'NSNT',	'[]',	1,	'20-examimage.jpeg',	'Hindi',	1),
(21,	'NUMBER SERIES',	'number-series-71deca59c162ea06cd63b2c7378521f2a4077400-21',	60,	1,	1,	100.00,	20,	51.00,	0,	0.00,	2.00,	'',	1,	'',	14,	1,	'2019-06-03',	'2019-09-19',	1,	'2018-04-04 11:51:07',	'2019-06-04 05:06:41',	1,	'NSNT',	'[]',	1,	'21-examimage.jpeg',	'Hindi',	1),
(22,	'REASONING - I ',	'reasoning-i-1c6d37990821d67793d48653346718fbab65b318-21',	50,	1,	0,	0.00,	-1,	55.00,	0,	0.00,	3.00,	'',	1,	'',	16,	1,	'2019-06-03',	'2019-09-11',	1,	'2018-04-04 11:59:48',	'2019-06-04 05:07:07',	1,	'NSNT',	'[]',	1,	'22-examimage.jpeg',	'Hindi',	1),
(23,	'Chemistry Basics',	'chemistry-basics-3c5a73f893b391c74ecf1cb37c7432208661883b-20',	50,	4,	0,	0.00,	-1,	22.00,	0,	0.00,	2.00,	'',	1,	'',	11,	1,	'2019-06-03',	'2019-10-17',	1,	'2018-04-04 13:50:27',	'2019-06-03 11:40:05',	1,	'NSNT',	'[]',	0,	'23-examimage.png',	NULL,	0),
(24,	'MATHJAX TEST',	'mathjax-test-b0b9c23961f1406914f5199afd972b33c84d3265-21',	30,	1,	0,	0.00,	-1,	21.00,	0,	0.00,	5.00,	'',	1,	'',	9,	1,	'2019-06-04',	'2019-12-20',	1,	'2019-06-04 04:25:22',	'2019-06-12 05:36:13',	1,	'NSNT',	'[]',	0,	'24-examimage.jpeg',	NULL,	1);

DROP TABLE IF EXISTS `quiz_questions`;
CREATE TABLE `quiz_questions` (
  `id` bigint(20) NOT NULL AUTO_INCREMENT,
  `quiz_id` int(10) DEFAULT NULL,
  `quiz_result_id` int(10) DEFAULT NULL,
  `student_id` int(10) DEFAULT NULL,
  `questions_data` longtext,
  `subjects_data` longtext,
  `is_exam_started` tinyint(2) NOT NULL DEFAULT '1',
  `is_exam_completed` tinyint(2) NOT NULL DEFAULT '0',
  `current_state` longtext,
  `current_hour` int(11) DEFAULT NULL,
  `current_minute` int(11) DEFAULT NULL,
  `current_second` int(11) DEFAULT NULL,
  `current_question_id` int(11) DEFAULT NULL,
  `created_at` timestamp NOT NULL DEFAULT CURRENT_TIMESTAMP ON UPDATE CURRENT_TIMESTAMP,
  `updated_at` timestamp NOT NULL DEFAULT '0000-00-00 00:00:00',
  PRIMARY KEY (`id`)
) ENGINE=InnoDB DEFAULT CHARSET=utf8;

INSERT INTO `quiz_questions` (`id`, `quiz_id`, `quiz_result_id`, `student_id`, `questions_data`, `subjects_data`, `is_exam_started`, `is_exam_completed`, `current_state`, `current_hour`, `current_minute`, `current_second`, `current_question_id`, `created_at`, `updated_at`) VALUES
(1,	2,	NULL,	7,	'[{\"id\":58,\"subject_id\":\"1\",\"topic_id\":\"1\",\"question_tags\":\"\",\"slug\":\"dd46e7b30feb155034f81349a7129be39b5e8e89-57\",\"question_type\":\"radio\",\"question\":\"<p>Foremost :<\\/p>\\r\\n\",\"question_file\":\"\",\"question_file_is_url\":\"0\",\"total_answers\":\"2\",\"answers\":\"[{\\\"option_value\\\":\\\"Hindmost\\\",\\\"optionl2_value\\\":\\\"\\\\u0935\\\\u0949\\\\u0928 \\\\u0928\\\\u094d\\\\u092f\\\\u0942\\\\u092e\\\\u0947\\\\u0928\\\",\\\"has_file\\\":0,\\\"file_name\\\":\\\"\\\"},{\\\"option_value\\\":\\\"Unimportant    \\\",\\\"optionl2_value\\\":\\\" \\\\u091c\\\\u0947 \\\\u090f\\\\u0938 \\\\u0915\\\\u093f\\\\u0932\\\\u094d\\\\u092c\\\\u0940\\\",\\\"has_file\\\":0,\\\"file_name\\\":\\\"\\\"}]\",\"total_correct_answers\":\"1\",\"correct_answers\":\"1\",\"marks\":\"2\",\"time_to_spend\":\"10\",\"difficulty_level\":\"easy\",\"hint\":\"No  hint\",\"explanation\":\"<p>No Explanation<\\/p>\\r\\n\",\"explanation_file\":null,\"status\":\"1\",\"created_at\":\"2018-04-03 11:21:18\",\"updated_at\":\"2018-04-03 11:21:18\",\"question_l2\":\"<p>\\u0915\\u0902\\u092a\\u094d\\u092f\\u0942\\u091f\\u0930 \\u0915\\u0947 \\u0906\\u0935\\u093f\\u0937\\u094d\\u0915\\u093e\\u0930\\u0915 \\u0915\\u094c\\u0928 \\u0939\\u0948\\u0902 ?<\\/p>\\r\\n\\r\\n<ul>\\r\\n<\\/ul>\\r\\n\",\"explanation_l2\":\"<p>\\u0915\\u0902\\u092a\\u094d\\u092f\\u0942\\u091f\\u0930 \\u0915\\u0947 \\u0906\\u0935\\u093f\\u0937\\u094d\\u0915\\u093e\\u0930\\u0915 \\u0915\\u094c\\u0928 \\u0939\\u0948\\u0902 ?<\\/p>\\r\\n\\r\\n<ul>\\r\\n<\\/ul>\\r\\n\"},{\"id\":59,\"subject_id\":\"1\",\"topic_id\":\"1\",\"question_tags\":\"\",\"slug\":\"22c934ecb7a8d4c1a10c6b03263861ad834dd0dd-58\",\"question_type\":\"radio\",\"question\":\"<h2>&nbsp;<\\/h2>\\r\\n\\r\\n<p>Protects :<\\/p>\\r\\n\",\"question_file\":\"\",\"question_file_is_url\":\"0\",\"total_answers\":\"2\",\"answers\":\"[{\\\"option_value\\\":\\\"Deprives    \\\",\\\"optionl2_value\\\":\\\" \\\\u091a\\\\u093e\\\\u0930\\\\u094d\\\\u0932\\\\u094d\\\\u0938 \\\\u092c\\\\u0948\\\\u092c\\\\u0947\\\\u091c\\\",\\\"has_file\\\":0,\\\"file_name\\\":\\\"\\\"},{\\\"option_value\\\":\\\"Deserts  \\\",\\\"optionl2_value\\\":\\\"\\\\u0907\\\\u0928\\\\u092e\\\\u0947\\\\u0902 \\\\u0938\\\\u0947 \\\\u0915\\\\u094b\\\\u0908 \\\\u0928\\\\u0939\\\\u0940\\\\u0902\\\",\\\"has_file\\\":0,\\\"file_name\\\":\\\"\\\"}]\",\"total_correct_answers\":\"1\",\"correct_answers\":\"1\",\"marks\":\"2\",\"time_to_spend\":\"10\",\"difficulty_level\":\"easy\",\"hint\":\"No  hint\",\"explanation\":\"<p>No Explanation<\\/p>\\r\\n\",\"explanation_file\":null,\"status\":\"1\",\"created_at\":\"2018-04-03 11:23:11\",\"updated_at\":\"2018-04-03 11:23:11\",\"question_l2\":\"<p>\\u0938\\u092c\\u0938\\u0947 \\u092a\\u0939\\u0932\\u093e \\u0915\\u0902\\u092a\\u094d\\u092f\\u0942\\u091f\\u0930 \\u0915\\u093e \\u0928\\u093e\\u092e \\u0915\\u094d\\u092f\\u093e \\u0925\\u093e ?<\\/p>\\r\\n\",\"explanation_l2\":\"<p>\\u0938\\u092c\\u0938\\u0947 \\u092a\\u0939\\u0932\\u093e \\u0915\\u0902\\u092a\\u094d\\u092f\\u0942\\u091f\\u0930 \\u0915\\u093e \\u0928\\u093e\\u092e \\u0915\\u094d\\u092f\\u093e \\u0925\\u093e ?<\\/p>\\r\\n\"},{\"id\":60,\"subject_id\":\"1\",\"topic_id\":\"1\",\"question_tags\":\"\",\"slug\":\"739c535d2b8cd06dbf40538bcf91839b8c488c59-59\",\"question_type\":\"checkbox\",\"question\":\"<h2>&nbsp;<\\/h2>\\r\\n\\r\\n<p>Find the correctly spelt word.<\\/p>\\r\\n\",\"question_file\":\"\",\"question_file_is_url\":\"0\",\"total_answers\":\"3\",\"answers\":\"[{\\\"option_value\\\":\\\"Adulation  \\\",\\\"optionl2_value\\\":\\\"\\\\u0917\\\\u0923\\\\u0928\\\\u093e \\\\u0915\\\\u0930\\\\u0928\\\\u0947\\\\u0935\\\\u093e\\\\u0932\\\\u093e\\\",\\\"has_file\\\":0,\\\"file_name\\\":\\\"\\\"},{\\\"option_value\\\":\\\"Adlation     \\\",\\\"optionl2_value\\\":\\\"\\\\u0938\\\\u0902\\\\u0917\\\\u0923\\\\u0915\\\",\\\"has_file\\\":0,\\\"file_name\\\":\\\"\\\"},{\\\"option_value\\\":\\\"Aduletion\\\",\\\"optionl2_value\\\":\\\"\\\\u0939\\\\u093f\\\\u0938\\\\u093e\\\\u092c \\\\u0932\\\\u0917\\\\u093e\\\\u0928\\\\u0947\\\\u0935\\\\u093e\\\\u0932\\\\u093e\\\",\\\"has_file\\\":0,\\\"file_name\\\":\\\"\\\"}]\",\"total_correct_answers\":\"2\",\"correct_answers\":\"[{\\\"answer\\\":\\\"1\\\"},{\\\"answer\\\":\\\"3\\\"}]\",\"marks\":\"2\",\"time_to_spend\":\"12\",\"difficulty_level\":\"easy\",\"hint\":\"Hint\",\"explanation\":\"<p>&nbsp;<\\/p>\\r\\n\\r\\n<p>Explanation<\\/p>\\r\\n\\r\\n<p>&nbsp;<\\/p>\\r\\n\",\"explanation_file\":null,\"status\":\"1\",\"created_at\":\"2018-04-03 11:25:58\",\"updated_at\":\"2018-04-03 11:25:58\",\"question_l2\":\"<p>&nbsp;\\u0915\\u0902\\u092a\\u094d\\u092f\\u0942\\u091f\\u0930 \\u0915\\u093e \\u0939\\u093f\\u0928\\u094d\\u0926\\u0940 \\u0928\\u093e\\u092e \\u0915\\u094d\\u092f\\u093e \\u0939\\u0948 ?<\\/p>\\r\\n\\r\\n<ul>\\r\\n<\\/ul>\\r\\n\",\"explanation_l2\":\"<p>&nbsp;\\u0915\\u0902\\u092a\\u094d\\u092f\\u0942\\u091f\\u0930 \\u0915\\u093e \\u0939\\u093f\\u0928\\u094d\\u0926\\u0940 \\u0928\\u093e\\u092e \\u0915\\u094d\\u092f\\u093e \\u0939\\u0948 ?<\\/p>\\r\\n\\r\\n<ul>\\r\\n<\\/ul>\\r\\n\"},{\"id\":61,\"subject_id\":\"1\",\"topic_id\":\"1\",\"question_tags\":\"\",\"slug\":\"04ec285afd16a1c9c8d08c25fcc3d8f7ac44872e-60\",\"question_type\":\"checkbox\",\"question\":\"<p>Find the correct spelt word.<\\/p>\\r\\n\",\"question_file\":\"\",\"question_file_is_url\":\"0\",\"total_answers\":\"3\",\"answers\":\"[{\\\"option_value\\\":\\\"Adulterate\\\",\\\"optionl2_value\\\":\\\" \\\\u0926\\\\u093f\\\\u0938\\\\u092e\\\\u094d\\\\u092c\\\\u0930\\\",\\\"has_file\\\":0,\\\"file_name\\\":\\\"\\\"},{\\\"option_value\\\":\\\"Adeldurate  \\\",\\\"optionl2_value\\\":\\\"\\\\u0926\\\\u093f\\\\u0938\\\\u092e\\\\u094d\\\\u092c\\\\u0930\\\",\\\"has_file\\\":0,\\\"file_name\\\":\\\"\\\"},{\\\"option_value\\\":\\\"Adulterat\\\",\\\"optionl2_value\\\":\\\"\\\\u0926\\\\u093f\\\\u0938\\\\u092e\\\\u094d\\\\u092c\\\\u0930\\\",\\\"has_file\\\":0,\\\"file_name\\\":\\\"\\\"}]\",\"total_correct_answers\":\"2\",\"correct_answers\":\"[{\\\"answer\\\":\\\"1\\\"},{\\\"answer\\\":\\\"3\\\"}]\",\"marks\":\"2\",\"time_to_spend\":\"12\",\"difficulty_level\":\"easy\",\"hint\":\"Hint\",\"explanation\":\"<p>&nbsp;<\\/p>\\r\\n\\r\\n<p>Explanation<\\/p>\\r\\n\\r\\n<p>&nbsp;<\\/p>\\r\\n\",\"explanation_file\":null,\"status\":\"1\",\"created_at\":\"2018-04-03 11:27:57\",\"updated_at\":\"2018-04-03 11:27:57\",\"question_l2\":\"<p>&nbsp;\\u0915\\u0902\\u092a\\u094d\\u092f\\u0942\\u091f\\u0930 \\u0938\\u093e\\u0915\\u094d\\u0937\\u0930\\u0924\\u093e \\u0926\\u093f\\u0935\\u0938 \\u0915\\u092c \\u092e\\u0928\\u093e\\u092f\\u093e \\u091c\\u093e\\u0924\\u093e \\u0939\\u0948 ?<\\/p>\\r\\n\",\"explanation_l2\":\"<p>&nbsp;\\u0915\\u0902\\u092a\\u094d\\u092f\\u0942\\u091f\\u0930 \\u0938\\u093e\\u0915\\u094d\\u0937\\u0930\\u0924\\u093e \\u0926\\u093f\\u0935\\u0938 \\u0915\\u092c \\u092e\\u0928\\u093e\\u092f\\u093e \\u091c\\u093e\\u0924\\u093e \\u0939\\u0948 ?<\\/p>\\r\\n\"},{\"id\":62,\"subject_id\":\"1\",\"topic_id\":\"1\",\"question_tags\":\"\",\"slug\":\"8c7824d8d688841105fbf9bb05cbe762ab83a058-61\",\"question_type\":\"blanks\",\"question\":\"<p>Extreme old age when a man behaves like a fool<\\/p>\\r\\n\",\"question_file\":\"\",\"question_file_is_url\":\"0\",\"total_answers\":\"0\",\"answers\":\"[]\",\"total_correct_answers\":\"1\",\"correct_answers\":\"[{\\\"answer\\\":\\\"Dotage  \\\"}]\",\"marks\":\"2\",\"time_to_spend\":\"12\",\"difficulty_level\":\"easy\",\"hint\":\"Hint\",\"explanation\":\"<p>Explanation<\\/p>\\r\\n\",\"explanation_file\":null,\"status\":\"1\",\"created_at\":\"2018-04-03 11:30:02\",\"updated_at\":\"2018-04-03 11:30:02\",\"question_l2\":\"<p>\\u0907\\u0928\\u092e\\u0947\\u0902 \\u0938\\u0947 \\u0915\\u094c\\u0928 \\u0938\\u0930\\u094d\\u091a \\u0907\\u0902\\u091c\\u0928 \\u0928\\u0939\\u0940\\u0902 \\u0939\\u0948 ?<\\/p>\\r\\n\",\"explanation_l2\":\"<p>\\u0907\\u0928\\u092e\\u0947\\u0902 \\u0938\\u0947 \\u0915\\u094c\\u0928 \\u0938\\u0930\\u094d\\u091a \\u0907\\u0902\\u091c\\u0928 \\u0928\\u0939\\u0940\\u0902 \\u0939\\u0948 ?<\\/p>\\r\\n\"},{\"id\":63,\"subject_id\":\"1\",\"topic_id\":\"1\",\"question_tags\":\"\",\"slug\":\"e3edb89178183e97863211d2dd856aa2d0101f53-62\",\"question_type\":\"blanks\",\"question\":\"<p>That which cannot be corrected<\\/p>\\r\\n\",\"question_file\":\"\",\"question_file_is_url\":\"0\",\"total_answers\":\"0\",\"answers\":\"[]\",\"total_correct_answers\":\"1\",\"correct_answers\":\"[{\\\"answer\\\":\\\"Incorrigible  \\\"}]\",\"marks\":\"21\",\"time_to_spend\":\"10\",\"difficulty_level\":\"easy\",\"hint\":\"Hint\",\"explanation\":\"<p>&nbsp;<\\/p>\\r\\n\\r\\n<p>Explanation<\\/p>\\r\\n\\r\\n<p>&nbsp;<\\/p>\\r\\n\",\"explanation_file\":null,\"status\":\"1\",\"created_at\":\"2018-04-03 11:31:32\",\"updated_at\":\"2018-04-03 11:31:32\",\"question_l2\":\"<p>&nbsp;\\u0928\\u093f\\u092e\\u094d\\u0928 \\u092e\\u0947\\u0902 \\u0915\\u094c\\u0928 \\u0907\\u0928\\u092a\\u0941\\u091f \\u0907\\u0915\\u093e\\u0908 \\u0939\\u0948 ?<\\/p>\\r\\n\\r\\n<ul>\\r\\n<\\/ul>\\r\\n\",\"explanation_l2\":\"<p>&nbsp;\\u0928\\u093f\\u092e\\u094d\\u0928 \\u092e\\u0947\\u0902 \\u0915\\u094c\\u0928 \\u0907\\u0928\\u092a\\u0941\\u091f \\u0907\\u0915\\u093e\\u0908 \\u0939\\u0948 ?<\\/p>\\r\\n\\r\\n<ul>\\r\\n<\\/ul>\\r\\n\"},{\"id\":64,\"subject_id\":\"1\",\"topic_id\":\"1\",\"question_tags\":\"\",\"slug\":\"013953e88bfed81691ce2a0e4731e1a833469fa9-63\",\"question_type\":\"match\",\"question\":\"<p>Match the Following :<\\/p>\\r\\n\",\"question_file\":\"\",\"question_file_is_url\":\"0\",\"total_answers\":\"4\",\"answers\":\"{\\\"left\\\":{\\\"title\\\":\\\"List I\\\",\\\"titlel2\\\":\\\"\\\\u0930\\\\u093e\\\\u0937\\\\u094d\\\\u091f\\\\u094d\\\\u0930\\\\u0940\\\\u092f I\\\",\\\"options\\\":[\\\"Hindmost\\\",\\\"Unimportant\\\",\\\"Disposed\\\",\\\"Mature\\\"],\\\"optionsl2\\\":[\\\"\\\\u0928\\\\u093e\\\\u0917\\\\u092a\\\\u0941\\\\u0930\\\",\\\"\\\\u092d\\\\u094b\\\\u092a\\\\u093e\\\\u0932\\\",\\\"\\\\u0906\\\\u0917\\\\u094d\\\\u0930\\\\u093e\\\",\\\"\\\\u0905\\\\u0939\\\\u092e\\\\u0926\\\\u093e\\\\u092c\\\\u093e\\\\u0926\\\"]},\\\"right\\\":{\\\"title\\\":\\\"List II\\\",\\\"titlel2\\\":\\\"\\\\u0930\\\\u093e\\\\u0937\\\\u094d\\\\u091f\\\\u094d\\\\u0930\\\\u0940\\\\u092f II\\\",\\\"options\\\":[\\\"Defends\\\",\\\"Deprives\\\",\\\"Deserts\\\",\\\"Devises\\\"],\\\"optionsl2\\\":[\\\"\\\\u092e\\\\u094b\\\\u0939\\\\u0928 \\\\u092d\\\\u093e\\\\u0917\\\\u0935\\\\u0924\\\",\\\"\\\\u0905\\\\u091f\\\\u0932 \\\\u092c\\\\u093f\\\\u0939\\\\u093e\\\\u0930\\\\u0940 \\\\u0935\\\\u093e\\\\u091c\\\\u092a\\\\u0947\\\\u092f\\\\u0940\\\",\\\"\\\\u092e\\\\u094b\\\\u0930\\\\u093e\\\\u0930\\\\u091c\\\\u0940 \\\\u0926\\\\u0947\\\\u0938\\\\u093e\\\\u0908\\\",\\\"\\\\u0915\\\\u0947\\\\u0936\\\\u0935 \\\\u092c\\\\u0932\\\\u093f\\\\u0930\\\\u093e\\\\u092e \\\\u0939\\\\u0947\\\\u0921\\\\u0917\\\\u0947\\\\u0935\\\\u093e\\\\u0930\\\"]}}\",\"total_correct_answers\":\"4\",\"correct_answers\":\"[{\\\"answer\\\":\\\"1\\\"},{\\\"answer\\\":\\\"2\\\"},{\\\"answer\\\":\\\"3\\\"},{\\\"answer\\\":\\\"4\\\"}]\",\"marks\":\"2\",\"time_to_spend\":\"20\",\"difficulty_level\":\"easy\",\"hint\":\"Hint\",\"explanation\":\"<p>Explanation<\\/p>\\r\\n\",\"explanation_file\":null,\"status\":\"1\",\"created_at\":\"2018-04-03 11:36:07\",\"updated_at\":\"2018-04-03 11:36:07\",\"question_l2\":\"<p>\\u0930\\u093e\\u0937\\u094d\\u091f\\u094d\\u0930\\u0940\\u092f \\u0938\\u094d\\u0935\\u092f\\u0902\\u0938\\u0947\\u0935\\u0915 \\u0938\\u0902\\u0918 \\u0915\\u093e \\u092e\\u0941\\u0916\\u094d\\u092f\\u093e\\u0932\\u092f \\u0915\\u0939\\u093e\\u0901 \\u0939\\u0948 ?<\\/p>\\r\\n\",\"explanation_l2\":\"<p>\\u0930\\u093e\\u0937\\u094d\\u091f\\u094d\\u0930\\u0940\\u092f \\u0938\\u094d\\u0935\\u092f\\u0902\\u0938\\u0947\\u0935\\u0915 \\u0938\\u0902\\u0918 \\u0915\\u093e \\u092e\\u0941\\u0916\\u094d\\u092f\\u093e\\u0932\\u092f \\u0915\\u0939\\u093e\\u0901 \\u0939\\u0948 ?<\\/p>\\r\\n\"},{\"id\":65,\"subject_id\":\"1\",\"topic_id\":\"1\",\"question_tags\":\"\",\"slug\":\"22ba417448fcdf33a34e8b6331fc37c732927a53-64\",\"question_type\":\"match\",\"question\":\"<p>Match the Following :<\\/p>\\r\\n\\r\\n<p>&nbsp;<\\/p>\\r\\n\",\"question_file\":\"\",\"question_file_is_url\":\"0\",\"total_answers\":\"3\",\"answers\":\"{\\\"left\\\":{\\\"title\\\":\\\"List I\\\",\\\"titlel2\\\":\\\"\\\\u0932\\\\u093f\\\\u0938\\\\u094d\\\\u091f\\\\u094d I\\\",\\\"options\\\":[\\\"Wonderful\\\",\\\"Graceful\\\",\\\"Ugly\\\"],\\\"optionsl2\\\":[\\\"\\\\u0915\\\\u0947\\\\u0928\\\\u094d\\\\u0926\\\\u094d\\\\u0930 \\\\u0906\\\\u092f\\\\u094b\\\\u0917\\\",\\\"\\\\u0906\\\\u092f\\\\u094b\\\\u0917\\\",\\\"\\\\u092e\\\\u0941\\\\u0916\\\\u0930\\\\u094d\\\\u091c\\\\u0940\\\"]},\\\"right\\\":{\\\"title\\\":\\\"List II\\\",\\\"titlel2\\\":\\\"\\\\u0932\\\\u093f\\\\u0938\\\\u094d\\\\u091f\\\\u094d II\\\",\\\"options\\\":[\\\" Handsome\\\",\\\"Marvelous\\\",\\\"Wonderful\\\"],\\\"optionsl2\\\":[\\\"\\\\u0928\\\\u0940\\\\u0924\\\\u093f\\\",\\\"\\\\u0906\\\\u092f\\\\u094b\\\\u0917\\\",\\\"\\\\u0905\\\\u0928\\\\u094d\\\\u092f\\\"]}}\",\"total_correct_answers\":\"3\",\"correct_answers\":\"[{\\\"answer\\\":\\\"2\\\"},{\\\"answer\\\":\\\"2\\\"},{\\\"answer\\\":\\\"3\\\"}]\",\"marks\":\"2\",\"time_to_spend\":\"20\",\"difficulty_level\":\"easy\",\"hint\":\"Hint\",\"explanation\":\"<p>Explanation<\\/p>\\r\\n\",\"explanation_file\":null,\"status\":\"1\",\"created_at\":\"2018-04-03 11:40:04\",\"updated_at\":\"2018-04-03 11:40:04\",\"question_l2\":\"<p>\\u092d\\u093e\\u0930\\u0924\\u0940\\u092f \\u091c\\u0928\\u0924\\u093e \\u092a\\u093e\\u0930\\u094d\\u091f\\u0940 \\u0915\\u093e \\u092e\\u0941\\u0916\\u094d\\u092f\\u093e\\u0932\\u092f \\u0915\\u0939\\u093e\\u0901 \\u0939\\u0948 ?<\\/p>\\r\\n\",\"explanation_l2\":\"<p>\\u092d\\u093e\\u0930\\u0924\\u0940\\u092f \\u091c\\u0928\\u0924\\u093e \\u092a\\u093e\\u0930\\u094d\\u091f\\u0940 \\u0915\\u093e \\u092e\\u0941\\u0916\\u094d\\u092f\\u093e\\u0932\\u092f \\u0915\\u0939\\u093e\\u0901 \\u0939\\u0948 ?<\\/p>\\r\\n\"},{\"id\":66,\"subject_id\":\"1\",\"topic_id\":\"1\",\"question_tags\":\"\",\"slug\":\"24bade660d7d858276679d94a76258e011f5cd21-65\",\"question_type\":\"para\",\"question\":\"<p>Rearrange the following five sentences in proper sequence so as to for a meaningful paragraph, then answer the questions given below them.<\\/p>\\r\\n\",\"question_file\":\"\",\"question_file_is_url\":\"0\",\"total_answers\":\"2\",\"answers\":\"[{\\\"question\\\":\\\"Which sentence should come third in the paragraph?\\\",\\\"questionl2\\\":\\\"\\\\u092d\\\\u093e\\\\u0930\\\\u0924 \\\\u0915\\\\u0947 \\\\u0915\\\\u093f\\\\u0938 \\\\u0938\\\\u092e\\\\u093e\\\\u091a\\\\u093e\\\\u0930-\\\\u092a\\\\u0924\\\\u094d\\\\u0930 \\\\u0915\\\\u094b \\\\u092f\\\\u0942\\\\u0928\\\\u0947\\\\u0938\\\\u094d\\\\u0915\\\\u094b \\\\u0915\\\\u093f\\\\u0902\\\\u0917 \\\\u0938\\\\u0947\\\\u0902\\\\u091c\\\\u094b\\\\u0902\\\\u0917 \\\\u092a\\\\u0941\\\\u0930\\\\u0938\\\\u094d\\\\u0915\\\\u093e\\\\u0930-2009 \\\\u092e\\\\u093f\\\\u0932\\\\u093e ?\\\",\\\"total_options\\\":\\\"2\\\",\\\"options\\\":[[\\\"After Examining him, the doctor smiled at him mischievously and took out a syringe.\\\",\\\"Thinking that he was really sick, his father summoned the family doctor.\\\"]],\\\"optionsl2\\\":[[\\\"\\\\u0916\\\\u092c\\\\u0930 \\\\u0932\\\\u0939\\\\u0930\\\\u093f\\\\u092f\\\\u093e\\\",\\\"\\\\u0926\\\\u0948\\\\u0928\\\\u093f\\\\u0915 \\\\u0939\\\\u093f\\\\u0928\\\\u094d\\\\u0926\\\\u0941\\\\u0938\\\\u094d\\\\u0924\\\\u093e\\\\u0928\\\"]]},{\\\"question\\\":\\\"Which sentence should come last in the paragraph?\\\",\\\"questionl2\\\":\\\"\\\\u0905\\\\u092a\\\\u094d\\\\u0930\\\\u0948\\\\u09322015 \\\\u092e\\\\u0947\\\\u0902 \\\\u0915\\\\u093f\\\\u0938 \\\\u092d\\\\u093e\\\\u0930\\\\u0924\\\\u0940\\\\u092f \\\\u092c\\\\u0948\\\\u0902\\\\u0915 \\\\u0928\\\\u0947 \'\\\\u090f\\\\u0936\\\\u093f\\\\u092f\\\\u0928 \\\\u092c\\\\u0948\\\\u0902\\\\u0915\\\\u0930 \\\\u0905\\\\u091a\\\\u0940\\\\u0935\\\\u092e\\\\u0947\\\\u0902\\\\u091f \\\\u092a\\\\u0941\\\\u0930\\\\u0938\\\\u094d\\\\u0915\\\\u093e\\\\u0930\' 2015 \\\\u091c\\\\u0940\\\\u0924\\\\u093e \\\\u0939\\\\u0948?\\\",\\\"total_options\\\":\\\"2\\\",\\\"options\\\":{\\\"1\\\":[\\\"Therefor; he pretended to be sick and remained in bed.\\\",\\\"Immediately, Mintu jumped up from his bed and swore the he was fine\\\"]},\\\"optionsl2\\\":{\\\"1\\\":[\\\" \\\\u092a\\\\u0902\\\\u091c\\\\u093e\\\\u092c \\\\u0928\\\\u0947\\\\u0936\\\\u0928\\\\u0932 \\\\u092c\\\\u0948\\\\u0902\\\\u0915\\\",\\\" \\\\u092d\\\\u093e\\\\u0930\\\\u0924\\\\u0940\\\\u092f \\\\u092e\\\\u0939\\\\u093f\\\\u0932\\\\u093e \\\\u092c\\\\u0948\\\\u0902\\\\u0915\\\"]}}]\",\"total_correct_answers\":\"2\",\"correct_answers\":\"[{\\\"answer\\\":\\\"1\\\"},{\\\"answer\\\":\\\"1\\\"}]\",\"marks\":\"2\",\"time_to_spend\":\"20\",\"difficulty_level\":\"easy\",\"hint\":\"Hint\",\"explanation\":\"<p>Explanation<\\/p>\\r\\n\",\"explanation_file\":null,\"status\":\"1\",\"created_at\":\"2018-04-03 11:44:34\",\"updated_at\":\"2018-04-03 11:44:34\",\"question_l2\":\"<p>&nbsp;\\u092a\\u094d\\u0930\\u0927\\u093e\\u0928\\u092e\\u0902\\u0924\\u094d\\u0930\\u0940 \\u0928\\u0930\\u0947\\u0928\\u094d\\u0926\\u094d\\u0930 \\u092e\\u094b\\u0926\\u0940 \\u0928\\u0947 \\u0928\\u093e\\u0917\\u0930\\u093f\\u0915\\u094b\\u0902 \\u0915\\u0940 \\u0938\\u092e\\u0938\\u094d\\u092f\\u093e\\u0913\\u0902 \\u0915\\u0947 \\u0928\\u093f\\u0935\\u093e\\u0930\\u0923 \\u0915\\u0947 \\u0932\\u093f\\u090f \\u090f\\u0915 \\u092c\\u0939\\u0942-\\u0909\\u0926\\u094d\\u0926\\u0947\\u0936\\u0940\\u092f \\u0908-\\u0917\\u0935\\u0930\\u094d\\u0928\\u0947\\u0902\\u0938 \\u092a\\u094d\\u0932\\u0947\\u091f\\u092b\\u093e\\u0930\\u094d\\u092e \\u0936\\u0941\\u0930\\u0942 \\u0915\\u093f\\u092f\\u093e \\u0939\\u0948, \\u0907\\u0938 \\u092a\\u094d\\u0932\\u0947\\u091f\\u092b\\u093e\\u0930\\u094d\\u092e \\u0915\\u094b \\u0915\\u094d\\u092f\\u093e \\u0928\\u093e\\u092e \\u0926\\u093f\\u092f\\u093e \\u0917\\u092f\\u093e \\u0939\\u0948?<\\/p>\\r\\n\",\"explanation_l2\":\"<p>&nbsp;\\u092a\\u094d\\u0930\\u0927\\u093e\\u0928\\u092e\\u0902\\u0924\\u094d\\u0930\\u0940 \\u0928\\u0930\\u0947\\u0928\\u094d\\u0926\\u094d\\u0930 \\u092e\\u094b\\u0926\\u0940 \\u0928\\u0947 \\u0928\\u093e\\u0917\\u0930\\u093f\\u0915\\u094b\\u0902 \\u0915\\u0940 \\u0938\\u092e\\u0938\\u094d\\u092f\\u093e\\u0913\\u0902 \\u0915\\u0947 \\u0928\\u093f\\u0935\\u093e\\u0930\\u0923 \\u0915\\u0947 \\u0932\\u093f\\u090f \\u090f\\u0915 \\u092c\\u0939\\u0942-\\u0909\\u0926\\u094d\\u0926\\u0947\\u0936\\u0940\\u092f \\u0908-\\u0917\\u0935\\u0930\\u094d\\u0928\\u0947\\u0902\\u0938 \\u092a\\u094d\\u0932\\u0947\\u091f\\u092b\\u093e\\u0930\\u094d\\u092e \\u0936\\u0941\\u0930\\u0942 \\u0915\\u093f\\u092f\\u093e \\u0939\\u0948, \\u0907\\u0938 \\u092a\\u094d\\u0932\\u0947\\u091f\\u092b\\u093e\\u0930\\u094d\\u092e \\u0915\\u094b \\u0915\\u094d\\u092f\\u093e \\u0928\\u093e\\u092e \\u0926\\u093f\\u092f\\u093e \\u0917\\u092f\\u093e \\u0939\\u0948?<\\/p>\\r\\n\"},{\"id\":67,\"subject_id\":\"1\",\"topic_id\":\"1\",\"question_tags\":\"\",\"slug\":\"dc0568ca77c9723a7ccd59f15c8119a8c96bba37-66\",\"question_type\":\"para\",\"question\":\"<p>Rearrange the following five sentences in proper sequence to form a meaningful paragraph, then answer the questions given below.<\\/p>\\r\\n\",\"question_file\":\"\",\"question_file_is_url\":\"0\",\"total_answers\":\"2\",\"answers\":\"[{\\\"question\\\":\\\"Which of the sentences should come second in the paragraph ?\\\",\\\"questionl2\\\":\\\"\\\\u0939\\\\u093e\\\\u0932 \\\\u092e\\\\u0947\\\\u0902 \\\\u0926\\\\u093f\\\\u0902\\\\u0935\\\\u0917\\\\u0924 \\\\u0939\\\\u0941\\\\u090f \\\\u092e\\\\u0932\\\\u094d\\\\u0932\\\\u0940 \\\\u092e\\\\u0938\\\\u094d\\\\u0924\\\\u093e\\\\u0928 \\\\u092c\\\\u093e\\\\u092c\\\\u0942 \\\\u0915\\\\u093e \\\\u0938\\\\u092e\\\\u094d\\\\u092c\\\\u0928\\\\u094d\\\\u0927 \\\\u0928\\\\u093f\\\\u092e\\\\u094d\\\\u0928 \\\\u092e\\\\u0947\\\\u0902 \\\\u0938\\\\u0947 \\\\u0915\\\\u093f\\\\u0938 \\\\u0915\\\\u094d\\\\u0937\\\\u0947\\\\u0924\\\\u094d\\\\u0930 \\\\u0938\\\\u0947 \\\\u0925\\\\u093e?\\\",\\\"total_options\\\":\\\"2\\\",\\\"options\\\":[[\\\"A Study to this effects suggests that the average white-collar worker demonstrates only about 25% listening efficiency.\\\",\\\"However for trained and good listeners it is not unusual to use all the three approaches during a setting, thus improving listening efficiency.\\\"]],\\\"optionsl2\\\":[[\\\"\\\\u0915\\\\u0941\\\\u0936\\\\u094d\\\\u0924\\\\u0940\\\",\\\"\\\\u0935\\\\u093e\\\\u0932\\\\u0940\\\\u092c\\\\u093e\\\\u0932\\\"]]},{\\\"question\\\":\\\"Which of the sentences should come fourth in the paragraph ?\\\",\\\"questionl2\\\":\\\"\\\\u0932 \\\\u092e\\\\u0947\\\\u0902 \\\\u0926\\\\u093f\\\\u0902\\\\u0935\\\\u0917\\\\u0924 \\\\u0939\\\\u0941\\\\u090f \\\\u092e\\\\u0932\\\\u094d\\\\u0932\\\\u0940 \\\\u092e\\\\u0938\\\\u094d\\\\u0924\\\\u093e\\\\u0928 \\\\u092c\\\\u093e\\\\u092c\\\\u0942 \\\\u0915\\\\u093e \\\\u0938\\\\u092e\\\\u094d\\\\u092c\\\\u0928\\\\u094d\\\\u0927 \\\\u0928\\\\u093f\\\\u092e\\\\u094d\\\\u0928 \\\\u092e\\\\u0947\\\\u0902 \\\\u0938\\\\u0947 \\\\u0915\\\\u093f\\\\u0938 \\\\u0915\\\\u094d\\\\u0937\\\\u0947\\\\u0924\\\\u094d\\\\u0930 \\\\u0938\\\\u0947 \\\\u0925\\\\u093e?\\\",\\\"total_options\\\":\\\"2\\\",\\\"options\\\":{\\\"1\\\":[\\\"Although we spend nearly half of each communication interaction listening, we do not listen well.\\\",\\\"Each approach has a particular emphasis that may help us to receive and process informationin different settings.\\\"]},\\\"optionsl2\\\":{\\\"1\\\":[\\\"\\\\u0915\\\\u0941\\\\u0936\\\\u094d\\\\u0924\\\\u0940\\\",\\\"\\\\u0935\\\\u093e\\\\u0932\\\\u0940\\\\u092c\\\\u093e\\\\u0932\\\"]}}]\",\"total_correct_answers\":\"2\",\"correct_answers\":\"[{\\\"answer\\\":\\\"1\\\"},{\\\"answer\\\":\\\"1\\\"}]\",\"marks\":\"2\",\"time_to_spend\":\"20\",\"difficulty_level\":\"easy\",\"hint\":\" No Hint \",\"explanation\":\"<p>No Explanation<\\/p>\\r\\n\",\"explanation_file\":null,\"status\":\"1\",\"created_at\":\"2018-04-03 11:49:23\",\"updated_at\":\"2018-04-03 11:49:23\",\"question_l2\":\"<p>\\u0939\\u093e\\u0932 \\u092e\\u0947\\u0902 \\u0926\\u093f\\u0902\\u0935\\u0917\\u0924 \\u0939\\u0941\\u090f \\u092e\\u0932\\u094d\\u0932\\u0940 \\u092e\\u0938\\u094d\\u0924\\u093e\\u0928 \\u092c\\u093e\\u092c\\u0942 \\u0915\\u093e \\u0938\\u092e\\u094d\\u092c\\u0928\\u094d\\u0927 \\u0928\\u093f\\u092e\\u094d\\u0928 \\u092e\\u0947\\u0902 \\u0938\\u0947 \\u0915\\u093f\\u0938 \\u0915\\u094d\\u0937\\u0947\\u0924\\u094d\\u0930 \\u0938\\u0947 \\u0925\\u093e?<\\/p>\\r\\n\",\"explanation_l2\":\"<p>\\u0939\\u093e\\u0932 \\u092e\\u0947\\u0902 \\u0926\\u093f\\u0902\\u0935\\u0917\\u0924 \\u0939\\u0941\\u090f \\u092e\\u0932\\u094d\\u0932\\u0940 \\u092e\\u0938\\u094d\\u0924\\u093e\\u0928 \\u092c\\u093e\\u092c\\u0942 \\u0915\\u093e \\u0938\\u092e\\u094d\\u092c\\u0928\\u094d\\u0927 \\u0928\\u093f\\u092e\\u094d\\u0928 \\u092e\\u0947\\u0902 \\u0938\\u0947 \\u0915\\u093f\\u0938 \\u0915\\u094d\\u0937\\u0947\\u0924\\u094d\\u0930 \\u0938\\u0947 \\u0925\\u093e?<\\/p>\\r\\n\"},{\"id\":68,\"subject_id\":\"1\",\"topic_id\":\"1\",\"question_tags\":\"\",\"slug\":\"9021892f23a7a641d790c8db4f310f59d5d45da7-67\",\"question_type\":\"video\",\"question\":\"<h2>Which county did Ravi Shastri play for?<\\/h2>\\r\\n\",\"question_file\":\"68question.mp4\",\"question_file_is_url\":\"0\",\"total_answers\":\"2\",\"answers\":\"[{\\\"question\\\":\\\" Who was the first Indian to win the World Amateur Billiards title?\\\",\\\"questionl2\\\":\\\"\\\\u0911\\\\u092a\\\\u0930\\\\u0947\\\\u0936\\\\u0928 \\\\u0926\\\\u0941\\\\u0930\\\\u094d\\\\u0917\\\\u093e \\\\u0915\\\\u093e \\\\u0936\\\\u0941\\\\u092d\\\\u093e\\\\u0930\\\\u0902\\\\u092d \\\\u0939\\\\u0941\\\\u0906 ?\\\",\\\"total_options\\\":\\\"2\\\",\\\"options\\\":[[\\\"Glamorgan\\\",\\\"Leicestershire\\\"]],\\\"optionsl2\\\":[[\\\"\\\\u0915\\\\u0941\\\\u0936\\\\u094d\\\\u0924\\\\u0940\\\",\\\"\\\\u0915\\\\u0941\\\\u0936\\\\u094d\\\\u0924\\\\u0940\\\"]]},{\\\"question\\\":\\\" Who was the first Indian to win the World Amateur Billiards title?\\\",\\\"questionl2\\\":\\\"\\\\u0905\\\\u092a\\\\u094d\\\\u0930\\\\u0948\\\\u09322015 \\\\u092e\\\\u0947\\\\u0902 \\\\u0915\\\\u093f\\\\u0938 \\\\u092d\\\\u093e\\\\u0930\\\\u0924\\\\u0940\\\\u092f \\\\u092c\\\\u0948\\\\u0902\\\\u0915 \\\\u0928\\\\u0947 \'\\\\u090f\\\\u0936\\\\u093f\\\\u092f\\\\u0928 \\\\u092c\\\\u0948\\\\u0902\\\\u0915\\\\u0930 \\\\u0905\\\\u091a\\\\u0940\\\\u0935\\\\u092e\\\\u0947\\\\u0902\\\\u091f \\\\u092a\\\\u0941\\\\u0930\\\\u0938\\\\u094d\\\\u0915\\\\u093e\\\\u0930\' 2015 \\\\u091c\\\\u0940\\\\u0924\\\\u093e \\\\u0939\\\\u0948?\\\",\\\"total_options\\\":\\\"2\\\",\\\"options\\\":{\\\"1\\\":[\\\"Gloucestershire\\\",\\\"Lancashire\\\"]},\\\"optionsl2\\\":{\\\"1\\\":[\\\"\\\\u092a\\\\u0902\\\\u091c\\\\u093e\\\\u092c \\\\u0928\\\\u0947\\\\u0936\\\\u0928\\\\u0932 \\\\u092c\\\\u0948\\\\u0902\\\\u0915\\\",\\\"\\\\u092a\\\\u0902\\\\u091c\\\\u093e\\\\u092c \\\\u0928\\\\u0947\\\\u0936\\\\u0928\\\\u0932 \\\\u092c\\\\u0948\\\\u0902\\\\u0915\\\"]}}]\",\"total_correct_answers\":\"2\",\"correct_answers\":\"[{\\\"answer\\\":\\\"1\\\"},{\\\"answer\\\":\\\"1\\\"}]\",\"marks\":\"2\",\"time_to_spend\":\"20\",\"difficulty_level\":\"easy\",\"hint\":\"Hint\",\"explanation\":\"<p>Explanation<\\/p>\\r\\n\",\"explanation_file\":null,\"status\":\"1\",\"created_at\":\"2018-04-03 11:54:47\",\"updated_at\":\"2018-04-03 11:54:50\",\"question_l2\":\"<p><strong>\\u0911\\u092a\\u0930\\u0947\\u0936\\u0928 \\u0926\\u0941\\u0930\\u094d\\u0917\\u093e \\u0915\\u093e \\u0936\\u0941\\u092d\\u093e\\u0930\\u0902\\u092d \\u0939\\u0941\\u0906 ?<\\/strong><\\/p>\\r\\n\",\"explanation_l2\":\"<p><strong>\\u0911\\u092a\\u0930\\u0947\\u0936\\u0928 \\u0926\\u0941\\u0930\\u094d\\u0917\\u093e \\u0915\\u093e \\u0936\\u0941\\u092d\\u093e\\u0930\\u0902\\u092d \\u0939\\u0941\\u0906 ?<\\/strong><\\/p>\\r\\n\"},{\"id\":69,\"subject_id\":\"1\",\"topic_id\":\"1\",\"question_tags\":\"\",\"slug\":\"870fdf55c51a774071efb591b933e82d7cb04d35-68\",\"question_type\":\"audio\",\"question\":\"<p>Who was the first Indian to win the World Amateur Billiards title?<\\/p>\\r\\n\",\"question_file\":\"69question.\",\"question_file_is_url\":\"0\",\"total_answers\":\"1\",\"answers\":\"[{\\\"question\\\":\\\"Who was the first Indian to win the World Amateur Billiards title?\\\",\\\"questionl2\\\":\\\"\\\\u0939\\\\u093e\\\\u0932 \\\\u092e\\\\u0947\\\\u0902 \\\\u0926\\\\u093f\\\\u0902\\\\u0935\\\\u0917\\\\u0924 \\\\u0939\\\\u0941\\\\u090f \\\\u092e\\\\u0932\\\\u094d\\\\u0932\\\\u0940 \\\\u092e\\\\u0938\\\\u094d\\\\u0924\\\\u093e\\\\u0928 \\\\u092c\\\\u093e\\\\u092c\\\\u0942 \\\\u0915\\\\u093e \\\\u0938\\\\u092e\\\\u094d\\\\u092c\\\\u0928\\\\u094d\\\\u0927 \\\\u0928\\\\u093f\\\\u092e\\\\u094d\\\\u0928 \\\\u092e\\\\u0947\\\\u0902 \\\\u0938\\\\u0947 \\\\u0915\\\\u093f\\\\u0938 \\\\u0915\\\\u094d\\\\u0937\\\\u0947\\\\u0924\\\\u094d\\\\u0930 \\\\u0938\\\\u0947 \\\\u0925\\\\u093e?\\\",\\\"total_options\\\":\\\"2\\\",\\\"options\\\":[[\\\"Geet Sethi\\\",\\\"Wilson Jones\\\"]],\\\"optionsl2\\\":[[\\\"\\\\u0915\\\\u0941\\\\u0936\\\\u094d\\\\u0924\\\\u0940\\\",\\\"\\\\u0935\\\\u093e\\\\u0932\\\\u0940\\\\u092c\\\\u093e\\\\u0932\\\"]]}]\",\"total_correct_answers\":\"1\",\"correct_answers\":\"[{\\\"answer\\\":\\\"1\\\"}]\",\"marks\":\"2\",\"time_to_spend\":\"20\",\"difficulty_level\":\"easy\",\"hint\":\"NO hint\",\"explanation\":\"<p>No Explanation<\\/p>\\r\\n\",\"explanation_file\":null,\"status\":\"1\",\"created_at\":\"2018-04-03 11:56:46\",\"updated_at\":\"2018-04-03 11:56:46\",\"question_l2\":\"<p>\\u0939\\u093e\\u0932 \\u092e\\u0947\\u0902 \\u0926\\u093f\\u0902\\u0935\\u0917\\u0924 \\u0939\\u0941\\u090f \\u092e\\u0932\\u094d\\u0932\\u0940 \\u092e\\u0938\\u094d\\u0924\\u093e\\u0928 \\u092c\\u093e\\u092c\\u0942 \\u0915\\u093e \\u0938\\u092e\\u094d\\u092c\\u0928\\u094d\\u0927 \\u0928\\u093f\\u092e\\u094d\\u0928 \\u092e\\u0947\\u0902 \\u0938\\u0947 \\u0915\\u093f\\u0938 \\u0915\\u094d\\u0937\\u0947\\u0924\\u094d\\u0930 \\u0938\\u0947 \\u0925\\u093e?<\\/p>\\r\\n\",\"explanation_l2\":\"\"}]',	NULL,	1,	0,	NULL,	NULL,	NULL,	NULL,	NULL,	'2018-04-03 13:00:28',	'2018-04-03 13:00:28'),
(2,	2,	NULL,	7,	'[{\"id\":58,\"subject_id\":\"1\",\"topic_id\":\"1\",\"question_tags\":\"\",\"slug\":\"dd46e7b30feb155034f81349a7129be39b5e8e89-57\",\"question_type\":\"radio\",\"question\":\"<p>Foremost :<\\/p>\\r\\n\",\"question_file\":\"\",\"question_file_is_url\":\"0\",\"total_answers\":\"2\",\"answers\":\"[{\\\"option_value\\\":\\\"Hindmost\\\",\\\"optionl2_value\\\":\\\"\\\\u0935\\\\u0949\\\\u0928 \\\\u0928\\\\u094d\\\\u092f\\\\u0942\\\\u092e\\\\u0947\\\\u0928\\\",\\\"has_file\\\":0,\\\"file_name\\\":\\\"\\\"},{\\\"option_value\\\":\\\"Unimportant    \\\",\\\"optionl2_value\\\":\\\" \\\\u091c\\\\u0947 \\\\u090f\\\\u0938 \\\\u0915\\\\u093f\\\\u0932\\\\u094d\\\\u092c\\\\u0940\\\",\\\"has_file\\\":0,\\\"file_name\\\":\\\"\\\"}]\",\"total_correct_answers\":\"1\",\"correct_answers\":\"1\",\"marks\":\"2\",\"time_to_spend\":\"10\",\"difficulty_level\":\"easy\",\"hint\":\"No  hint\",\"explanation\":\"<p>No Explanation<\\/p>\\r\\n\",\"explanation_file\":null,\"status\":\"1\",\"created_at\":\"2018-04-03 11:21:18\",\"updated_at\":\"2018-04-03 11:21:18\",\"question_l2\":\"<p>\\u0915\\u0902\\u092a\\u094d\\u092f\\u0942\\u091f\\u0930 \\u0915\\u0947 \\u0906\\u0935\\u093f\\u0937\\u094d\\u0915\\u093e\\u0930\\u0915 \\u0915\\u094c\\u0928 \\u0939\\u0948\\u0902 ?<\\/p>\\r\\n\\r\\n<ul>\\r\\n<\\/ul>\\r\\n\",\"explanation_l2\":\"<p>\\u0915\\u0902\\u092a\\u094d\\u092f\\u0942\\u091f\\u0930 \\u0915\\u0947 \\u0906\\u0935\\u093f\\u0937\\u094d\\u0915\\u093e\\u0930\\u0915 \\u0915\\u094c\\u0928 \\u0939\\u0948\\u0902 ?<\\/p>\\r\\n\\r\\n<ul>\\r\\n<\\/ul>\\r\\n\"},{\"id\":59,\"subject_id\":\"1\",\"topic_id\":\"1\",\"question_tags\":\"\",\"slug\":\"22c934ecb7a8d4c1a10c6b03263861ad834dd0dd-58\",\"question_type\":\"radio\",\"question\":\"<h2>&nbsp;<\\/h2>\\r\\n\\r\\n<p>Protects :<\\/p>\\r\\n\",\"question_file\":\"\",\"question_file_is_url\":\"0\",\"total_answers\":\"2\",\"answers\":\"[{\\\"option_value\\\":\\\"Deprives    \\\",\\\"optionl2_value\\\":\\\" \\\\u091a\\\\u093e\\\\u0930\\\\u094d\\\\u0932\\\\u094d\\\\u0938 \\\\u092c\\\\u0948\\\\u092c\\\\u0947\\\\u091c\\\",\\\"has_file\\\":0,\\\"file_name\\\":\\\"\\\"},{\\\"option_value\\\":\\\"Deserts  \\\",\\\"optionl2_value\\\":\\\"\\\\u0907\\\\u0928\\\\u092e\\\\u0947\\\\u0902 \\\\u0938\\\\u0947 \\\\u0915\\\\u094b\\\\u0908 \\\\u0928\\\\u0939\\\\u0940\\\\u0902\\\",\\\"has_file\\\":0,\\\"file_name\\\":\\\"\\\"}]\",\"total_correct_answers\":\"1\",\"correct_answers\":\"1\",\"marks\":\"2\",\"time_to_spend\":\"10\",\"difficulty_level\":\"easy\",\"hint\":\"No  hint\",\"explanation\":\"<p>No Explanation<\\/p>\\r\\n\",\"explanation_file\":null,\"status\":\"1\",\"created_at\":\"2018-04-03 11:23:11\",\"updated_at\":\"2018-04-03 11:23:11\",\"question_l2\":\"<p>\\u0938\\u092c\\u0938\\u0947 \\u092a\\u0939\\u0932\\u093e \\u0915\\u0902\\u092a\\u094d\\u092f\\u0942\\u091f\\u0930 \\u0915\\u093e \\u0928\\u093e\\u092e \\u0915\\u094d\\u092f\\u093e \\u0925\\u093e ?<\\/p>\\r\\n\",\"explanation_l2\":\"<p>\\u0938\\u092c\\u0938\\u0947 \\u092a\\u0939\\u0932\\u093e \\u0915\\u0902\\u092a\\u094d\\u092f\\u0942\\u091f\\u0930 \\u0915\\u093e \\u0928\\u093e\\u092e \\u0915\\u094d\\u092f\\u093e \\u0925\\u093e ?<\\/p>\\r\\n\"},{\"id\":60,\"subject_id\":\"1\",\"topic_id\":\"1\",\"question_tags\":\"\",\"slug\":\"739c535d2b8cd06dbf40538bcf91839b8c488c59-59\",\"question_type\":\"checkbox\",\"question\":\"<h2>&nbsp;<\\/h2>\\r\\n\\r\\n<p>Find the correctly spelt word.<\\/p>\\r\\n\",\"question_file\":\"\",\"question_file_is_url\":\"0\",\"total_answers\":\"3\",\"answers\":\"[{\\\"option_value\\\":\\\"Adulation  \\\",\\\"optionl2_value\\\":\\\"\\\\u0917\\\\u0923\\\\u0928\\\\u093e \\\\u0915\\\\u0930\\\\u0928\\\\u0947\\\\u0935\\\\u093e\\\\u0932\\\\u093e\\\",\\\"has_file\\\":0,\\\"file_name\\\":\\\"\\\"},{\\\"option_value\\\":\\\"Adlation     \\\",\\\"optionl2_value\\\":\\\"\\\\u0938\\\\u0902\\\\u0917\\\\u0923\\\\u0915\\\",\\\"has_file\\\":0,\\\"file_name\\\":\\\"\\\"},{\\\"option_value\\\":\\\"Aduletion\\\",\\\"optionl2_value\\\":\\\"\\\\u0939\\\\u093f\\\\u0938\\\\u093e\\\\u092c \\\\u0932\\\\u0917\\\\u093e\\\\u0928\\\\u0947\\\\u0935\\\\u093e\\\\u0932\\\\u093e\\\",\\\"has_file\\\":0,\\\"file_name\\\":\\\"\\\"}]\",\"total_correct_answers\":\"2\",\"correct_answers\":\"[{\\\"answer\\\":\\\"1\\\"},{\\\"answer\\\":\\\"3\\\"}]\",\"marks\":\"2\",\"time_to_spend\":\"12\",\"difficulty_level\":\"easy\",\"hint\":\"Hint\",\"explanation\":\"<p>&nbsp;<\\/p>\\r\\n\\r\\n<p>Explanation<\\/p>\\r\\n\\r\\n<p>&nbsp;<\\/p>\\r\\n\",\"explanation_file\":null,\"status\":\"1\",\"created_at\":\"2018-04-03 11:25:58\",\"updated_at\":\"2018-04-03 11:25:58\",\"question_l2\":\"<p>&nbsp;\\u0915\\u0902\\u092a\\u094d\\u092f\\u0942\\u091f\\u0930 \\u0915\\u093e \\u0939\\u093f\\u0928\\u094d\\u0926\\u0940 \\u0928\\u093e\\u092e \\u0915\\u094d\\u092f\\u093e \\u0939\\u0948 ?<\\/p>\\r\\n\\r\\n<ul>\\r\\n<\\/ul>\\r\\n\",\"explanation_l2\":\"<p>&nbsp;\\u0915\\u0902\\u092a\\u094d\\u092f\\u0942\\u091f\\u0930 \\u0915\\u093e \\u0939\\u093f\\u0928\\u094d\\u0926\\u0940 \\u0928\\u093e\\u092e \\u0915\\u094d\\u092f\\u093e \\u0939\\u0948 ?<\\/p>\\r\\n\\r\\n<ul>\\r\\n<\\/ul>\\r\\n\"},{\"id\":61,\"subject_id\":\"1\",\"topic_id\":\"1\",\"question_tags\":\"\",\"slug\":\"04ec285afd16a1c9c8d08c25fcc3d8f7ac44872e-60\",\"question_type\":\"checkbox\",\"question\":\"<p>Find the correct spelt word.<\\/p>\\r\\n\",\"question_file\":\"\",\"question_file_is_url\":\"0\",\"total_answers\":\"3\",\"answers\":\"[{\\\"option_value\\\":\\\"Adulterate\\\",\\\"optionl2_value\\\":\\\" \\\\u0926\\\\u093f\\\\u0938\\\\u092e\\\\u094d\\\\u092c\\\\u0930\\\",\\\"has_file\\\":0,\\\"file_name\\\":\\\"\\\"},{\\\"option_value\\\":\\\"Adeldurate  \\\",\\\"optionl2_value\\\":\\\"\\\\u0926\\\\u093f\\\\u0938\\\\u092e\\\\u094d\\\\u092c\\\\u0930\\\",\\\"has_file\\\":0,\\\"file_name\\\":\\\"\\\"},{\\\"option_value\\\":\\\"Adulterat\\\",\\\"optionl2_value\\\":\\\"\\\\u0926\\\\u093f\\\\u0938\\\\u092e\\\\u094d\\\\u092c\\\\u0930\\\",\\\"has_file\\\":0,\\\"file_name\\\":\\\"\\\"}]\",\"total_correct_answers\":\"2\",\"correct_answers\":\"[{\\\"answer\\\":\\\"1\\\"},{\\\"answer\\\":\\\"3\\\"}]\",\"marks\":\"2\",\"time_to_spend\":\"12\",\"difficulty_level\":\"easy\",\"hint\":\"Hint\",\"explanation\":\"<p>&nbsp;<\\/p>\\r\\n\\r\\n<p>Explanation<\\/p>\\r\\n\\r\\n<p>&nbsp;<\\/p>\\r\\n\",\"explanation_file\":null,\"status\":\"1\",\"created_at\":\"2018-04-03 11:27:57\",\"updated_at\":\"2018-04-03 11:27:57\",\"question_l2\":\"<p>&nbsp;\\u0915\\u0902\\u092a\\u094d\\u092f\\u0942\\u091f\\u0930 \\u0938\\u093e\\u0915\\u094d\\u0937\\u0930\\u0924\\u093e \\u0926\\u093f\\u0935\\u0938 \\u0915\\u092c \\u092e\\u0928\\u093e\\u092f\\u093e \\u091c\\u093e\\u0924\\u093e \\u0939\\u0948 ?<\\/p>\\r\\n\",\"explanation_l2\":\"<p>&nbsp;\\u0915\\u0902\\u092a\\u094d\\u092f\\u0942\\u091f\\u0930 \\u0938\\u093e\\u0915\\u094d\\u0937\\u0930\\u0924\\u093e \\u0926\\u093f\\u0935\\u0938 \\u0915\\u092c \\u092e\\u0928\\u093e\\u092f\\u093e \\u091c\\u093e\\u0924\\u093e \\u0939\\u0948 ?<\\/p>\\r\\n\"},{\"id\":62,\"subject_id\":\"1\",\"topic_id\":\"1\",\"question_tags\":\"\",\"slug\":\"8c7824d8d688841105fbf9bb05cbe762ab83a058-61\",\"question_type\":\"blanks\",\"question\":\"<p>Extreme old age when a man behaves like a fool<\\/p>\\r\\n\",\"question_file\":\"\",\"question_file_is_url\":\"0\",\"total_answers\":\"0\",\"answers\":\"[]\",\"total_correct_answers\":\"1\",\"correct_answers\":\"[{\\\"answer\\\":\\\"Dotage  \\\"}]\",\"marks\":\"2\",\"time_to_spend\":\"12\",\"difficulty_level\":\"easy\",\"hint\":\"Hint\",\"explanation\":\"<p>Explanation<\\/p>\\r\\n\",\"explanation_file\":null,\"status\":\"1\",\"created_at\":\"2018-04-03 11:30:02\",\"updated_at\":\"2018-04-03 11:30:02\",\"question_l2\":\"<p>\\u0907\\u0928\\u092e\\u0947\\u0902 \\u0938\\u0947 \\u0915\\u094c\\u0928 \\u0938\\u0930\\u094d\\u091a \\u0907\\u0902\\u091c\\u0928 \\u0928\\u0939\\u0940\\u0902 \\u0939\\u0948 ?<\\/p>\\r\\n\",\"explanation_l2\":\"<p>\\u0907\\u0928\\u092e\\u0947\\u0902 \\u0938\\u0947 \\u0915\\u094c\\u0928 \\u0938\\u0930\\u094d\\u091a \\u0907\\u0902\\u091c\\u0928 \\u0928\\u0939\\u0940\\u0902 \\u0939\\u0948 ?<\\/p>\\r\\n\"},{\"id\":63,\"subject_id\":\"1\",\"topic_id\":\"1\",\"question_tags\":\"\",\"slug\":\"e3edb89178183e97863211d2dd856aa2d0101f53-62\",\"question_type\":\"blanks\",\"question\":\"<p>That which cannot be corrected<\\/p>\\r\\n\",\"question_file\":\"\",\"question_file_is_url\":\"0\",\"total_answers\":\"0\",\"answers\":\"[]\",\"total_correct_answers\":\"1\",\"correct_answers\":\"[{\\\"answer\\\":\\\"Incorrigible  \\\"}]\",\"marks\":\"21\",\"time_to_spend\":\"10\",\"difficulty_level\":\"easy\",\"hint\":\"Hint\",\"explanation\":\"<p>&nbsp;<\\/p>\\r\\n\\r\\n<p>Explanation<\\/p>\\r\\n\\r\\n<p>&nbsp;<\\/p>\\r\\n\",\"explanation_file\":null,\"status\":\"1\",\"created_at\":\"2018-04-03 11:31:32\",\"updated_at\":\"2018-04-03 11:31:32\",\"question_l2\":\"<p>&nbsp;\\u0928\\u093f\\u092e\\u094d\\u0928 \\u092e\\u0947\\u0902 \\u0915\\u094c\\u0928 \\u0907\\u0928\\u092a\\u0941\\u091f \\u0907\\u0915\\u093e\\u0908 \\u0939\\u0948 ?<\\/p>\\r\\n\\r\\n<ul>\\r\\n<\\/ul>\\r\\n\",\"explanation_l2\":\"<p>&nbsp;\\u0928\\u093f\\u092e\\u094d\\u0928 \\u092e\\u0947\\u0902 \\u0915\\u094c\\u0928 \\u0907\\u0928\\u092a\\u0941\\u091f \\u0907\\u0915\\u093e\\u0908 \\u0939\\u0948 ?<\\/p>\\r\\n\\r\\n<ul>\\r\\n<\\/ul>\\r\\n\"},{\"id\":64,\"subject_id\":\"1\",\"topic_id\":\"1\",\"question_tags\":\"\",\"slug\":\"013953e88bfed81691ce2a0e4731e1a833469fa9-63\",\"question_type\":\"match\",\"question\":\"<p>Match the Following :<\\/p>\\r\\n\",\"question_file\":\"\",\"question_file_is_url\":\"0\",\"total_answers\":\"4\",\"answers\":\"{\\\"left\\\":{\\\"title\\\":\\\"List I\\\",\\\"titlel2\\\":\\\"\\\\u0930\\\\u093e\\\\u0937\\\\u094d\\\\u091f\\\\u094d\\\\u0930\\\\u0940\\\\u092f I\\\",\\\"options\\\":[\\\"Hindmost\\\",\\\"Unimportant\\\",\\\"Disposed\\\",\\\"Mature\\\"],\\\"optionsl2\\\":[\\\"\\\\u0928\\\\u093e\\\\u0917\\\\u092a\\\\u0941\\\\u0930\\\",\\\"\\\\u092d\\\\u094b\\\\u092a\\\\u093e\\\\u0932\\\",\\\"\\\\u0906\\\\u0917\\\\u094d\\\\u0930\\\\u093e\\\",\\\"\\\\u0905\\\\u0939\\\\u092e\\\\u0926\\\\u093e\\\\u092c\\\\u093e\\\\u0926\\\"]},\\\"right\\\":{\\\"title\\\":\\\"List II\\\",\\\"titlel2\\\":\\\"\\\\u0930\\\\u093e\\\\u0937\\\\u094d\\\\u091f\\\\u094d\\\\u0930\\\\u0940\\\\u092f II\\\",\\\"options\\\":[\\\"Defends\\\",\\\"Deprives\\\",\\\"Deserts\\\",\\\"Devises\\\"],\\\"optionsl2\\\":[\\\"\\\\u092e\\\\u094b\\\\u0939\\\\u0928 \\\\u092d\\\\u093e\\\\u0917\\\\u0935\\\\u0924\\\",\\\"\\\\u0905\\\\u091f\\\\u0932 \\\\u092c\\\\u093f\\\\u0939\\\\u093e\\\\u0930\\\\u0940 \\\\u0935\\\\u093e\\\\u091c\\\\u092a\\\\u0947\\\\u092f\\\\u0940\\\",\\\"\\\\u092e\\\\u094b\\\\u0930\\\\u093e\\\\u0930\\\\u091c\\\\u0940 \\\\u0926\\\\u0947\\\\u0938\\\\u093e\\\\u0908\\\",\\\"\\\\u0915\\\\u0947\\\\u0936\\\\u0935 \\\\u092c\\\\u0932\\\\u093f\\\\u0930\\\\u093e\\\\u092e \\\\u0939\\\\u0947\\\\u0921\\\\u0917\\\\u0947\\\\u0935\\\\u093e\\\\u0930\\\"]}}\",\"total_correct_answers\":\"4\",\"correct_answers\":\"[{\\\"answer\\\":\\\"1\\\"},{\\\"answer\\\":\\\"2\\\"},{\\\"answer\\\":\\\"3\\\"},{\\\"answer\\\":\\\"4\\\"}]\",\"marks\":\"2\",\"time_to_spend\":\"20\",\"difficulty_level\":\"easy\",\"hint\":\"Hint\",\"explanation\":\"<p>Explanation<\\/p>\\r\\n\",\"explanation_file\":null,\"status\":\"1\",\"created_at\":\"2018-04-03 11:36:07\",\"updated_at\":\"2018-04-03 11:36:07\",\"question_l2\":\"<p>\\u0930\\u093e\\u0937\\u094d\\u091f\\u094d\\u0930\\u0940\\u092f \\u0938\\u094d\\u0935\\u092f\\u0902\\u0938\\u0947\\u0935\\u0915 \\u0938\\u0902\\u0918 \\u0915\\u093e \\u092e\\u0941\\u0916\\u094d\\u092f\\u093e\\u0932\\u092f \\u0915\\u0939\\u093e\\u0901 \\u0939\\u0948 ?<\\/p>\\r\\n\",\"explanation_l2\":\"<p>\\u0930\\u093e\\u0937\\u094d\\u091f\\u094d\\u0930\\u0940\\u092f \\u0938\\u094d\\u0935\\u092f\\u0902\\u0938\\u0947\\u0935\\u0915 \\u0938\\u0902\\u0918 \\u0915\\u093e \\u092e\\u0941\\u0916\\u094d\\u092f\\u093e\\u0932\\u092f \\u0915\\u0939\\u093e\\u0901 \\u0939\\u0948 ?<\\/p>\\r\\n\"},{\"id\":65,\"subject_id\":\"1\",\"topic_id\":\"1\",\"question_tags\":\"\",\"slug\":\"22ba417448fcdf33a34e8b6331fc37c732927a53-64\",\"question_type\":\"match\",\"question\":\"<p>Match the Following :<\\/p>\\r\\n\\r\\n<p>&nbsp;<\\/p>\\r\\n\",\"question_file\":\"\",\"question_file_is_url\":\"0\",\"total_answers\":\"3\",\"answers\":\"{\\\"left\\\":{\\\"title\\\":\\\"List I\\\",\\\"titlel2\\\":\\\"\\\\u0932\\\\u093f\\\\u0938\\\\u094d\\\\u091f\\\\u094d I\\\",\\\"options\\\":[\\\"Wonderful\\\",\\\"Graceful\\\",\\\"Ugly\\\"],\\\"optionsl2\\\":[\\\"\\\\u0915\\\\u0947\\\\u0928\\\\u094d\\\\u0926\\\\u094d\\\\u0930 \\\\u0906\\\\u092f\\\\u094b\\\\u0917\\\",\\\"\\\\u0906\\\\u092f\\\\u094b\\\\u0917\\\",\\\"\\\\u092e\\\\u0941\\\\u0916\\\\u0930\\\\u094d\\\\u091c\\\\u0940\\\"]},\\\"right\\\":{\\\"title\\\":\\\"List II\\\",\\\"titlel2\\\":\\\"\\\\u0932\\\\u093f\\\\u0938\\\\u094d\\\\u091f\\\\u094d II\\\",\\\"options\\\":[\\\" Handsome\\\",\\\"Marvelous\\\",\\\"Wonderful\\\"],\\\"optionsl2\\\":[\\\"\\\\u0928\\\\u0940\\\\u0924\\\\u093f\\\",\\\"\\\\u0906\\\\u092f\\\\u094b\\\\u0917\\\",\\\"\\\\u0905\\\\u0928\\\\u094d\\\\u092f\\\"]}}\",\"total_correct_answers\":\"3\",\"correct_answers\":\"[{\\\"answer\\\":\\\"2\\\"},{\\\"answer\\\":\\\"2\\\"},{\\\"answer\\\":\\\"3\\\"}]\",\"marks\":\"2\",\"time_to_spend\":\"20\",\"difficulty_level\":\"easy\",\"hint\":\"Hint\",\"explanation\":\"<p>Explanation<\\/p>\\r\\n\",\"explanation_file\":null,\"status\":\"1\",\"created_at\":\"2018-04-03 11:40:04\",\"updated_at\":\"2018-04-03 11:40:04\",\"question_l2\":\"<p>\\u092d\\u093e\\u0930\\u0924\\u0940\\u092f \\u091c\\u0928\\u0924\\u093e \\u092a\\u093e\\u0930\\u094d\\u091f\\u0940 \\u0915\\u093e \\u092e\\u0941\\u0916\\u094d\\u092f\\u093e\\u0932\\u092f \\u0915\\u0939\\u093e\\u0901 \\u0939\\u0948 ?<\\/p>\\r\\n\",\"explanation_l2\":\"<p>\\u092d\\u093e\\u0930\\u0924\\u0940\\u092f \\u091c\\u0928\\u0924\\u093e \\u092a\\u093e\\u0930\\u094d\\u091f\\u0940 \\u0915\\u093e \\u092e\\u0941\\u0916\\u094d\\u092f\\u093e\\u0932\\u092f \\u0915\\u0939\\u093e\\u0901 \\u0939\\u0948 ?<\\/p>\\r\\n\"},{\"id\":66,\"subject_id\":\"1\",\"topic_id\":\"1\",\"question_tags\":\"\",\"slug\":\"24bade660d7d858276679d94a76258e011f5cd21-65\",\"question_type\":\"para\",\"question\":\"<p>Rearrange the following five sentences in proper sequence so as to for a meaningful paragraph, then answer the questions given below them.<\\/p>\\r\\n\",\"question_file\":\"\",\"question_file_is_url\":\"0\",\"total_answers\":\"2\",\"answers\":\"[{\\\"question\\\":\\\"Which sentence should come third in the paragraph?\\\",\\\"questionl2\\\":\\\"\\\\u092d\\\\u093e\\\\u0930\\\\u0924 \\\\u0915\\\\u0947 \\\\u0915\\\\u093f\\\\u0938 \\\\u0938\\\\u092e\\\\u093e\\\\u091a\\\\u093e\\\\u0930-\\\\u092a\\\\u0924\\\\u094d\\\\u0930 \\\\u0915\\\\u094b \\\\u092f\\\\u0942\\\\u0928\\\\u0947\\\\u0938\\\\u094d\\\\u0915\\\\u094b \\\\u0915\\\\u093f\\\\u0902\\\\u0917 \\\\u0938\\\\u0947\\\\u0902\\\\u091c\\\\u094b\\\\u0902\\\\u0917 \\\\u092a\\\\u0941\\\\u0930\\\\u0938\\\\u094d\\\\u0915\\\\u093e\\\\u0930-2009 \\\\u092e\\\\u093f\\\\u0932\\\\u093e ?\\\",\\\"total_options\\\":\\\"2\\\",\\\"options\\\":[[\\\"After Examining him, the doctor smiled at him mischievously and took out a syringe.\\\",\\\"Thinking that he was really sick, his father summoned the family doctor.\\\"]],\\\"optionsl2\\\":[[\\\"\\\\u0916\\\\u092c\\\\u0930 \\\\u0932\\\\u0939\\\\u0930\\\\u093f\\\\u092f\\\\u093e\\\",\\\"\\\\u0926\\\\u0948\\\\u0928\\\\u093f\\\\u0915 \\\\u0939\\\\u093f\\\\u0928\\\\u094d\\\\u0926\\\\u0941\\\\u0938\\\\u094d\\\\u0924\\\\u093e\\\\u0928\\\"]]},{\\\"question\\\":\\\"Which sentence should come last in the paragraph?\\\",\\\"questionl2\\\":\\\"\\\\u0905\\\\u092a\\\\u094d\\\\u0930\\\\u0948\\\\u09322015 \\\\u092e\\\\u0947\\\\u0902 \\\\u0915\\\\u093f\\\\u0938 \\\\u092d\\\\u093e\\\\u0930\\\\u0924\\\\u0940\\\\u092f \\\\u092c\\\\u0948\\\\u0902\\\\u0915 \\\\u0928\\\\u0947 \'\\\\u090f\\\\u0936\\\\u093f\\\\u092f\\\\u0928 \\\\u092c\\\\u0948\\\\u0902\\\\u0915\\\\u0930 \\\\u0905\\\\u091a\\\\u0940\\\\u0935\\\\u092e\\\\u0947\\\\u0902\\\\u091f \\\\u092a\\\\u0941\\\\u0930\\\\u0938\\\\u094d\\\\u0915\\\\u093e\\\\u0930\' 2015 \\\\u091c\\\\u0940\\\\u0924\\\\u093e \\\\u0939\\\\u0948?\\\",\\\"total_options\\\":\\\"2\\\",\\\"options\\\":{\\\"1\\\":[\\\"Therefor; he pretended to be sick and remained in bed.\\\",\\\"Immediately, Mintu jumped up from his bed and swore the he was fine\\\"]},\\\"optionsl2\\\":{\\\"1\\\":[\\\" \\\\u092a\\\\u0902\\\\u091c\\\\u093e\\\\u092c \\\\u0928\\\\u0947\\\\u0936\\\\u0928\\\\u0932 \\\\u092c\\\\u0948\\\\u0902\\\\u0915\\\",\\\" \\\\u092d\\\\u093e\\\\u0930\\\\u0924\\\\u0940\\\\u092f \\\\u092e\\\\u0939\\\\u093f\\\\u0932\\\\u093e \\\\u092c\\\\u0948\\\\u0902\\\\u0915\\\"]}}]\",\"total_correct_answers\":\"2\",\"correct_answers\":\"[{\\\"answer\\\":\\\"1\\\"},{\\\"answer\\\":\\\"1\\\"}]\",\"marks\":\"2\",\"time_to_spend\":\"20\",\"difficulty_level\":\"easy\",\"hint\":\"Hint\",\"explanation\":\"<p>Explanation<\\/p>\\r\\n\",\"explanation_file\":null,\"status\":\"1\",\"created_at\":\"2018-04-03 11:44:34\",\"updated_at\":\"2018-04-03 11:44:34\",\"question_l2\":\"<p>&nbsp;\\u092a\\u094d\\u0930\\u0927\\u093e\\u0928\\u092e\\u0902\\u0924\\u094d\\u0930\\u0940 \\u0928\\u0930\\u0947\\u0928\\u094d\\u0926\\u094d\\u0930 \\u092e\\u094b\\u0926\\u0940 \\u0928\\u0947 \\u0928\\u093e\\u0917\\u0930\\u093f\\u0915\\u094b\\u0902 \\u0915\\u0940 \\u0938\\u092e\\u0938\\u094d\\u092f\\u093e\\u0913\\u0902 \\u0915\\u0947 \\u0928\\u093f\\u0935\\u093e\\u0930\\u0923 \\u0915\\u0947 \\u0932\\u093f\\u090f \\u090f\\u0915 \\u092c\\u0939\\u0942-\\u0909\\u0926\\u094d\\u0926\\u0947\\u0936\\u0940\\u092f \\u0908-\\u0917\\u0935\\u0930\\u094d\\u0928\\u0947\\u0902\\u0938 \\u092a\\u094d\\u0932\\u0947\\u091f\\u092b\\u093e\\u0930\\u094d\\u092e \\u0936\\u0941\\u0930\\u0942 \\u0915\\u093f\\u092f\\u093e \\u0939\\u0948, \\u0907\\u0938 \\u092a\\u094d\\u0932\\u0947\\u091f\\u092b\\u093e\\u0930\\u094d\\u092e \\u0915\\u094b \\u0915\\u094d\\u092f\\u093e \\u0928\\u093e\\u092e \\u0926\\u093f\\u092f\\u093e \\u0917\\u092f\\u093e \\u0939\\u0948?<\\/p>\\r\\n\",\"explanation_l2\":\"<p>&nbsp;\\u092a\\u094d\\u0930\\u0927\\u093e\\u0928\\u092e\\u0902\\u0924\\u094d\\u0930\\u0940 \\u0928\\u0930\\u0947\\u0928\\u094d\\u0926\\u094d\\u0930 \\u092e\\u094b\\u0926\\u0940 \\u0928\\u0947 \\u0928\\u093e\\u0917\\u0930\\u093f\\u0915\\u094b\\u0902 \\u0915\\u0940 \\u0938\\u092e\\u0938\\u094d\\u092f\\u093e\\u0913\\u0902 \\u0915\\u0947 \\u0928\\u093f\\u0935\\u093e\\u0930\\u0923 \\u0915\\u0947 \\u0932\\u093f\\u090f \\u090f\\u0915 \\u092c\\u0939\\u0942-\\u0909\\u0926\\u094d\\u0926\\u0947\\u0936\\u0940\\u092f \\u0908-\\u0917\\u0935\\u0930\\u094d\\u0928\\u0947\\u0902\\u0938 \\u092a\\u094d\\u0932\\u0947\\u091f\\u092b\\u093e\\u0930\\u094d\\u092e \\u0936\\u0941\\u0930\\u0942 \\u0915\\u093f\\u092f\\u093e \\u0939\\u0948, \\u0907\\u0938 \\u092a\\u094d\\u0932\\u0947\\u091f\\u092b\\u093e\\u0930\\u094d\\u092e \\u0915\\u094b \\u0915\\u094d\\u092f\\u093e \\u0928\\u093e\\u092e \\u0926\\u093f\\u092f\\u093e \\u0917\\u092f\\u093e \\u0939\\u0948?<\\/p>\\r\\n\"},{\"id\":67,\"subject_id\":\"1\",\"topic_id\":\"1\",\"question_tags\":\"\",\"slug\":\"dc0568ca77c9723a7ccd59f15c8119a8c96bba37-66\",\"question_type\":\"para\",\"question\":\"<p>Rearrange the following five sentences in proper sequence to form a meaningful paragraph, then answer the questions given below.<\\/p>\\r\\n\",\"question_file\":\"\",\"question_file_is_url\":\"0\",\"total_answers\":\"2\",\"answers\":\"[{\\\"question\\\":\\\"Which of the sentences should come second in the paragraph ?\\\",\\\"questionl2\\\":\\\"\\\\u0939\\\\u093e\\\\u0932 \\\\u092e\\\\u0947\\\\u0902 \\\\u0926\\\\u093f\\\\u0902\\\\u0935\\\\u0917\\\\u0924 \\\\u0939\\\\u0941\\\\u090f \\\\u092e\\\\u0932\\\\u094d\\\\u0932\\\\u0940 \\\\u092e\\\\u0938\\\\u094d\\\\u0924\\\\u093e\\\\u0928 \\\\u092c\\\\u093e\\\\u092c\\\\u0942 \\\\u0915\\\\u093e \\\\u0938\\\\u092e\\\\u094d\\\\u092c\\\\u0928\\\\u094d\\\\u0927 \\\\u0928\\\\u093f\\\\u092e\\\\u094d\\\\u0928 \\\\u092e\\\\u0947\\\\u0902 \\\\u0938\\\\u0947 \\\\u0915\\\\u093f\\\\u0938 \\\\u0915\\\\u094d\\\\u0937\\\\u0947\\\\u0924\\\\u094d\\\\u0930 \\\\u0938\\\\u0947 \\\\u0925\\\\u093e?\\\",\\\"total_options\\\":\\\"2\\\",\\\"options\\\":[[\\\"A Study to this effects suggests that the average white-collar worker demonstrates only about 25% listening efficiency.\\\",\\\"However for trained and good listeners it is not unusual to use all the three approaches during a setting, thus improving listening efficiency.\\\"]],\\\"optionsl2\\\":[[\\\"\\\\u0915\\\\u0941\\\\u0936\\\\u094d\\\\u0924\\\\u0940\\\",\\\"\\\\u0935\\\\u093e\\\\u0932\\\\u0940\\\\u092c\\\\u093e\\\\u0932\\\"]]},{\\\"question\\\":\\\"Which of the sentences should come fourth in the paragraph ?\\\",\\\"questionl2\\\":\\\"\\\\u0932 \\\\u092e\\\\u0947\\\\u0902 \\\\u0926\\\\u093f\\\\u0902\\\\u0935\\\\u0917\\\\u0924 \\\\u0939\\\\u0941\\\\u090f \\\\u092e\\\\u0932\\\\u094d\\\\u0932\\\\u0940 \\\\u092e\\\\u0938\\\\u094d\\\\u0924\\\\u093e\\\\u0928 \\\\u092c\\\\u093e\\\\u092c\\\\u0942 \\\\u0915\\\\u093e \\\\u0938\\\\u092e\\\\u094d\\\\u092c\\\\u0928\\\\u094d\\\\u0927 \\\\u0928\\\\u093f\\\\u092e\\\\u094d\\\\u0928 \\\\u092e\\\\u0947\\\\u0902 \\\\u0938\\\\u0947 \\\\u0915\\\\u093f\\\\u0938 \\\\u0915\\\\u094d\\\\u0937\\\\u0947\\\\u0924\\\\u094d\\\\u0930 \\\\u0938\\\\u0947 \\\\u0925\\\\u093e?\\\",\\\"total_options\\\":\\\"2\\\",\\\"options\\\":{\\\"1\\\":[\\\"Although we spend nearly half of each communication interaction listening, we do not listen well.\\\",\\\"Each approach has a particular emphasis that may help us to receive and process informationin different settings.\\\"]},\\\"optionsl2\\\":{\\\"1\\\":[\\\"\\\\u0915\\\\u0941\\\\u0936\\\\u094d\\\\u0924\\\\u0940\\\",\\\"\\\\u0935\\\\u093e\\\\u0932\\\\u0940\\\\u092c\\\\u093e\\\\u0932\\\"]}}]\",\"total_correct_answers\":\"2\",\"correct_answers\":\"[{\\\"answer\\\":\\\"1\\\"},{\\\"answer\\\":\\\"1\\\"}]\",\"marks\":\"2\",\"time_to_spend\":\"20\",\"difficulty_level\":\"easy\",\"hint\":\" No Hint \",\"explanation\":\"<p>No Explanation<\\/p>\\r\\n\",\"explanation_file\":null,\"status\":\"1\",\"created_at\":\"2018-04-03 11:49:23\",\"updated_at\":\"2018-04-03 11:49:23\",\"question_l2\":\"<p>\\u0939\\u093e\\u0932 \\u092e\\u0947\\u0902 \\u0926\\u093f\\u0902\\u0935\\u0917\\u0924 \\u0939\\u0941\\u090f \\u092e\\u0932\\u094d\\u0932\\u0940 \\u092e\\u0938\\u094d\\u0924\\u093e\\u0928 \\u092c\\u093e\\u092c\\u0942 \\u0915\\u093e \\u0938\\u092e\\u094d\\u092c\\u0928\\u094d\\u0927 \\u0928\\u093f\\u092e\\u094d\\u0928 \\u092e\\u0947\\u0902 \\u0938\\u0947 \\u0915\\u093f\\u0938 \\u0915\\u094d\\u0937\\u0947\\u0924\\u094d\\u0930 \\u0938\\u0947 \\u0925\\u093e?<\\/p>\\r\\n\",\"explanation_l2\":\"<p>\\u0939\\u093e\\u0932 \\u092e\\u0947\\u0902 \\u0926\\u093f\\u0902\\u0935\\u0917\\u0924 \\u0939\\u0941\\u090f \\u092e\\u0932\\u094d\\u0932\\u0940 \\u092e\\u0938\\u094d\\u0924\\u093e\\u0928 \\u092c\\u093e\\u092c\\u0942 \\u0915\\u093e \\u0938\\u092e\\u094d\\u092c\\u0928\\u094d\\u0927 \\u0928\\u093f\\u092e\\u094d\\u0928 \\u092e\\u0947\\u0902 \\u0938\\u0947 \\u0915\\u093f\\u0938 \\u0915\\u094d\\u0937\\u0947\\u0924\\u094d\\u0930 \\u0938\\u0947 \\u0925\\u093e?<\\/p>\\r\\n\"},{\"id\":68,\"subject_id\":\"1\",\"topic_id\":\"1\",\"question_tags\":\"\",\"slug\":\"9021892f23a7a641d790c8db4f310f59d5d45da7-67\",\"question_type\":\"video\",\"question\":\"<h2>Which county did Ravi Shastri play for?<\\/h2>\\r\\n\",\"question_file\":\"68question.mp4\",\"question_file_is_url\":\"0\",\"total_answers\":\"2\",\"answers\":\"[{\\\"question\\\":\\\" Who was the first Indian to win the World Amateur Billiards title?\\\",\\\"questionl2\\\":\\\"\\\\u0911\\\\u092a\\\\u0930\\\\u0947\\\\u0936\\\\u0928 \\\\u0926\\\\u0941\\\\u0930\\\\u094d\\\\u0917\\\\u093e \\\\u0915\\\\u093e \\\\u0936\\\\u0941\\\\u092d\\\\u093e\\\\u0930\\\\u0902\\\\u092d \\\\u0939\\\\u0941\\\\u0906 ?\\\",\\\"total_options\\\":\\\"2\\\",\\\"options\\\":[[\\\"Glamorgan\\\",\\\"Leicestershire\\\"]],\\\"optionsl2\\\":[[\\\"\\\\u0915\\\\u0941\\\\u0936\\\\u094d\\\\u0924\\\\u0940\\\",\\\"\\\\u0915\\\\u0941\\\\u0936\\\\u094d\\\\u0924\\\\u0940\\\"]]},{\\\"question\\\":\\\" Who was the first Indian to win the World Amateur Billiards title?\\\",\\\"questionl2\\\":\\\"\\\\u0905\\\\u092a\\\\u094d\\\\u0930\\\\u0948\\\\u09322015 \\\\u092e\\\\u0947\\\\u0902 \\\\u0915\\\\u093f\\\\u0938 \\\\u092d\\\\u093e\\\\u0930\\\\u0924\\\\u0940\\\\u092f \\\\u092c\\\\u0948\\\\u0902\\\\u0915 \\\\u0928\\\\u0947 \'\\\\u090f\\\\u0936\\\\u093f\\\\u092f\\\\u0928 \\\\u092c\\\\u0948\\\\u0902\\\\u0915\\\\u0930 \\\\u0905\\\\u091a\\\\u0940\\\\u0935\\\\u092e\\\\u0947\\\\u0902\\\\u091f \\\\u092a\\\\u0941\\\\u0930\\\\u0938\\\\u094d\\\\u0915\\\\u093e\\\\u0930\' 2015 \\\\u091c\\\\u0940\\\\u0924\\\\u093e \\\\u0939\\\\u0948?\\\",\\\"total_options\\\":\\\"2\\\",\\\"options\\\":{\\\"1\\\":[\\\"Gloucestershire\\\",\\\"Lancashire\\\"]},\\\"optionsl2\\\":{\\\"1\\\":[\\\"\\\\u092a\\\\u0902\\\\u091c\\\\u093e\\\\u092c \\\\u0928\\\\u0947\\\\u0936\\\\u0928\\\\u0932 \\\\u092c\\\\u0948\\\\u0902\\\\u0915\\\",\\\"\\\\u092a\\\\u0902\\\\u091c\\\\u093e\\\\u092c \\\\u0928\\\\u0947\\\\u0936\\\\u0928\\\\u0932 \\\\u092c\\\\u0948\\\\u0902\\\\u0915\\\"]}}]\",\"total_correct_answers\":\"2\",\"correct_answers\":\"[{\\\"answer\\\":\\\"1\\\"},{\\\"answer\\\":\\\"1\\\"}]\",\"marks\":\"2\",\"time_to_spend\":\"20\",\"difficulty_level\":\"easy\",\"hint\":\"Hint\",\"explanation\":\"<p>Explanation<\\/p>\\r\\n\",\"explanation_file\":null,\"status\":\"1\",\"created_at\":\"2018-04-03 11:54:47\",\"updated_at\":\"2018-04-03 11:54:50\",\"question_l2\":\"<p><strong>\\u0911\\u092a\\u0930\\u0947\\u0936\\u0928 \\u0926\\u0941\\u0930\\u094d\\u0917\\u093e \\u0915\\u093e \\u0936\\u0941\\u092d\\u093e\\u0930\\u0902\\u092d \\u0939\\u0941\\u0906 ?<\\/strong><\\/p>\\r\\n\",\"explanation_l2\":\"<p><strong>\\u0911\\u092a\\u0930\\u0947\\u0936\\u0928 \\u0926\\u0941\\u0930\\u094d\\u0917\\u093e \\u0915\\u093e \\u0936\\u0941\\u092d\\u093e\\u0930\\u0902\\u092d \\u0939\\u0941\\u0906 ?<\\/strong><\\/p>\\r\\n\"},{\"id\":69,\"subject_id\":\"1\",\"topic_id\":\"1\",\"question_tags\":\"\",\"slug\":\"870fdf55c51a774071efb591b933e82d7cb04d35-68\",\"question_type\":\"audio\",\"question\":\"<p>Who was the first Indian to win the World Amateur Billiards title?<\\/p>\\r\\n\",\"question_file\":\"69question.\",\"question_file_is_url\":\"0\",\"total_answers\":\"1\",\"answers\":\"[{\\\"question\\\":\\\"Who was the first Indian to win the World Amateur Billiards title?\\\",\\\"questionl2\\\":\\\"\\\\u0939\\\\u093e\\\\u0932 \\\\u092e\\\\u0947\\\\u0902 \\\\u0926\\\\u093f\\\\u0902\\\\u0935\\\\u0917\\\\u0924 \\\\u0939\\\\u0941\\\\u090f \\\\u092e\\\\u0932\\\\u094d\\\\u0932\\\\u0940 \\\\u092e\\\\u0938\\\\u094d\\\\u0924\\\\u093e\\\\u0928 \\\\u092c\\\\u093e\\\\u092c\\\\u0942 \\\\u0915\\\\u093e \\\\u0938\\\\u092e\\\\u094d\\\\u092c\\\\u0928\\\\u094d\\\\u0927 \\\\u0928\\\\u093f\\\\u092e\\\\u094d\\\\u0928 \\\\u092e\\\\u0947\\\\u0902 \\\\u0938\\\\u0947 \\\\u0915\\\\u093f\\\\u0938 \\\\u0915\\\\u094d\\\\u0937\\\\u0947\\\\u0924\\\\u094d\\\\u0930 \\\\u0938\\\\u0947 \\\\u0925\\\\u093e?\\\",\\\"total_options\\\":\\\"2\\\",\\\"options\\\":[[\\\"Geet Sethi\\\",\\\"Wilson Jones\\\"]],\\\"optionsl2\\\":[[\\\"\\\\u0915\\\\u0941\\\\u0936\\\\u094d\\\\u0924\\\\u0940\\\",\\\"\\\\u0935\\\\u093e\\\\u0932\\\\u0940\\\\u092c\\\\u093e\\\\u0932\\\"]]}]\",\"total_correct_answers\":\"1\",\"correct_answers\":\"[{\\\"answer\\\":\\\"1\\\"}]\",\"marks\":\"2\",\"time_to_spend\":\"20\",\"difficulty_level\":\"easy\",\"hint\":\"NO hint\",\"explanation\":\"<p>No Explanation<\\/p>\\r\\n\",\"explanation_file\":null,\"status\":\"1\",\"created_at\":\"2018-04-03 11:56:46\",\"updated_at\":\"2018-04-03 11:56:46\",\"question_l2\":\"<p>\\u0939\\u093e\\u0932 \\u092e\\u0947\\u0902 \\u0926\\u093f\\u0902\\u0935\\u0917\\u0924 \\u0939\\u0941\\u090f \\u092e\\u0932\\u094d\\u0932\\u0940 \\u092e\\u0938\\u094d\\u0924\\u093e\\u0928 \\u092c\\u093e\\u092c\\u0942 \\u0915\\u093e \\u0938\\u092e\\u094d\\u092c\\u0928\\u094d\\u0927 \\u0928\\u093f\\u092e\\u094d\\u0928 \\u092e\\u0947\\u0902 \\u0938\\u0947 \\u0915\\u093f\\u0938 \\u0915\\u094d\\u0937\\u0947\\u0924\\u094d\\u0930 \\u0938\\u0947 \\u0925\\u093e?<\\/p>\\r\\n\",\"explanation_l2\":\"\"}]',	NULL,	1,	0,	NULL,	NULL,	NULL,	NULL,	NULL,	'2018-04-03 13:01:19',	'2018-04-03 13:01:19');

DROP TABLE IF EXISTS `resumetemplates`;
CREATE TABLE `resumetemplates` (
  `id` int(10) unsigned NOT NULL AUTO_INCREMENT,
  `title` varchar(100) COLLATE utf8_unicode_ci NOT NULL,
  `resume_key` varchar(100) COLLATE utf8_unicode_ci NOT NULL,
  `status` enum('0','1') COLLATE utf8_unicode_ci DEFAULT NULL,
  `is_default` enum('0','1') COLLATE utf8_unicode_ci DEFAULT NULL,
  `image` varchar(50) COLLATE utf8_unicode_ci NOT NULL,
  `created_at` timestamp NULL DEFAULT NULL,
  `updated_at` timestamp NULL DEFAULT NULL,
  `slug` varchar(50) COLLATE utf8_unicode_ci NOT NULL,
  PRIMARY KEY (`id`)
) ENGINE=InnoDB DEFAULT CHARSET=utf8 COLLATE=utf8_unicode_ci;

INSERT INTO `resumetemplates` (`id`, `title`, `resume_key`, `status`, `is_default`, `image`, `created_at`, `updated_at`, `slug`) VALUES
(1,	'White Template',	'white_template',	'1',	'0',	'1_white-template.jpeg',	'2019-05-29 23:28:13',	'2019-06-10 06:35:23',	'white-template-3'),
(2,	'Green Resume',	'green_template',	'1',	'1',	'2_green-resume-1.jpeg',	'2019-05-29 23:54:57',	'2019-06-10 06:54:34',	'green-template-3'),
(6,	'Yellow Template',	'yellow_template',	'1',	'0',	'6-yellow-template-3.jpeg',	'2019-05-29 23:54:57',	'2019-06-10 06:54:34',	'yellow-template-3');

DROP TABLE IF EXISTS `roles`;
CREATE TABLE `roles` (
  `id` int(10) unsigned NOT NULL AUTO_INCREMENT,
  `name` varchar(255) COLLATE utf8_unicode_ci NOT NULL,
  `display_name` varchar(255) COLLATE utf8_unicode_ci DEFAULT NULL,
  `description` varchar(255) COLLATE utf8_unicode_ci DEFAULT NULL,
  `created_at` timestamp NULL DEFAULT NULL,
  `updated_at` timestamp NULL DEFAULT NULL,
  PRIMARY KEY (`id`),
  UNIQUE KEY `roles_name_unique` (`name`)
) ENGINE=InnoDB DEFAULT CHARSET=utf8 COLLATE=utf8_unicode_ci;

INSERT INTO `roles` (`id`, `name`, `display_name`, `description`, `created_at`, `updated_at`) VALUES
(1,	'owner',	'Owner',	'Owner of this account',	'2016-06-08 03:32:59',	'2016-06-08 03:32:59'),
(2,	'admin',	'Admin',	'Admin of this Account',	'2016-06-08 03:33:19',	'2016-06-08 03:33:19'),
(5,	'student',	'Student',	'Student User',	'2016-06-08 04:01:54',	'2016-06-08 04:01:54'),
(6,	'parent',	'Parent User',	'Parent Login',	'2016-06-08 07:35:27',	'2016-06-08 07:35:27');

DROP TABLE IF EXISTS `role_user`;
CREATE TABLE `role_user` (
  `user_id` bigint(20) unsigned NOT NULL,
  `role_id` int(10) unsigned NOT NULL,
  PRIMARY KEY (`user_id`,`role_id`),
  KEY `role_user_role_id_foreign` (`role_id`),
  CONSTRAINT `role_user_ibfk_1` FOREIGN KEY (`user_id`) REFERENCES `users` (`id`) ON DELETE CASCADE ON UPDATE CASCADE,
  CONSTRAINT `role_user_role_id_foreign` FOREIGN KEY (`role_id`) REFERENCES `roles` (`id`) ON DELETE CASCADE ON UPDATE CASCADE
) ENGINE=InnoDB DEFAULT CHARSET=utf8 COLLATE=utf8_unicode_ci;

INSERT INTO `role_user` (`user_id`, `role_id`) VALUES
(1,	1),
(12,	2),
(7,	5),
(17,	5),
(18,	5),
(19,	5),
(20,	5),
(21,	5),
(22,	5),
(23,	5),
(24,	5),
(25,	5),
(26,	5),
(27,	5),
(28,	5),
(29,	5),
(47,	5),
(48,	5),
(49,	5),
(50,	5),
(51,	5),
(10,	6);

DROP TABLE IF EXISTS `settings`;
CREATE TABLE `settings` (
  `id` int(10) unsigned NOT NULL AUTO_INCREMENT,
  `title` varchar(50) COLLATE utf8_unicode_ci NOT NULL,
  `key` varchar(255) COLLATE utf8_unicode_ci DEFAULT NULL,
  `slug` varchar(255) COLLATE utf8_unicode_ci DEFAULT NULL,
  `image` varchar(50) COLLATE utf8_unicode_ci DEFAULT NULL,
  `settings_data` text COLLATE utf8_unicode_ci,
  `description` text COLLATE utf8_unicode_ci NOT NULL,
  `created_at` timestamp NULL DEFAULT NULL,
  `updated_at` timestamp NULL DEFAULT NULL,
  PRIMARY KEY (`id`),
  UNIQUE KEY `settings_key_unique` (`key`),
  UNIQUE KEY `settings_slug_unique` (`slug`)
) ENGINE=InnoDB DEFAULT CHARSET=utf8 COLLATE=utf8_unicode_ci;

INSERT INTO `settings` (`id`, `title`, `key`, `slug`, `image`, `settings_data`, `description`, `created_at`, `updated_at`) VALUES
(1,	'Email Settings',	'email_settings',	'email-settings',	NULL,	'{\"mail_driver\":{\"value\":\"smtp\",\"type\":\"select\",\"extra\":{\"total_options\":\"8\",\"options\":{\"smtp\":\"SMTP\",\"mail\":\"Mail\",\"sparkpost\":\"Sparkpost\",\"sendmail\":\"Sendmail\",\"mailgun\":\"Mailgun\",\"mandrill\":\"Mandrill\",\"ses\":\"SES\",\"log\":\"Log\"}},\"tool_tip\":\"Driver\"},\"mail_host\":{\"value\":\"smtp.mailtrap.io\",\"type\":\"text\",\"extra\":{\"total_options\":\"8\",\"options\":{\"smtp\":\"SMTP\",\"mail\":\"Mail\",\"sparkpost\":\"Sparkpost\",\"sendmail\":\"Sendmail\",\"mailgun\":\"Mailgun\",\"mandrill\":\"Mandrill\",\"ses\":\"SES\",\"log\":\"Log\"}},\"tool_tip\":\"Mail Host\"},\"mail_port\":{\"value\":\"25\",\"type\":\"text\",\"extra\":{\"total_options\":\"8\",\"options\":{\"smtp\":\"SMTP\",\"mail\":\"Mail\",\"sparkpost\":\"Sparkpost\",\"sendmail\":\"Sendmail\",\"mailgun\":\"Mailgun\",\"mandrill\":\"Mandrill\",\"ses\":\"SES\",\"log\":\"Log\"}},\"tool_tip\":\"Mail Port no\"},\"mail_username\":{\"value\":\"3e69164d1b9d8a\",\"type\":\"text\",\"extra\":{\"total_options\":\"8\",\"options\":{\"smtp\":\"SMTP\",\"mail\":\"Mail\",\"sparkpost\":\"Sparkpost\",\"sendmail\":\"Sendmail\",\"mailgun\":\"Mailgun\",\"mandrill\":\"Mandrill\",\"ses\":\"SES\",\"log\":\"Log\"}},\"tool_tip\":\"Mail Username\"},\"mail_password\":{\"value\":\"d22f730d4faaeb\",\"type\":\"password\",\"extra\":{\"total_options\":\"8\",\"options\":{\"smtp\":\"SMTP\",\"mail\":\"Mail\",\"sparkpost\":\"Sparkpost\",\"sendmail\":\"Sendmail\",\"mailgun\":\"Mailgun\",\"mandrill\":\"Mandrill\",\"ses\":\"SES\",\"log\":\"Log\"}},\"tool_tip\":\"Password\"},\"mail_encryption\":{\"value\":\"\",\"type\":\"text\",\"extra\":{\"total_options\":\"8\",\"options\":{\"smtp\":\"SMTP\",\"mail\":\"Mail\",\"sparkpost\":\"Sparkpost\",\"sendmail\":\"Sendmail\",\"mailgun\":\"Mailgun\",\"mandrill\":\"Mandrill\",\"ses\":\"SES\",\"log\":\"Log\"}},\"tool_tip\":\"Mail Encryption\"}}',	'Contains all the settings related to emails',	'2016-08-28 23:55:26',	'2019-06-07 12:06:25'),
(4,	'Paypal Settings',	'paypal',	'paypal',	'Zw7qp7b7lc2yCvM.png',	'{\"email\":{\"value\":\"\",\"type\":\"email\",\"extra\":\"\",\"tool_tip\":\"Paypal Email\"},\"currency\":{\"value\":\"USD\",\"type\":\"text\",\"extra\":\"\",\"tool_tip\":\"Default Currency\"},\"image\":{\"value\":\"fCStst6ekDhWzfL.png\",\"type\":\"file\",\"extra\":\"\",\"tool_tip\":\"Image to display at Paypal payment gateway\"},\"account_type\":{\"value\":\"sandbox\",\"type\":\"select\",\"extra\":{\"total_options\":\"2\",\"options\":{\"sandbox\":\"Sandbox\",\"live\":\"Live\"}},\"tool_tip\":\"Account Type Development (sandbox)\\/ Production (live)\"}}',	'Contains paypal config details',	'2016-09-08 03:38:30',	'2018-04-04 15:10:59'),
(5,	'PayU Settings',	'payu',	'payu',	NULL,	'{\"payu_merchant_key\":{\"value\":\"\",\"type\":\"text\",\"extra\":\"\",\"tool_tip\":\"PayU Merchent Key\"},\"payu_salt\":{\"value\":\"\",\"type\":\"text\",\"extra\":\"\",\"tool_tip\":\"PayU Salt\"},\"payu_working_key\":{\"value\":\"\",\"type\":\"text\",\"extra\":\"\",\"tool_tip\":\"PayU Working Key\"},\"payu_testmode\":{\"value\":\"true\",\"type\":\"select\",\"extra\":{\"total_options\":\"2\",\"options\":{\"true\":\"Yes\",\"false\":\"No\"}},\"tool_tip\":\"Set PayU in Test Mode\"}}',	'Payu Settings',	'2016-09-09 01:25:33',	'2018-04-04 15:11:07'),
(6,	'Site Settings',	'site_settings',	'site-settings',	NULL,	'{\"site_title\":{\"value\":\"Menorah OES - Online Learning and Examination System\",\"type\":\"text\",\"extra\":\"\",\"tool_tip\":\"Site Title\"},\"site_logo\":{\"value\":\"UA9om04LXF1bxJL.png\",\"type\":\"file\",\"extra\":\"\",\"tool_tip\":\"Site Logo\"},\"site_address\":{\"value\":\"8929 Fremont Court \\r\\nMchenry, \\r\\nIL 60050\",\"type\":\"textarea\",\"extra\":\"\",\"tool_tip\":\"Address\"},\"site_city\":{\"value\":\"Hyderabad\",\"type\":\"text\",\"extra\":\"\",\"tool_tip\":\"City\"},\"site_favicon\":{\"value\":\"Wg9dSY7az6WgXpO.png\",\"type\":\"file\",\"extra\":\"\",\"tool_tip\":\"Favicon\"},\"site_state\":{\"value\":\"Telangana\",\"type\":\"text\",\"extra\":\"\",\"tool_tip\":\"State\"},\"site_country\":{\"value\":\"India\",\"type\":\"text\",\"extra\":\"\",\"tool_tip\":\"Country\"},\"site_zipcode\":{\"value\":\"500018\",\"type\":\"text\",\"extra\":\"\",\"tool_tip\":\"Postal Code\"},\"site_phone\":{\"value\":\"1234567891\",\"type\":\"text\",\"extra\":\"\",\"tool_tip\":\"Phone\"},\"system_timezone\":{\"value\":\"Asia\\/Kolkata\",\"type\":\"text\",\"extra\":\"\",\"tool_tip\":\"Refer http:\\/\\/php.net\\/manual\\/en\\/timezones.php\"},\"phone_number_expression\":{\"value\":\"\\/^\\\\d{10}$\\/\",\"type\":\"text\",\"extra\":\"\",\"tool_tip\":\"Give regular expression for your phone no.\"},\"background_image\":{\"value\":\"j6UeCUapE5oxR45.png\",\"type\":\"file\",\"extra\":\"\",\"tool_tip\":\"Background image at front end before login\"},\"currency_code\":{\"value\":\"$\",\"type\":\"text\",\"extra\":\"\",\"tool_tip\":\"Enter currency symbol\"},\"facebook_login\":{\"value\":\"https:\\\\\\/\\\\\\/www.facebook.com\\\\\\/\",\"type\":\"text\",\"extra\":\"\",\"tool_tip\":\"Face Book\"},\"google_plus_login\":{\"value\":\"https:\\\\\\/\\\\\\/plus.google.com\\\\\\/up\\\\\\/accounts\\\\\\/upgrade\\\\\\/?continue=https:\\\\\\/\\\\\\/plus.google.com\\\\\\/people\",\"type\":\"text\",\"extra\":\"\",\"tool_tip\":\"Google Plus Login\"},\"exam_layout\":{\"value\":\"layout2\",\"type\":\"select\",\"extra\":{\"total_options\":\"2\",\"options\":{\"layout1\":\"Layout one\",\"layout2\":\"Layout two\"}},\"tool_tip\":\"Exam Layout\"}}',	'Here you can manage the title, logo, favicon and all general settings',	'2016-09-29 06:46:54',	'2019-06-12 06:29:59'),
(7,	'Seo Settings',	'seo_settings',	'seo-settings-1',	NULL,	'{\"meta_description\":{\"value\":\"Menorah Online Examination System\",\"type\":\"textarea\",\"extra\":\"\",\"tool_tip\":\"Site Meta Description\"},\"meta_keywords\":{\"value\":\"Menorah Online Examination System\",\"type\":\"textarea\",\"extra\":\"\",\"tool_tip\":\"Site Meta Keywords\"},\"google_analytics\":{\"value\":\"<!-- Google Analytics -->\\r\\n<script>\\r\\n(function(i,s,o,g,r,a,m){i[\'GoogleAnalyticsObject\']=r;i[r]=i[r]||function(){\\r\\n(i[r].q=i[r].q||[]).push(arguments)},i[r].l=1*new Date();a=s.createElement(o),\\r\\nm=s.getElementsByTagName(o)[0];a.async=1;a.src=g;m.parentNode.insertBefore(a,m)\\r\\n})(window,document,\'script\',\'https:\\/\\/www.google-analytics.com\\/analytics.js\',\'ga\');\\r\\n\\r\\nga(\'create\', \'UA-XXXXX-Y\', \'auto\');\\r\\nga(\'send\', \'pageview\');\\r\\n<\\/script>\\r\\n<!-- End Google Analytics -->\",\"type\":\"textarea\",\"extra\":\"\",\"tool_tip\":\"Update your google analytics code\"}}',	'Contains all SEO settings',	'2016-09-30 13:33:46',	'2016-11-24 05:53:39'),
(8,	'Payment Gateways',	'payment_gateways',	'payment-gateways',	NULL,	'{\"offline_payment_information\":{\"value\":\"1) Pay the amount through DD\\/Check\\/Deposit in favor of Admin, Academia, India <br\\/>\\r\\n2) Update the Payment information in the below box <br\\/>\\r\\n3) Admin will validate the payment details and update your subscription <br\\/>\",\"type\":\"textarea\",\"extra\":\"\",\"tool_tip\":\"Information related to offline payment\"}}',	'Contains all list of payment gateways in the system and the status of availability ',	'2016-10-02 09:48:19',	'2017-01-23 11:17:28'),
(9,	'Modules Management',	'module',	'module',	NULL,	'{\"payu\":{\"value\":\"1\",\"type\":\"checkbox\",\"extra\":\"\",\"tool_tip\":\"Enable\\/Disable PayU Payment Gateway\"},\"paypal\":{\"value\":\"1\",\"type\":\"checkbox\",\"extra\":\"\",\"tool_tip\":\"Enable\\/Disable Paypal Payment Gateway\"},\"razorpay\":{\"value\":\"1\",\"type\":\"checkbox\",\"extra\":\"\",\"tool_tip\":\"Enable\\/Disable Razorpay Payment Gateway\"},\"messaging\":{\"value\":\"1\",\"type\":\"checkbox\",\"extra\":\"\",\"tool_tip\":\"Enable\\/Disable Messaging Module\"},\"parent\":{\"value\":\"1\",\"type\":\"checkbox\",\"extra\":\"\",\"tool_tip\":\"Enable\\/Disable Parent Module\"},\"coupons\":{\"value\":\"1\",\"type\":\"checkbox\",\"extra\":\"\",\"tool_tip\":\"Enable\\/Disable Coupons Module\"},\"offline_payment\":{\"value\":\"1\",\"type\":\"checkbox\",\"extra\":\"\",\"tool_tip\":\"Enable\\/Disable Offline Payment Option\"},\"certificate\":{\"value\":\"1\",\"type\":\"checkbox\",\"extra\":\"\",\"tool_tip\":\"Enable\\/Disable Certificate Module\"},\"show_foreign_key_constraint\":{\"value\":0,\"type\":\"checkbox\",\"extra\":\"\",\"tool_tip\":\"sho foreign key constraint message at delete operation\"},\"facebook_login\":{\"value\":0,\"type\":\"checkbox\",\"extra\":\"\",\"tool_tip\":\"Enable\\/Disable Facebook Login\"},\"google_plus_login\":{\"value\":0,\"type\":\"checkbox\",\"extra\":\"\",\"tool_tip\":\"Enable\\/Disable Google+ Login\"}}',	'You can enable or disable modules in the system',	'2016-10-12 11:36:22',	'2018-04-04 14:46:11'),
(11,	'Certificate',	'certificate',	'certificate',	NULL,	'{\"logo\":{\"value\":\"BHJ3ILUWVH4uPH9.png\",\"type\":\"file\",\"extra\":\"\",\"tool_tip\":\"Header logo of certificate\"},\"content\":{\"value\":\"<span style=\\\"font-size:18px; font-style:italic;\\\">This is to certify that <b style=\\\"padding:0 10px; font-size:22px;\\\">{{$username}}<\\/b> Lorem Ipsum is simply dummy text <b style=\\\"padding:0 10px; font-size:22px;\\\">{{$course_name}}<\\/b> of the printing with score of <b style=\\\"padding:0 10px; font-size:22px;\\\">{{$marks}}<\\/b> and typesetting industry. Lorem Ipsum has been the industry\'s standard dummy text ever since the 1500s, when an unknown printer took<\\/span>\",\"type\":\"textarea\",\"extra\":\"\",\"tool_tip\":\"Content for the certificate\"},\"left_sign_image\":{\"value\":\"5Ci7Olem7IgiGnv.png\",\"type\":\"file\",\"extra\":\"\",\"tool_tip\":\"Left Sign Image\"},\"right_sign_image\":{\"value\":\"5ANb26yLV5pNSfc.png\",\"type\":\"file\",\"extra\":\"\",\"tool_tip\":\"Right Sign Image\"},\"left_sign_name\":{\"value\":\"Kiran\",\"type\":\"text\",\"extra\":\"\",\"tool_tip\":\"Left Sign Name\"},\"right_sign_name\":{\"value\":\"Kumar\",\"type\":\"text\",\"extra\":\"\",\"tool_tip\":\"Right Sign Name\"},\"left_sign_designation\":{\"value\":\"Course Teacher\",\"type\":\"text\",\"extra\":\"\",\"tool_tip\":\"Left Sign Designation\"},\"right_sign_designation\":{\"value\":\"Admin\",\"type\":\"text\",\"extra\":\"\",\"tool_tip\":\"Right Sign Designation\"},\"watermark_image\":{\"value\":\"Lotdj6RBOtuf5Y4.png\",\"type\":\"file\",\"extra\":\"\",\"tool_tip\":\"Water Mark Image for transparent background\"},\"bottom_middle_logo\":{\"value\":\"RY8Vk1iWBjkQ9Yb.png\",\"type\":\"file\",\"extra\":\"\",\"tool_tip\":\"Bottom middle logo\"}}',	'This Module contains the settings for Certificate',	'2016-10-13 06:57:36',	'2016-11-24 05:47:39'),
(12,	'Social Logins',	'social_logins',	'social-logins',	NULL,	'{\"facebook_client_id\":{\"value\":\"\",\"type\":\"text\",\"extra\":\"\",\"tool_tip\":\"Facebook Client ID\"},\"facebook_client_secret\":{\"value\":\"\",\"type\":\"text\",\"extra\":\"\",\"tool_tip\":\"Facebook Client Secret\"},\"facebook_redirect_url\":{\"value\":\"\",\"type\":\"text\",\"extra\":\"\",\"tool_tip\":\"It should be http (or) https:\\/\\/yourservername\\/auth\\/google\\/callback\"},\"google_client_id\":{\"value\":\"\",\"type\":\"text\",\"extra\":\"\",\"tool_tip\":\"Google Plus Client ID\"},\"Google_client_secret\":{\"value\":\"\",\"type\":\"text\",\"extra\":\"\",\"tool_tip\":\"Google Client Secret Key\"},\"google_redirect_url\":{\"value\":\"\",\"type\":\"text\",\"extra\":\"\",\"tool_tip\":\"http (or) https:\\/\\/yourserver.com\\/auth\\/google\\/callback\"}}',	'Add/Update Settings for Social Logins (Facebook and Google plus)',	'2016-10-28 10:56:37',	'2018-04-04 15:11:44'),
(13,	'Messaging System',	'messaging_system',	'messaging-system',	NULL,	'{\"messaging_system_for\":{\"value\":\"all\",\"type\":\"select\",\"extra\":{\"total_options\":\"2\",\"options\":{\"all\":\"All\",\"admin\":\"Admin and Student\"}},\"tool_tip\":\"To whome you want to use this system\"}}',	'',	'2016-10-29 16:33:37',	'2016-10-31 13:41:19'),
(14,	'SMS Settings',	'sms_settings',	'sms-settings',	NULL,	'{\"sms_driver\":{\"value\":\"nexmo\",\"type\":\"select\",\"extra\":{\"total_options\":\"3\",\"options\":{\"nexmo\":\"NEXMO\",\"plivo\":\"PLIVO\",\"twilio\":\"TWILIO\"}},\"tool_tip\":\"Select SMS driver\"},\"nexmo_key\":{\"value\":\"NEXMO_KEY\",\"type\":\"text\",\"extra\":{\"total_options\":\"3\",\"options\":{\"nexmo\":\"NEXMO\",\"plivo\":\"PLIVO\",\"twilio\":\"TWILIO\"}},\"tool_tip\":\"Nexmo API Key\"},\"nexmo_secret\":{\"value\":\"NEXMO_SECRET\",\"type\":\"text\",\"extra\":{\"total_options\":\"3\",\"options\":{\"nexmo\":\"NEXMO\",\"plivo\":\"PLIVO\",\"twilio\":\"TWILIO\"}},\"tool_tip\":\"Enter Nexmo Secret Key\"},\"plivo_auth_id\":{\"value\":\"PLIVO_AUTH_ID\",\"type\":\"text\",\"extra\":{\"total_options\":\"3\",\"options\":{\"nexmo\":\"NEXMO\",\"plivo\":\"PLIVO\",\"twilio\":\"TWILIO\"}},\"tool_tip\":\"Enter Plivo Auth ID\"},\"plivo_auth_token\":{\"value\":\"PLIVO_AUTH_TOKEN\",\"type\":\"text\",\"extra\":{\"total_options\":\"3\",\"options\":{\"nexmo\":\"NEXMO\",\"plivo\":\"PLIVO\",\"twilio\":\"TWILIO\"}},\"tool_tip\":\"Plivo Auth Token\"},\"twilio_sid\":{\"type\":\"text\",\"value\":\"TWILIO_SID\",\"extra\":\"\",\"tool_tip\":\"Twilio SID\"},\"twilio_token\":{\"type\":\"text\",\"value\":\"TWILIO_TOKEN\",\"extra\":\"\",\"tool_tip\":\"Twilio Token\"}}',	'Contains settings for SMS',	'2017-01-25 05:10:09',	'2017-01-25 05:30:16'),
(23,	'Site Pages',	'site_pages',	'site-pages-11',	NULL,	'{\r\n	\"privacy-policy\": {\r\n		\"value\": \"   <section class=\\\"terms-conditon\\\">\\r\\n    <div class=\\\"container\\\">\\r\\n        <div class=\\\"row\\\">\\r\\n            <div class=\\\"col-md-12 mps-common\\\">\\r\\n                <h1 class=\\\"text-center\\\">Privacy and Policy<\\/h1>\\r\\n                <div class=\\\"row\\\">\\r\\n                    <div class=\\\"col-md-12 mps-common\\\">\\r\\n                        <p>only five centuries, but also the leap into electronic typesetting, remaining essentially unchanged. It was popularised in the 1960s with the release of Letraset sheets containing Lorem Ipsum passages, and more recently with desktop publishing software like Aldus PageMaker including versions of Lorem Ipsum<\\/p>\\r\\n                        <p>as opposed to using Content here, content here, making it look like readable English. Many desktop publishing packages and web page editors now use Lorem Ipsum as their default model text, and a search for lorem ipsum will uncover many web sites still in their infancy. Various versions have evolved over the years, sometimes by accident, sometimes on purpose (injected humour and the like).<\\/p>\\r\\n                        <p>A more sophisticated version of this document is available on website: <a href=\\\"javascript:void(0);\\\">privacy and cookies policy.<\\/a><\\/p>\\r\\n                        \\r\\n                    <\\/div>\\r\\n                    <div class=\\\"col-md-12 mps-common\\\">\\r\\n                        <h4>More Information About Privacy Policies:<\\/h4>\\r\\n                        <p><i class=\\\"fa fa-check-square-o\\\" aria-hidden=\\\"true\\\"><\\/i> categories of personal information collected by the website<\\/p>\\r\\n                        <p><i class=\\\"fa fa-check-square-o\\\" aria-hidden=\\\"true\\\"><\\/i> categories of personal information collected by the website<\\/p>\\r\\n                        <p><i class=\\\"fa fa-check-square-o\\\" aria-hidden=\\\"true\\\"><\\/i> categories of personal information collected by the website<\\/p>\\r\\n                        <p><i class=\\\"fa fa-check-square-o\\\" aria-hidden=\\\"true\\\"><\\/i> categories of personal information collected by the website<\\/p>\\r\\n                        <p><i class=\\\"fa fa-check-square-o\\\" aria-hidden=\\\"true\\\"><\\/i> categories of personal information collected by the website<\\/p>\\r\\n                        <p>only five centuries, but also the leap into electronic typesetting, remaining essentially unchanged. It was popularised in the 1960s with the release of Letraset sheets containing Lorem Ipsum passages, and more recently with desktop publishing software like Aldus PageMaker including versions of Lorem Ipsum<\\/p>\\r\\n                        <p>as opposed to using Content here, content here, making it look like readable English. Many desktop publishing packages and web page editors now use Lorem Ipsum as their default model text, and a search for lorem ipsum will uncover many web sites still in their infancy. Various versions have evolved over the years, sometimes by accident, sometimes on purpose (injected humour and the like).<\\/p>\\r\\n                        \\r\\n                        \\r\\n                       <!-- <p class=\\\"dual-btns\\\"> <a href=\\\"#\\\" class=\\\"btn-demo\\\">Download<\\/a> <a href=\\\"#\\\" class=\\\"btn-buy\\\">Get Licence<\\/a> <\\/p>-->\\r\\n                        <p><strong>Note:<\\/strong>If you use the free privacy policy, you must retain the credit for OES. However, if you purchase the equivalent document on website, you will get access to a copy of the document that omits the credit.<\\/p>\\r\\n                        \\r\\n                    <\\/div>\\r\\n                <\\/div>\\r\\n            <\\/div>\\r\\n        <\\/div>\\r\\n    <\\/div>\\r\\n<\\/section>\",\r\n		\"type\": \"textarea\",\r\n		\"extra\": \"\",\r\n		\"tool_tip\": \"Privacy Policy Page\"\r\n	},\r\n	\"terms-conditions\": {\r\n		\"value\": \" <section class=\\\"terms-conditon\\\">\\r\\n      <div class=\\\"container\\\">\\r\\n        <div class=\\\"row\\\">\\r\\n           <div class=\\\"col-md-12 mps-common\\\">\\r\\n              <h1 class=\\\"text-center\\\">Terms and Conditions<\\/h1>  \\r\\n                <div class=\\\"row\\\">\\r\\n                   <div class=\\\"col-md-12 mps-common\\\">\\r\\n                        \\r\\n                    <h4>General<\\/h4>\\r\\n                    <p>only five centuries, but also the leap into electronic typesetting, remaining essentially unchanged. It was popularised in the 1960s with the release of Letraset sheets containing Lorem Ipsum passages, and more recently with desktop publishing software like Aldus PageMaker including versions of Lorem Ipsum<\\/p>\\r\\n\\r\\n                    <p>as opposed to using Content here, content here, making it look like readable English. Many desktop publishing packages and web page editors now use Lorem Ipsum as their default model text, and a search for lorem ipsum will uncover many web sites still in their infancy. Various versions have evolved over the years, sometimes by accident, sometimes on purpose (injected humour and the like).<\\/p>\\r\\n\\r\\n                    <p>Contrary to popular belief, Lorem Ipsum is not simply random text. It has roots in a piece of classical Latin literature from 45 BC, making it over 2000 years old. Richard McClintock, a Latin professor at Hampden-Sydney College in Virginia, looked up one of the more obscure Latin words, consectetur, from a Lorem Ipsum passage, and going through the cites of the word in classical literature, discovered the undoubtable source. Lorem Ipsum comes from sections 1.10.32 and 1.10.33 of \\\"de Finibus Bonorum et Malorum\\\"<\\/p>\\r\\n                \\r\\n               <\\/div>\\r\\n               \\r\\n               <div class=\\\"col-md-12 mps-common\\\">\\r\\n                        \\r\\n                    <h4>Services<\\/h4>\\r\\n                    <p>only five centuries, but also the leap into electronic typesetting, remaining essentially unchanged. It was popularised in the 1960s with the release of Letraset sheets containing Lorem Ipsum passages, and more recently with desktop publishing software like Aldus PageMaker including versions of Lorem Ipsum<\\/p>\\r\\n\\r\\n                    <p>as opposed to using Content here, content here, making it look like readable English. Many desktop publishing packages and web page editors now use Lorem Ipsum as their default model text, and a search for lorem ipsum will uncover many web sites still in their infancy. Various versions have evolved over the years, sometimes by accident, sometimes on purpose (injected humour and the like).<\\/p>\\r\\n\\r\\n                    <p>Contrary to popular belief, Lorem Ipsum is not simply random text. It has roots in a piece of classical Latin literature from 45 BC, making it over 2000 years old. Richard McClintock, a Latin professor at Hampden-Sydney College in Virginia, looked up one of the more obscure Latin words, consectetur, from a Lorem Ipsum passage, and going through the cites of the word in classical literature, discovered the undoubtable source. Lorem Ipsum comes from sections 1.10.32 and 1.10.33 of \\\"de Finibus Bonorum et Malorum\\\"<\\/p>\\r\\n                \\r\\n               <\\/div>\\r\\n               \\r\\n               \\r\\n               <div class=\\\"col-md-12 mps-common\\\">\\r\\n                        \\r\\n                    <h4>Service Fees \\/ Payments \\/ Invoices<\\/h4>\\r\\n                    <p>only five centuries, but also the leap into electronic typesetting, remaining essentially unchanged. It was popularised in the 1960s with the release of Letraset sheets containing Lorem Ipsum passages, and more recently with desktop publishing software like Aldus PageMaker including versions of Lorem Ipsum<\\/p>\\r\\n\\r\\n                    <p>as opposed to using Content here, content here, making it look like readable English. Many desktop publishing packages and web page editors now use Lorem Ipsum as their default model text, and a search for lorem ipsum will uncover many web sites still in their infancy. Various versions have evolved over the years, sometimes by accident, sometimes on purpose (injected humour and the like).<\\/p>\\r\\n\\r\\n                    <p>Contrary to popular belief, Lorem Ipsum is not simply random text. It has roots in a piece of classical Latin literature from 45 BC, making it over 2000 years old. Richard McClintock, a Latin professor at Hampden-Sydney College in Virginia, looked up one of the more obscure Latin words, consectetur, from a Lorem Ipsum passage, and going through the cites of the word in classical literature, discovered the undoubtable source. Lorem Ipsum comes from sections 1.10.32 and 1.10.33 of \\\"de Finibus Bonorum et Malorum\\\"<\\/p>\\r\\n                \\r\\n               <\\/div>\\r\\n               \\r\\n               <div class=\\\"col-md-12 mps-common\\\">\\r\\n                        \\r\\n                    <h4>Termination \\/ Plan Change \\/ Refund Policy<\\/h4>\\r\\n                    <p>only five centuries, but also the leap into electronic typesetting, remaining essentially unchanged. It was popularised in the 1960s with the release of Letraset sheets containing Lorem Ipsum passages, and more recently with desktop publishing software like Aldus PageMaker including versions of Lorem Ipsum<\\/p>\\r\\n\\r\\n                    <p>as opposed to using Content here, content here, making it look like readable English. Many desktop publishing packages and web page editors now use Lorem Ipsum as their default model text, and a search for lorem ipsum will uncover many web sites still in their infancy. Various versions have evolved over the years, sometimes by accident, sometimes on purpose (injected humour and the like).<\\/p>\\r\\n\\r\\n                    <p>Contrary to popular belief, Lorem Ipsum is not simply random text. It has roots in a piece of classical Latin literature from 45 BC, making it over 2000 years old. Richard McClintock, a Latin professor at Hampden-Sydney College in Virginia, looked up one of the more obscure Latin words, consectetur, from a Lorem Ipsum passage, and going through the cites of the word in classical literature, discovered the undoubtable source. Lorem Ipsum comes from sections 1.10.32 and 1.10.33 of \\\"de Finibus Bonorum et Malorum\\\"<\\/p>\\r\\n                \\r\\n               <\\/div>\\r\\n               \\r\\n               <div class=\\\"col-md-12 mps-common\\\">\\r\\n                        \\r\\n                    <h4>Subscriber Responsibility<\\/h4>\\r\\n                    <p>only five centuries, but also the leap into electronic typesetting, remaining essentially unchanged. It was popularised in the 1960s with the release of Letraset sheets containing Lorem Ipsum passages, and more recently with desktop publishing software like Aldus PageMaker including versions of Lorem Ipsum<\\/p>\\r\\n\\r\\n                    <p>as opposed to using Content here, content here, making it look like readable English. Many desktop publishing packages and web page editors now use Lorem Ipsum as their default model text, and a search for lorem ipsum will uncover many web sites still in their infancy. Various versions have evolved over the years, sometimes by accident, sometimes on purpose (injected humour and the like).<\\/p>\\r\\n\\r\\n                    <p>Contrary to popular belief, Lorem Ipsum is not simply random text. It has roots in a piece of classical Latin literature from 45 BC, making it over 2000 years old. Richard McClintock, a Latin professor at Hampden-Sydney College in Virginia, looked up one of the more obscure Latin words, consectetur, from a Lorem Ipsum passage, and going through the cites of the word in classical literature, discovered the undoubtable source. Lorem Ipsum comes from sections 1.10.32 and 1.10.33 of \\\"de Finibus Bonorum et Malorum\\\"<\\/p>\\r\\n                \\r\\n               <\\/div>\\r\\n               \\r\\n               <div class=\\\"col-md-12 mps-common\\\">\\r\\n                        \\r\\n                    <h4>Entire Agreement<\\/h4>\\r\\n                    <p>only five centuries, but also the leap into electronic typesetting, remaining essentially unchanged. It was popularised in the 1960s with the release of Letraset sheets containing Lorem Ipsum passages, and more recently with desktop publishing software like Aldus PageMaker including versions of Lorem Ipsum<\\/p>\\r\\n\\r\\n                    <p>as opposed to using Content here, content here, making it look like readable English. Many desktop publishing packages and web page editors now use Lorem Ipsum as their default model text, and a search for lorem ipsum will uncover many web sites still in their infancy. Various versions have evolved over the years, sometimes by accident, sometimes on purpose (injected humour and the like).<\\/p>\\r\\n\\r\\n                    <p>Contrary to popular belief, Lorem Ipsum is not simply random text. It has roots in a piece of classical Latin literature from 45 BC, making it over 2000 years old. Richard McClintock, a Latin professor at Hampden-Sydney College in Virginia, looked up one of the more obscure Latin words, consectetur, from a Lorem Ipsum passage, and going through the cites of the word in classical literature, discovered the undoubtable source. Lorem Ipsum comes from sections 1.10.32 and 1.10.33 of \\\"de Finibus Bonorum et Malorum\\\"<\\/p>\\r\\n                \\r\\n               <\\/div>\\r\\n            <\\/div>\\r\\n          <\\/div>      \\r\\n        <\\/div>      \\r\\n      <\\/div>\\r\\n    <\\/section>\",\r\n		\"type\": \"textarea\",\r\n		\"extra\": \"\",\r\n		\"tool_tip\": \"Terms & Conditions page\"\r\n	},\r\n\r\n	\"copyrights\": {\r\n		\"value\": \" Copyright \\u00a9 2009 - 2017 Conquerors Software Technologies Pvt. Ltd. All Rights Reserved\",\r\n		\"type\": \"text\",\r\n		\"extra\": \"\",\r\n		\"tool_tip\": \"Copy Rights Information\"\r\n	}\r\n}',	'This setting holds the static pages in the site',	'2017-12-18 06:53:10',	'2018-02-04 12:38:43'),
(24,	'Recaptcha Settings',	'recaptcha_settings',	'recaptcha-settings',	NULL,	'{\"enable_rechaptcha\":{\"value\":\"no\",\"type\":\"select\",\"extra\":{\"total_options\":\"2\",\"options\":{\"no\":\"No\",\"yes\":\"Yes\"}},\"tool_tip\":\"Make yes to active reChaptcha while in login and registration\"},\"nocaptcha_secret\":{\"value\":\"\",\"type\":\"text\",\"extra\":{\"total_options\":\"2\",\"options\":{\"no\":\"No\",\"yes\":\"Yes\"}},\"tool_tip\":\"Enter Your Rechaptcha Secret Key\"},\"nocaptcha_sitekey\":{\"value\":\"\",\"type\":\"text\",\"extra\":{\"total_options\":\"2\",\"options\":{\"no\":\"No\",\"yes\":\"Yes\"}},\"tool_tip\":\"Enter Your Rechaptcha Site Key\"}}',	'Plese update your Rechaptcha Site Key and SECRET Key.',	NULL,	'2018-04-04 15:10:36'),
(25,	'Razorpay Settings',	'razorpay_settings',	'razorpay-settings',	NULL,	'{\"razorpay_apikey\":{\"value\":\"rzp_test_kHVGcpircyY0UX\",\"type\":\"text\",\"extra\":\"\",\"tool_tip\":\"Razorpay API Key\"},\"razorpay_secret\":{\"value\":\"KOUGytAYlS89VZiYGDYoQeUk\",\"type\":\"text\",\"extra\":\"\",\"tool_tip\":\"Razorpay Secret Key\"}}',	'Razorpay API details',	NULL,	'2019-06-07 12:10:24'),
(26,	'Mobile Payment Gateways',	'mobile_gateways',	'mobile-gateways',	NULL,	'{\"payu\":{\"value\":\"1\",\"type\":\"checkbox\",\"extra\":\"\",\"tool_tip\":\"Enable\\/Disable PayU Payment Gateway\"},\"paypal\":{\"value\":\"1\",\"type\":\"checkbox\",\"extra\":\"\",\"tool_tip\":\"Enable\\/Disable Paypal Payment Gateway\"},\"razorpay\":{\"value\":\"1\",\"type\":\"checkbox\",\"extra\":\"\",\"tool_tip\":\"Enable\\/Disable Razorpay Module\"},\"offline_payment\":{\"value\":\"1\",\"type\":\"checkbox\",\"extra\":\"\",\"tool_tip\":\"Enable\\/Disable Offline Payment Option\"}}',	'You can enable or disable payment gateways for mobile app',	'2019-05-31 09:15:56',	'2019-05-31 09:15:56'),
(27,	'Push Notification Settings',	'push_notification',	'push-notification',	NULL,	'{\"fcm_server_key\":{\"value\":\"AIzaSyDz8dA5Jf7YaxPU7Tj9wRLMGM-AcwqFps8\",\"type\":\"text\",\"extra\":\"\",\"tool_tip\":\"FCM Server Key\"},\"fcm_sender_id\":{\"value\":\"583200417847\",\"type\":\"text\",\"extra\":\"\",\"tool_tip\":\"FCM Sender ID\"}}',	'Add/Update Settings for FCM Notifications for Mobile App',	'2019-05-31 09:15:56',	'2019-06-10 09:18:15');

DROP TABLE IF EXISTS `site_user_subscription`;
CREATE TABLE `site_user_subscription` (
  `id` bigint(20) NOT NULL AUTO_INCREMENT,
  `email` varchar(200) DEFAULT NULL,
  `created_at` datetime NOT NULL,
  `updated_at` datetime NOT NULL,
  PRIMARY KEY (`id`)
) ENGINE=InnoDB DEFAULT CHARSET=utf8;

INSERT INTO `site_user_subscription` (`id`, `email`, `created_at`, `updated_at`) VALUES
(1,	'Student@student.com',	'2018-04-04 07:38:41',	'2018-04-04 07:38:41'),
(2,	'eric@student.com',	'2018-04-04 07:39:10',	'2018-04-04 07:39:10'),
(3,	'jan@student.com',	'2018-04-04 07:39:18',	'2018-04-04 07:39:18'),
(4,	'parent@parent.com',	'2018-04-04 07:39:26',	'2018-04-04 07:39:26'),
(5,	'alison@student.com',	'2018-04-04 07:39:34',	'2018-04-04 07:39:34'),
(6,	'amy@student.com',	'2018-04-04 07:39:46',	'2018-04-04 07:39:46'),
(7,	'cstplmanohar@gmail.com',	'2019-06-10 13:14:00',	'2019-06-10 13:14:00');

DROP TABLE IF EXISTS `subjects`;
CREATE TABLE `subjects` (
  `id` bigint(20) unsigned NOT NULL AUTO_INCREMENT,
  `subject_title` varchar(50) COLLATE utf8_unicode_ci NOT NULL,
  `subject_code` varchar(20) COLLATE utf8_unicode_ci NOT NULL,
  `slug` varchar(50) COLLATE utf8_unicode_ci NOT NULL,
  `maximum_marks` int(11) NOT NULL,
  `pass_marks` int(11) NOT NULL,
  `is_lab` tinyint(4) NOT NULL DEFAULT '0',
  `is_elective_type` tinyint(4) NOT NULL DEFAULT '0',
  `status` enum('Active','Inactive') COLLATE utf8_unicode_ci NOT NULL DEFAULT 'Active',
  `created_at` timestamp NULL DEFAULT NULL,
  `updated_at` timestamp NULL DEFAULT NULL,
  PRIMARY KEY (`id`),
  UNIQUE KEY `slug` (`slug`)
) ENGINE=InnoDB DEFAULT CHARSET=utf8 COLLATE=utf8_unicode_ci;

INSERT INTO `subjects` (`id`, `subject_title`, `subject_code`, `slug`, `maximum_marks`, `pass_marks`, `is_lab`, `is_elective_type`, `status`, `created_at`, `updated_at`) VALUES
(1,	'English',	'ENG',	'english-7fdc9d613bd5013101d7e54ceca36c7cd88d81c0',	0,	0,	0,	0,	'Active',	'2018-04-03 09:26:58',	'2018-04-03 09:26:58'),
(2,	'History',	'HI',	'history-064c740bd02e9cc48fd0911ecea5beeabda8e8f6-1',	0,	0,	0,	0,	'Active',	'2018-04-03 09:26:58',	'2018-04-03 09:26:58'),
(3,	'Geography',	'GE',	'geography-cd5a3c19fcddd2a625bb77000a0edf0f13f84063',	0,	0,	0,	0,	'Active',	'2018-04-03 09:26:58',	'2018-04-03 09:26:58'),
(5,	'Physics',	'PH',	'physics-933f6d91e6f56c460d957c40eb665b1907e34a64-4',	0,	0,	0,	0,	'Active',	'2018-04-03 09:26:58',	'2018-04-03 09:26:58'),
(6,	'Chemistry',	'CH',	'chemistry-ab2c0d660c3109249c547a9f9f3a69b874aa977e',	0,	0,	0,	0,	'Active',	'2018-04-03 09:26:58',	'2018-04-03 09:26:58'),
(7,	'Maths',	'MT',	'maths-0d0afa8b6d5a1dda40ee070c3f5eee0b4dbcc3b5-6',	0,	0,	0,	0,	'Active',	'2018-04-03 09:26:58',	'2018-04-03 09:26:58'),
(10,	'MathJax',	'MJ',	'mathjax-02a0f05549d5696fa54a9c2e8a23715a1109c0d7-6',	0,	0,	0,	0,	'Active',	'2019-06-04 04:31:10',	'2019-06-04 04:31:10');

DROP TABLE IF EXISTS `subscriptions`;
CREATE TABLE `subscriptions` (
  `id` int(10) unsigned NOT NULL AUTO_INCREMENT,
  `user_id` int(11) NOT NULL,
  `name` varchar(255) COLLATE utf8_unicode_ci NOT NULL,
  `quantity` int(11) NOT NULL,
  `trial_ends_at` timestamp NULL DEFAULT NULL,
  `ends_at` timestamp NULL DEFAULT NULL,
  `created_at` timestamp NULL DEFAULT NULL,
  `updated_at` timestamp NULL DEFAULT NULL,
  `stripe_id` varchar(250) COLLATE utf8_unicode_ci DEFAULT NULL,
  `stripe_plan` varchar(50) COLLATE utf8_unicode_ci DEFAULT NULL,
  PRIMARY KEY (`id`)
) ENGINE=InnoDB DEFAULT CHARSET=utf8 COLLATE=utf8_unicode_ci;


DROP TABLE IF EXISTS `technicalskills`;
CREATE TABLE `technicalskills` (
  `id` int(10) unsigned NOT NULL AUTO_INCREMENT,
  `user_id` bigint(20) unsigned DEFAULT NULL,
  `skill_type` varchar(100) COLLATE utf8_unicode_ci NOT NULL,
  `skills_known` varchar(512) COLLATE utf8_unicode_ci NOT NULL,
  `created_at` timestamp NULL DEFAULT NULL,
  `updated_at` timestamp NULL DEFAULT NULL,
  PRIMARY KEY (`id`)
) ENGINE=InnoDB DEFAULT CHARSET=utf8 COLLATE=utf8_unicode_ci;

INSERT INTO `technicalskills` (`id`, `user_id`, `skill_type`, `skills_known`, `created_at`, `updated_at`) VALUES
(51,	7,	'Testing Methodologies',	'Manual , Automation Testing',	'2019-06-10 05:51:41',	'2019-06-10 05:51:41'),
(52,	7,	'Automation Tools',	'Selenium, UFT,QTP',	'2019-06-10 05:51:41',	'2019-06-10 05:51:41'),
(53,	7,	'Programming Languages',	'Core Java, My SQL,PHP',	'2019-06-10 05:51:41',	'2019-06-10 05:51:41'),
(54,	7,	'Version Controllers',	'GitHub, Bit bucket, Source Tree',	'2019-06-10 05:51:41',	'2019-06-10 05:51:41'),
(55,	7,	'Framework',	'Hybrid with Page Object Model',	'2019-06-10 05:51:41',	'2019-06-10 05:51:41');

DROP TABLE IF EXISTS `themes`;
CREATE TABLE `themes` (
  `id` bigint(20) unsigned NOT NULL AUTO_INCREMENT,
  `title` varchar(250) DEFAULT NULL,
  `slug` varchar(250) NOT NULL,
  `theme_title_key` varchar(250) NOT NULL,
  `settings_data` text NOT NULL,
  `description` text,
  `is_active` tinyint(4) NOT NULL DEFAULT '0',
  `theme_color` varchar(50) DEFAULT NULL,
  `created_at` datetime NOT NULL,
  `updated_at` datetime NOT NULL,
  PRIMARY KEY (`id`)
) ENGINE=InnoDB DEFAULT CHARSET=utf8;

INSERT INTO `themes` (`id`, `title`, `slug`, `theme_title_key`, `settings_data`, `description`, `is_active`, `theme_color`, `created_at`, `updated_at`) VALUES
(1,	'Default',	'default',	'default',	'{\"banner_title\":{\"value\":\" Multi Purpose Menorah OES\",\"type\":\"text\",\"extra\":\"\",\"tool_tip\":\"Home Page title\"},\"banner_sub_title\":{\"value\":\"We make your success\",\"type\":\"text\",\"extra\":\"\",\"tool_tip\":\"Home Page Subtitle\"},\"home_page_facebook_link\":{\"value\":\"https:\\/\\/www.facebook.com\\/\",\"type\":\"text\",\"extra\":\"\",\"tool_tip\":\"Home Page Title\"},\"home_page_twitter_link\":{\"value\":\"https:\\/\\/twitter.com\\/login?lang=en\",\"type\":\"text\",\"extra\":\"\",\"tool_tip\":\"Home Page Title\"},\"home_page_googleplus_link\":{\"value\":\"https:\\/\\/plus.google.com\\/discover\",\"type\":\"text\",\"extra\":\"\",\"tool_tip\":\"Home Page Title\"},\"copyrights\":{\"value\":\" Copyright \\u00a9 2009 - 2018 DigiSamaritan. All Rights Reserved\",\"type\":\"text\",\"extra\":\"\",\"tool_tip\":\"Copy Rights Information\"},\"privacy-policy\":{\"value\":\"<h1>Privacy and Policy<\\/h1>\\r\\n\\r\\n<p>only five centuries, but also the leap into electronic typesetting, remaining essentially unchanged. It was popularised in the 1960s with the release of Letraset sheets containing Lorem Ipsum passages, and more recently with desktop publishing software like Aldus PageMaker including versions of Lorem Ipsum<\\/p>\\r\\n\\r\\n<p>as opposed to using Content here, content here, making it look like readable English. Many desktop publishing packages and web page editors now use Lorem Ipsum as their default model text, and a search for lorem ipsum will uncover many web sites still in their infancy. Various versions have evolved over the years, sometimes by accident, sometimes on purpose (injected humour and the like).<\\/p>\\r\\n\\r\\n<p>A more sophisticated version of this document is available on website: <a href=\\\"javascript:void(0);\\\">privacy and cookies policy.<\\/a><\\/p>\\r\\n\\r\\n<p>More Information About Privacy Policies:<\\/p>\\r\\n\\r\\n<p>categories of personal information collected by the website<\\/p>\\r\\n\\r\\n<p>categories of personal information collected by the website<\\/p>\\r\\n\\r\\n<p>categories of personal information collected by the website<\\/p>\\r\\n\\r\\n<p>categories of personal information collected by the website<\\/p>\\r\\n\\r\\n<p>categories of personal information collected by the website<\\/p>\\r\\n\\r\\n<p>only five centuries, but also the leap into electronic typesetting, remaining essentially unchanged. It was popularised in the 1960s with the release of Letraset sheets containing Lorem Ipsum passages, and more recently with desktop publishing software like Aldus PageMaker including versions of Lorem Ipsum<\\/p>\\r\\n\\r\\n<p>as opposed to using Content here, content here, making it look like readable English. Many desktop publishing packages and web page editors now use Lorem Ipsum as their default model text, and a search for lorem ipsum will uncover many web sites still in their infancy. Various versions have evolved over the years, sometimes by accident, sometimes on purpose (injected humour and the like).<\\/p>\\r\\n<!-- <p class=\\\"dual-btns\\\"> <a href=\\\"#\\\" class=\\\"btn-demo\\\">Download<\\/a> <a href=\\\"#\\\" class=\\\"btn-buy\\\">Get Licence<\\/a> <\\/p>-->\\r\\n\\r\\n<p><strong>Note:<\\/strong>If you use the free privacy policy, you must retain the credit for OES. However, if you purchase the equivalent document on website, you will get access to a copy of the document that omits the credit.<\\/p>\\r\\n\",\"type\":\"textarea\",\"extra\":\"\",\"tool_tip\":\"Privacy Policy Page\"},\"terms-conditions\":{\"value\":\"<h1>Terms and Conditions<\\/h1>\\r\\n\\r\\n<p>General<\\/p>\\r\\n\\r\\n<p>only five centuries, but also the leap into electronic typesetting, remaining essentially unchanged. It was popularised in the 1960s with the release of Letraset sheets containing Lorem Ipsum passages, and more recently with desktop publishing software like Aldus PageMaker including versions of Lorem Ipsum<\\/p>\\r\\n\\r\\n<p>as opposed to using Content here, content here, making it look like readable English. Many desktop publishing packages and web page editors now use Lorem Ipsum as their default model text, and a search for lorem ipsum will uncover many web sites still in their infancy. Various versions have evolved over the years, sometimes by accident, sometimes on purpose (injected humour and the like).<\\/p>\\r\\n\\r\\n<p>Contrary to popular belief, Lorem Ipsum is not simply random text. It has roots in a piece of classical Latin literature from 45 BC, making it over 2000 years old. Richard McClintock, a Latin professor at Hampden-Sydney College in Virginia, looked up one of the more obscure Latin words, consectetur, from a Lorem Ipsum passage, and going through the cites of the word in classical literature, discovered the undoubtable source. Lorem Ipsum comes from sections 1.10.32 and 1.10.33 of &quot;de Finibus Bonorum et Malorum&quot;<\\/p>\\r\\n\\r\\n<p>Services<\\/p>\\r\\n\\r\\n<p>only five centuries, but also the leap into electronic typesetting, remaining essentially unchanged. It was popularised in the 1960s with the release of Letraset sheets containing Lorem Ipsum passages, and more recently with desktop publishing software like Aldus PageMaker including versions of Lorem Ipsum<\\/p>\\r\\n\\r\\n<p>as opposed to using Content here, content here, making it look like readable English. Many desktop publishing packages and web page editors now use Lorem Ipsum as their default model text, and a search for lorem ipsum will uncover many web sites still in their infancy. Various versions have evolved over the years, sometimes by accident, sometimes on purpose (injected humour and the like).<\\/p>\\r\\n\\r\\n<p>Contrary to popular belief, Lorem Ipsum is not simply random text. It has roots in a piece of classical Latin literature from 45 BC, making it over 2000 years old. Richard McClintock, a Latin professor at Hampden-Sydney College in Virginia, looked up one of the more obscure Latin words, consectetur, from a Lorem Ipsum passage, and going through the cites of the word in classical literature, discovered the undoubtable source. Lorem Ipsum comes from sections 1.10.32 and 1.10.33 of &quot;de Finibus Bonorum et Malorum&quot;<\\/p>\\r\\n\\r\\n<p>Service Fees \\/ Payments \\/ Invoices<\\/p>\\r\\n\\r\\n<p>only five centuries, but also the leap into electronic typesetting, remaining essentially unchanged. It was popularised in the 1960s with the release of Letraset sheets containing Lorem Ipsum passages, and more recently with desktop publishing software like Aldus PageMaker including versions of Lorem Ipsum<\\/p>\\r\\n\\r\\n<p>as opposed to using Content here, content here, making it look like readable English. Many desktop publishing packages and web page editors now use Lorem Ipsum as their default model text, and a search for lorem ipsum will uncover many web sites still in their infancy. Various versions have evolved over the years, sometimes by accident, sometimes on purpose (injected humour and the like).<\\/p>\\r\\n\\r\\n<p>Contrary to popular belief, Lorem Ipsum is not simply random text. It has roots in a piece of classical Latin literature from 45 BC, making it over 2000 years old. Richard McClintock, a Latin professor at Hampden-Sydney College in Virginia, looked up one of the more obscure Latin words, consectetur, from a Lorem Ipsum passage, and going through the cites of the word in classical literature, discovered the undoubtable source. Lorem Ipsum comes from sections 1.10.32 and 1.10.33 of &quot;de Finibus Bonorum et Malorum&quot;<\\/p>\\r\\n\\r\\n<p>Termination \\/ Plan Change \\/ Refund Policy<\\/p>\\r\\n\\r\\n<p>only five centuries, but also the leap into electronic typesetting, remaining essentially unchanged. It was popularised in the 1960s with the release of Letraset sheets containing Lorem Ipsum passages, and more recently with desktop publishing software like Aldus PageMaker including versions of Lorem Ipsum<\\/p>\\r\\n\\r\\n<p>as opposed to using Content here, content here, making it look like readable English. Many desktop publishing packages and web page editors now use Lorem Ipsum as their default model text, and a search for lorem ipsum will uncover many web sites still in their infancy. Various versions have evolved over the years, sometimes by accident, sometimes on purpose (injected humour and the like).<\\/p>\\r\\n\\r\\n<p>Contrary to popular belief, Lorem Ipsum is not simply random text. It has roots in a piece of classical Latin literature from 45 BC, making it over 2000 years old. Richard McClintock, a Latin professor at Hampden-Sydney College in Virginia, looked up one of the more obscure Latin words, consectetur, from a Lorem Ipsum passage, and going through the cites of the word in classical literature, discovered the undoubtable source. Lorem Ipsum comes from sections 1.10.32 and 1.10.33 of &quot;de Finibus Bonorum et Malorum&quot;<\\/p>\\r\\n\\r\\n<p>Subscriber Responsibility<\\/p>\\r\\n\\r\\n<p>only five centuries, but also the leap into electronic typesetting, remaining essentially unchanged. It was popularised in the 1960s with the release of Letraset sheets containing Lorem Ipsum passages, and more recently with desktop publishing software like Aldus PageMaker including versions of Lorem Ipsum<\\/p>\\r\\n\\r\\n<p>as opposed to using Content here, content here, making it look like readable English. Many desktop publishing packages and web page editors now use Lorem Ipsum as their default model text, and a search for lorem ipsum will uncover many web sites still in their infancy. Various versions have evolved over the years, sometimes by accident, sometimes on purpose (injected humour and the like).<\\/p>\\r\\n\\r\\n<p>Contrary to popular belief, Lorem Ipsum is not simply random text. It has roots in a piece of classical Latin literature from 45 BC, making it over 2000 years old. Richard McClintock, a Latin professor at Hampden-Sydney College in Virginia, looked up one of the more obscure Latin words, consectetur, from a Lorem Ipsum passage, and going through the cites of the word in classical literature, discovered the undoubtable source. Lorem Ipsum comes from sections 1.10.32 and 1.10.33 of &quot;de Finibus Bonorum et Malorum&quot;<\\/p>\\r\\n\\r\\n<p>Entire Agreement<\\/p>\\r\\n\\r\\n<p>only five centuries, but also the leap into electronic typesetting, remaining essentially unchanged. It was popularised in the 1960s with the release of Letraset sheets containing Lorem Ipsum passages, and more recently with desktop publishing software like Aldus PageMaker including versions of Lorem Ipsum<\\/p>\\r\\n\\r\\n<p>as opposed to using Content here, content here, making it look like readable English. Many desktop publishing packages and web page editors now use Lorem Ipsum as their default model text, and a search for lorem ipsum will uncover many web sites still in their infancy. Various versions have evolved over the years, sometimes by accident, sometimes on purpose (injected humour and the like).<\\/p>\\r\\n\\r\\n<p>Contrary to popular belief, Lorem Ipsum is not simply random text. It has roots in a piece of classical Latin literature from 45 BC, making it over 2000 years old. Richard McClintock, a Latin professor at Hampden-Sydney College in Virginia, looked up one of the more obscure Latin words, consectetur, from a Lorem Ipsum passage, and going through the cites of the word in classical literature, discovered the undoubtable source. Lorem Ipsum comes from sections 1.10.32 and 1.10.33 of &quot;de Finibus Bonorum et Malorum&quot;<\\/p>\\r\\n\",\"type\":\"textarea\",\"extra\":\"\",\"tool_tip\":\"Terms & Conditions page\"}}',	NULL,	0,	NULL,	'2018-03-24 00:00:00',	'2019-06-12 04:45:00'),
(2,	'Theme One',	'theme_one',	'themeone',	'{\"home_page_title\":{\"value\":\"MenorahOES - Online Learning and Examination System\",\"type\":\"text\",\"extra\":\"\",\"tool_tip\":\"Home Page Title\"},\"home_page_link\":{\"value\":\"\",\"type\":\"text\",\"extra\":\"\",\"tool_tip\":\"Home Page Link\"},\"home_page_image\":{\"value\":\"2ap5AcV0XiEfsz1.png\",\"type\":\"file\",\"extra\":\"\",\"tool_tip\":\"Background image at front end before login\"},\"home_page_background_image\":{\"value\":\"kDaHZp9zkyIFzp9.png\",\"type\":\"file\",\"extra\":\"\",\"tool_tip\":\"Background image at front end before login\"},\"home_page_facebook_link\":{\"value\":\"https:\\/\\/www.facebook.com\\/\",\"type\":\"text\",\"extra\":\"\",\"tool_tip\":\"Home Page Title\"},\"home_page_twitter_link\":{\"value\":\"https:\\/\\/twitter.com\\/\",\"type\":\"text\",\"extra\":\"\",\"tool_tip\":\"Home Page Title\"},\"home_page_googleplus_link\":{\"value\":\"https:\\/\\/plus.google.com\\/discover\",\"type\":\"text\",\"extra\":\"\",\"tool_tip\":\"Home Page Title\"},\"copyrights\":{\"value\":\" Copyright \\u00a9 2009 - 2019  DigiSamaritan .  All Rights Reserved\",\"type\":\"text\",\"extra\":\"\",\"tool_tip\":\"Copy Rights Information\"},\"courses\":{\"value\":\"<p>&nbsp;<\\/p>\\r\\n\\r\\n<ol>\\r\\n\\t<li>\\r\\n\\t<p><img alt=\\\"Aerospace Engineering\\\" src=\\\"https:\\/\\/images.careers360.mobi\\/sites\\/default\\/files\\/styles\\/thumbnail\\/public\\/Aerospace%20Engineering.JPG?itok=b8D_VabR\\\" \\/><\\/p>\\r\\n\\r\\n\\t<p>Aerospace Engineering<\\/p>\\r\\n\\r\\n\\t<p>Colleges Available : 66<\\/p>\\r\\n\\r\\n\\t<p>Degree Offered : <strong> B.E \\/Btech, M.E \\/Mtech., B.Sc., M.Sc. <\\/strong><\\/p>\\r\\n\\t<\\/li>\\r\\n\\t<li>\\r\\n\\t<p><img alt=\\\"Computer Science Engineering \\\" src=\\\"https:\\/\\/images.careers360.mobi\\/sites\\/default\\/files\\/styles\\/thumbnail\\/public\\/Computer-Science-Engineering1.jpg?itok=A77d-MKJ\\\" \\/><\\/p>\\r\\n\\r\\n\\t<p>Computer Science Engineering<\\/p>\\r\\n\\r\\n\\t<p>Colleges Available : 5331<\\/p>\\r\\n\\r\\n\\t<p>Degree Offered : <strong> B.E \\/Btech, M.E \\/Mtech., B.Sc., M.Sc. <\\/strong><\\/p>\\r\\n\\t<\\/li>\\r\\n\\t<li>\\r\\n\\t<p><img alt=\\\"Mechanical Engineering\\\" src=\\\"https:\\/\\/images.careers360.mobi\\/sites\\/default\\/files\\/styles\\/thumbnail\\/public\\/Mechanical-Engineering2.jpg?itok=GoEZF9Md\\\" \\/><\\/p>\\r\\n\\r\\n\\t<p>Mechanical Engineering<\\/p>\\r\\n\\r\\n\\t<p>Colleges Available : 5177<\\/p>\\r\\n\\r\\n\\t<p>Degree Offered : <strong> B.E \\/Btech, M.E \\/Mtech., B.Sc., M.Sc. <\\/strong><\\/p>\\r\\n\\t<\\/li>\\r\\n\\t<li>\\r\\n\\t<p><img alt=\\\"Electrical Engineering \\\" src=\\\"https:\\/\\/images.careers360.mobi\\/sites\\/default\\/files\\/styles\\/thumbnail\\/public\\/Electrical%20Engg.jpg?itok=A9x2pHjT\\\" \\/><\\/p>\\r\\n\\r\\n\\t<p>Electrical Engineering<\\/p>\\r\\n\\r\\n\\t<p>Colleges Available : 2298<\\/p>\\r\\n\\r\\n\\t<p>Degree Offered : <strong> B.E \\/Btech, M.E \\/Mtech., B.Sc., M.Sc. <\\/strong><\\/p>\\r\\n\\t<\\/li>\\r\\n\\t<li>\\r\\n\\t<p><img alt=\\\"Civil Engineering\\\" src=\\\"https:\\/\\/images.careers360.mobi\\/sites\\/default\\/files\\/styles\\/thumbnail\\/public\\/Civil%20Engineering_0.jpg?itok=XK3dqZW7\\\" \\/><\\/p>\\r\\n\\r\\n\\t<p>Civil Engineering<\\/p>\\r\\n\\r\\n\\t<p>Colleges Available : 4857<\\/p>\\r\\n\\r\\n\\t<p>Degree Offered : <strong> B.E \\/Btech, M.E \\/Mtech., B.Sc., M.Sc. <\\/strong><\\/p>\\r\\n\\t<\\/li>\\r\\n\\t<li>\\r\\n\\t<p><img alt=\\\"Finance\\\" src=\\\"https:\\/\\/images.careers360.mobi\\/sites\\/default\\/files\\/styles\\/thumbnail\\/public\\/Finance_0.jpg?itok=0QGzTdYG\\\" \\/><\\/p>\\r\\n\\r\\n\\t<p>Finance<\\/p>\\r\\n\\r\\n\\t<p>Colleges Available : 450<\\/p>\\r\\n\\r\\n\\t<p>Degree Offered : <strong> MBA, PGD, PGP, B.Com., Other Bachelors <\\/strong><\\/p>\\r\\n\\t<\\/li>\\r\\n\\t<li>\\r\\n\\t<p><img alt=\\\"Human Resource Management\\\" src=\\\"https:\\/\\/images.careers360.mobi\\/sites\\/default\\/files\\/styles\\/thumbnail\\/public\\/Human%20Resource%20Management.JPG?itok=O-j8s-nM\\\" \\/><\\/p>\\r\\n\\r\\n\\t<p>Human Resource Management<\\/p>\\r\\n\\r\\n\\t<p>Colleges Available : 294<\\/p>\\r\\n\\r\\n\\t<p>Degree Offered : <strong> MBA, PGD, PGP, Other Bachelors <\\/strong><\\/p>\\r\\n\\t<\\/li>\\r\\n\\t<li>\\r\\n\\t<p><img alt=\\\"Sales and Marketing\\\" src=\\\"https:\\/\\/images.careers360.mobi\\/sites\\/default\\/files\\/styles\\/thumbnail\\/public\\/Sales-Marketing2.jpg?itok=rzclOizr\\\" \\/><\\/p>\\r\\n\\r\\n\\t<p>Sales and Marketing<\\/p>\\r\\n\\r\\n\\t<p>Colleges Available : 24<\\/p>\\r\\n\\r\\n\\t<p>Degree Offered : <strong> PGD, MBA, PGP, BBA, Other Bachelors <\\/strong><\\/p>\\r\\n\\t<\\/li>\\r\\n\\t<li>\\r\\n\\t<p><img alt=\\\"Electronics and Communication Engineering \\\" src=\\\"https:\\/\\/images.careers360.mobi\\/sites\\/default\\/files\\/styles\\/thumbnail\\/public\\/Electronicsand%20Communication%20Engineering.jpg?itok=QAL8QXki\\\" \\/><\\/p>\\r\\n\\r\\n\\t<p>Electronics and Communication Engineering<\\/p>\\r\\n\\r\\n\\t<p>Colleges Available : 4378<\\/p>\\r\\n\\r\\n\\t<p>Degree Offered : <strong> B.E \\/Btech, M.E \\/Mtech., B.Sc., M.Sc. <\\/strong><\\/p>\\r\\n\\t<\\/li>\\r\\n\\t<li>\\r\\n\\t<p><img alt=\\\"Operations Management\\\" src=\\\"https:\\/\\/images.careers360.mobi\\/sites\\/default\\/files\\/styles\\/thumbnail\\/public\\/Operations%20Management%201.jpg?itok=fna7Shb3\\\" \\/><\\/p>\\r\\n\\r\\n\\t<p>Operations Management<\\/p>\\r\\n\\r\\n\\t<p>Colleges Available : 32<\\/p>\\r\\n\\r\\n\\t<p>Degree Offered : <strong> MBA, PGD, PGP, Other Bachelors <\\/strong><\\/p>\\r\\n\\t<\\/li>\\r\\n<\\/ol>\\r\\n\\r\\n<p>&nbsp;<\\/p>\\r\\n\",\"type\":\"textarea\",\"extra\":\"\",\"tool_tip\":\"Courses\"},\"pattren\":{\"value\":\"<p><strong>GATE Exam Pattern 2018<\\/strong> - IIT Guwahati has announced the GATE 2018 exam pattern in the information brochure. The exam pattern of GATE 2018 contains details like the type of questions asked, total marks, marking scheme, and the number of question papers. Being familiar with GATE exam pattern 2018 will enable the candidate to prepare better as the candidate can then formulate separate strategies to tackle different question types. Two types of questions are asked in GATE - multiple choice questions (MCQs) and numerical answer type (NAT) questions. As per the exam pattern of GATE 2018, the exam would be computer-based of three hours duration, comprising 65 questions. <a href=\\\"https:\\/\\/engineering.careers360.com\\/articles\\/gate-2018\\\" target=\\\"_blank\\\">Graduate Apptitude Test in Engineering<\\/a> (GATE) is held for 23 papers. Candidates can sit for only one paper. During the online exam, the candidate must select the right answer for the questions for MCQs, while for the numerical type of questions, the candidate has to enter the numerical answer by using the mouse on a virtual keyboard. The GATE Online Application Processing System (GOAPS) website opened on August 31 for candidates to enrol, fill, and submit their applications. The last date to submit the online application was October 9, 2017 (8:00 p.m). Keep reading to learn in detail the exam pattern of GATE 2018<\\/p>\\r\\n\\r\\n<p>&nbsp;<\\/p>\\r\\n\\r\\n<p>&nbsp;<\\/p>\\r\\n\\r\\n<p>&nbsp;<\\/p>\\r\\n\\r\\n<p><strong>Admissions Open Now<\\/strong><\\/p>\\r\\n\\r\\n<p>M.Tech admissions 2018 open @ Amrita | 75 LPA Highest Package<\\/p>\\r\\n\\r\\n<p>SRMHCAT 2018 application form released. Apply Now<\\/p>\\r\\n\\r\\n<p><strong>Admissions Open Now<\\/strong><\\/p>\\r\\n\\r\\n<p>Apply to B.E\\/ M.E. in Chandigarh University | Highest Package 31 LPA text_ad Chandigarh University Admissions 2018_GATE_Exam Article https:\\/\\/engineering.careers360.com\\/articles\\/gate-exam-pattern<\\/p>\\r\\n\\r\\n<p>Quantum University | Admissions 2018 Open | Interdisciplinary Pedagogy<\\/p>\\r\\n\\r\\n<p>&nbsp;<\\/p>\\r\\n\\r\\n<p><strong>&nbsp;<\\/strong><\\/p>\\r\\n\\r\\n<p><strong>General Aptitude: <\\/strong>Each paper will include a mandatory General Aptitude (GA) section comprising 10 questions. 5 of these questions will carry 1-mark each, while the remaining 5 will each carry 2 marks, for a total of 15 marks.<\\/p>\\r\\n\\r\\n<p>&nbsp;<\\/p>\\r\\n\\r\\n<h2>GATE Exam Pattern 2018: Key Highlights<\\/h2>\\r\\n\\r\\n<ul>\\r\\n\\t<li>\\r\\n\\t<p>GATE 2018is a computer-based test that will be conducted in online mode<\\/p>\\r\\n\\t<\\/li>\\r\\n\\t<li>\\r\\n\\t<p>GATE question paper will consist of two question types: multiple choice questions (MCQs) and Numerical Answer Type (NAT) questions<\\/p>\\r\\n\\t<\\/li>\\r\\n\\t<li>\\r\\n\\t<p>The questions will be displayed on a computer screen randomly<\\/p>\\r\\n\\t<\\/li>\\r\\n\\t<li>\\r\\n\\t<p>In case of MCQs, the candidate needs to select the correct answer, while for numerical answer type, the candidate must enter the numerical answer using a mouse and virtual keyboard ( the keyboard attached to the computer will be disabled)<\\/p>\\r\\n\\t<\\/li>\\r\\n\\t<li>\\r\\n\\t<p>The candidate will have to complete the test in 3 hours. After the allotted three hours, the screen will automatically close down and no further action will be possible.<\\/p>\\r\\n\\t<\\/li>\\r\\n\\t<li>\\r\\n\\t<p>During the exam, each candidate will be provided with a scribble pad where the candidate can do all his rough work.&nbsp;<\\/p>\\r\\n\\t<\\/li>\\r\\n\\t<li>\\r\\n\\t<p>Each question paper will contain questions related to General Aptitude (GA) in addition to subject-specific questions.<\\/p>\\r\\n\\t<\\/li>\\r\\n<\\/ul>\\r\\n\\r\\n<p><strong>Types of Questions Asked in GATE 2018<\\/strong><\\/p>\\r\\n\\r\\n<p>&nbsp;<\\/p>\\r\\n\\r\\n<p>This year, like last year, candidates can expect two types of questions in GATE: multiple choice questions (MCQs) and numerical answer type (NAT) questions. Both the types are explained separately below.<\\/p>\\r\\n\\r\\n<p>&nbsp;<\\/p>\\r\\n\\r\\n<p><strong>Multiple Choice Questions (MCQs)<\\/strong><\\/p>\\r\\n\\r\\n<ul>\\r\\n\\t<li>\\r\\n\\t<p>These questions may carry 1 or 2 marks in all papers and sections<\\/p>\\r\\n\\t<\\/li>\\r\\n\\t<li>\\r\\n\\t<p>Questions are objective type with each having a set of four options, out of which one is the correct answer<\\/p>\\r\\n\\t<\\/li>\\r\\n<\\/ul>\\r\\n\\r\\n<p><strong>Numerical Answer Type (NAT)<\\/strong><\\/p>\\r\\n\\r\\n<ul>\\r\\n\\t<li>\\r\\n\\t<p>Each question carries either 1 or 2 marks in all papers and section<\\/p>\\r\\n\\t<\\/li>\\r\\n\\t<li>\\r\\n\\t<p>These are termed numerical questions because the answer to the questions is a real number which the candidate has to enter using a mouse and virtual keyboard.<\\/p>\\r\\n\\t<\\/li>\\r\\n\\t<li>\\r\\n\\t<p>The answer can be either an integer (3, 7, 21, etc) or a number with decimals (for example 10.1) or even a decimal number.<\\/p>\\r\\n\\t<\\/li>\\r\\n\\t<li>\\r\\n\\t<p>The candidate will not be given any choices for these questions.<\\/p>\\r\\n\\t<\\/li>\\r\\n<\\/ul>\\r\\n\\r\\n<p><strong>Marking Scheme of GATE 2018: Additional Details <\\/strong><\\/p>\\r\\n\\r\\n<ul>\\r\\n\\t<li>\\r\\n\\t<p>Each of the 23 GATE papers will be of 100 marks and include a total of 65 questions. Of these 10 questions will be from General Aptitude carrying 15 marks.&nbsp;<\\/p>\\r\\n\\t<\\/li>\\r\\n\\t<li>\\r\\n\\t<p>Papers with the codes AE, AG, BT, CE, CH, CS, EC, EE, IN, ME, MN, MT, PE, PI, TF and XE, will include a compulsory Engineering Mathematics section carrying around 15% of the total marks, and General Aptiude section carrying 15% of total marks. The remaining 70% is reserved for the subject of the paper.<\\/p>\\r\\n\\t<\\/li>\\r\\n\\t<li>\\r\\n\\t<p>In case of papers with codes AR, CY, EY, GG, MA, PH and XL, 85% of the total marks will be devoted to the subject of the paper and 15% to General Aptitude.&nbsp;<\\/p>\\r\\n\\t<\\/li>\\r\\n<\\/ul>\\r\\n\\r\\n<p><strong>Question Papers other than GG, XE and XL<\\/strong><\\/p>\\r\\n\\r\\n<ul>\\r\\n\\t<li>\\r\\n\\t<p>These papers comprise 25 questions of 1-mark each(sub-total 25 marks) and 30 questions that each carry 2 marks (sub-total 60 marks)<\\/p>\\r\\n\\t<\\/li>\\r\\n\\t<li>\\r\\n\\t<p>Each paper will include both MCQs and numerical answer type<\\/p>\\r\\n\\t<\\/li>\\r\\n<\\/ul>\\r\\n\\r\\n<p><strong>GG (Geology and Geophysics) Paper<\\/strong>:<\\/p>\\r\\n\\r\\n<p>&nbsp;<\\/p>\\r\\n\\r\\n<p>General Aptitude (GA) section aside, the GG question paper is further divided into two parts: Part A and Part B. Some of the important highlights of the paper are:<\\/p>\\r\\n\\r\\n<ul>\\r\\n\\t<li>\\r\\n\\t<p>Part A must be attempted by all candidates<\\/p>\\r\\n\\t<\\/li>\\r\\n\\t<li>\\r\\n\\t<p>Part B is made up of two sections: Geology (Section 1) and Geophysics (Section 2)<\\/p>\\r\\n\\t<\\/li>\\r\\n\\t<li>\\r\\n\\t<p>Candidates may choose between Section 1 and Section 2 depending on the subject they want to appear<\\/p>\\r\\n\\t<\\/li>\\r\\n\\t<li>\\r\\n\\t<p>Part A comprises of 25 questions of 1-mark each (sub-total 25 marks). Numerical answer type questions are also asked in this part.<\\/p>\\r\\n\\t<\\/li>\\r\\n\\t<li>\\r\\n\\t<p>Meanwhile, both Section 1 and Section 2 of Part B has 30 questions each of 2-marks (sub-total 60 marks). Both the sections may include numerical answer type questions.<\\/p>\\r\\n\\t<\\/li>\\r\\n<\\/ul>\\r\\n\\r\\n<p><strong>XE Paper (Engineering Sciences)<\\/strong><\\/p>\\r\\n\\r\\n<ul>\\r\\n\\t<li>\\r\\n\\t<p>The XE Paper comprises one compulsory section, viz., Engineering Mathematics<\\/p>\\r\\n\\t<\\/li>\\r\\n\\t<li>\\r\\n\\t<p>Section A has 11 questions carrying 15 marks in total. Candidates can expect some numerical answer type questions in this section<\\/p>\\r\\n\\t<\\/li>\\r\\n\\t<li>\\r\\n\\t<p>Apart from Section A, the candidate has to pick any other section from Section B through H<\\/p>\\r\\n\\t<\\/li>\\r\\n\\t<li>\\r\\n\\t<p>Each of these sections (B through H) comprises 22 questions carrying a total of 35 marks.<\\/p>\\r\\n\\t<\\/li>\\r\\n\\t<li>General Aptitude consisting of 15 marks will also have to be attempted.&nbsp;<\\/li>\\r\\n<\\/ul>\\r\\n\\r\\n<p>&nbsp;<\\/p>\\r\\n\\r\\n<p><strong>XL Paper (Life Sciences)<\\/strong><\\/p>\\r\\n\\r\\n<ul>\\r\\n\\t<li>\\r\\n\\t<p>This paper consists of the Chemistry section (Section P), which is compulsory. General Aptitude of 15 marks has to be solved.&nbsp;<\\/p>\\r\\n\\t<\\/li>\\r\\n\\t<li>\\r\\n\\t<p>Chemistry section comprises 15 questions carrying a total of 25 marks. Numerical answer type is among the questions types asked in this section.<\\/p>\\r\\n\\t<\\/li>\\r\\n\\t<li>\\r\\n\\t<p>Apart from Chemistry, the candidate has to answer any of sections from section Q through U<\\/p>\\r\\n\\t<\\/li>\\r\\n\\t<li>\\r\\n\\t<p>Each of the sections includes 20 questions carrying a total of 30 marks.<\\/p>\\r\\n\\t<\\/li>\\r\\n<\\/ul>\\r\\n\\r\\n<p>The paper codes of GATE 2018 are listed below for your benefit.<\\/p>\\r\\n\\r\\n<p>&nbsp;<\\/p>\\r\\n\\r\\n<p>*XE (Engineering Sciences) and **XL (Life Sciences) papers will consist of sections listed in the table above.<\\/p>\\r\\n\\r\\n<p>&nbsp;<\\/p>\\r\\n\\r\\n<p><strong>Design of Questions in GATE 2018<\\/strong><\\/p>\\r\\n\\r\\n<p>&nbsp;<\\/p>\\r\\n\\r\\n<p>The questions that will be asked in GATE 2018 may be designed to test the following abilities of the candidate:<\\/p>\\r\\n\\r\\n<ul>\\r\\n\\t<li>\\r\\n\\t<p><strong>Recall<\\/strong>: Questions in this category are related to facts, principles, formulae or laws of the discipline of the paper. The aim is to test the memory and computation skills of the candidate.<\\/p>\\r\\n\\t<\\/li>\\r\\n\\t<li>\\r\\n\\t<p><strong>Comprehension<\\/strong>: These questions test the candidate&rsquo;s basic understanding of his\\/her chosen field. The candidate is required to draw simple conclusions from fundamental ideas.<\\/p>\\r\\n\\t<\\/li>\\r\\n\\t<li>\\r\\n\\t<p><strong>Application<\\/strong>: To answer questions in this category, the candidate has to rely on his\\/her computational and logical reasoning skills.&nbsp;&nbsp;<\\/p>\\r\\n\\t<\\/li>\\r\\n\\t<li>\\r\\n\\t<p><strong>Analysis and synthesis<\\/strong>: These questions are accompanied by data, diagrams, and images. The candidate has to analyse the information contained in them to find the answers.<\\/p>\\r\\n\\t<\\/li>\\r\\n<\\/ul>\\r\\n\\r\\n<p><strong>General Instructions for GATE 2018<\\/strong><\\/p>\\r\\n\\r\\n<p>&nbsp;<\\/p>\\r\\n\\r\\n<p>The instructions listed are to be followed by the candidate after he\\/she enters the examination centre:<\\/p>\\r\\n\\r\\n<ol>\\r\\n\\t<li>\\r\\n\\t<p>Physical calculators, mobile phones, and wrist watches with calculation facility are not allowed inside the exam hall.<\\/p>\\r\\n\\t<\\/li>\\r\\n\\t<li>\\r\\n\\t<p>The candidate, however, will be able to use a virtual calculator provided by GATE. It will be available on the screen. To view full screen, the candidate will have to hide the answer palette by clicking on the arrow signs<\\/p>\\r\\n\\t<\\/li>\\r\\n<\\/ol>\\r\\n\\r\\n<p><strong>How to answer questions in GATE 2018?<\\/strong><\\/p>\\r\\n\\r\\n<p><strong>&nbsp;<\\/strong><\\/p>\\r\\n\\r\\n<p>The computer screen will have a clock that will be set on the server. At the top right corner of the screen, there will be a countdown timer which will inform you about time available for you to complete the exam. The computer will close automatically once the timer touches zero and the exam will end.<\\/p>\\r\\n\\r\\n<p>&nbsp;<\\/p>\\r\\n\\r\\n<p>On the right side of the screen, a Question Palette will be displayed showing the status of each question using one of the following symbols:<\\/p>\\r\\n\\r\\n<p>&nbsp;<\\/p>\\r\\n\\r\\n<p><img alt=\\\"gate-pattern\\\" src=\\\"https:\\/\\/images.careers360.mobi\\/sites\\/default\\/files\\/content_pic_2016_dec\\/gate-pattern.jpg\\\" \\/><\\/p>\\r\\n\\r\\n<p><strong>&nbsp;<\\/strong><\\/p>\\r\\n\\r\\n<p><strong>Navigating to a Question:<\\/strong><\\/p>\\r\\n\\r\\n<ol>\\r\\n\\t<li>\\r\\n\\t<p>To go directly to a question, the candidate has to click on question number given on the Question Palette<\\/p>\\r\\n\\t<\\/li>\\r\\n\\t<li>\\r\\n\\t<p>By clicking on the Question Paper button, the candidate can view all questions simultaneously. However, the options for multiple choice type questions will not be displayed.<\\/p>\\r\\n\\t<\\/li>\\r\\n<\\/ol>\\r\\n\\r\\n<p><strong>Answering a Question:<\\/strong><\\/p>\\r\\n\\r\\n<p>1. Procedure to answer multiple choice type questions:<\\/p>\\r\\n\\r\\n<ul>\\r\\n\\t<li>\\r\\n\\t<p>To select the correct option, the candidate has to click on the button given against that option<\\/p>\\r\\n\\t<\\/li>\\r\\n\\t<li>\\r\\n\\t<p>To deselect a chosen option, click on the option again. Or else, the candidate may click on the Clear Response button<\\/p>\\r\\n\\t<\\/li>\\r\\n\\t<li>\\r\\n\\t<p>To change an option, the candidate may click on any of the other available options<\\/p>\\r\\n\\t<\\/li>\\r\\n<\\/ul>\\r\\n\\r\\n<p>2. Procedure to answer numerical answer type questions:<\\/p>\\r\\n\\r\\n<ul>\\r\\n\\t<li>\\r\\n\\t<p>The candidate has to use the virtual keyboard to enter the answer (a number)<\\/p>\\r\\n\\t<\\/li>\\r\\n\\t<li>\\r\\n\\t<p>If the answer is a number in decimal notation (eg. -0.3 or -.3), it can be entered with or without &lsquo;0&rsquo; before the decimal point.<\\/p>\\r\\n\\t<\\/li>\\r\\n\\t<li>\\r\\n\\t<p>To clear a response, the candidate has to click on the Clear Response button<\\/p>\\r\\n\\t<\\/li>\\r\\n<\\/ul>\\r\\n\\r\\n<p>3. To change the answer to a question that the candidate has already answered, first select need to select that question for answering and then follow the steps for answering such type of question<\\/p>\\r\\n\\r\\n<p>&nbsp;<\\/p>\\r\\n\\r\\n<p><strong>Saving Answers<\\/strong><\\/p>\\r\\n\\r\\n<ol>\\r\\n\\t<li>\\r\\n\\t<p>To save an answer, the candidate has to click on the Save &amp; Next button. For marking a question for review, the candidate must click on Mark for Review &amp; Next button<\\/p>\\r\\n\\t<\\/li>\\r\\n\\t<li>\\r\\n\\t<p>Once the allotted 180 minutes is over, the all the answers attempted by the candidate will be automatically submitted<\\/p>\\r\\n\\t<\\/li>\\r\\n<\\/ol>\\r\\n\\r\\n<p><strong>Additional Instructions<\\/strong>:<\\/p>\\r\\n\\r\\n<ul>\\r\\n\\t<li>\\r\\n\\t<p>Before sitting in GATE 2018, the candidate is urged to go through and understand the various symbols that will be used in the test<\\/p>\\r\\n\\t<\\/li>\\r\\n\\t<li>\\r\\n\\t<p>Once the exam commences, the candidate can view the entire list of questions in the question paper by clicking on the Question Paper button<\\/p>\\r\\n\\t<\\/li>\\r\\n\\t<li>\\r\\n\\t<p>If there is any useful data given in the question paper of GATE 2018, the candidate will have to use it to answer a question. If such data is missing but the candidate it to answer a question, the data can be accessed by clicking on Useful Data at top, right side of the computer screen.<\\/p>\\r\\n\\t<\\/li>\\r\\n\\t<li>\\r\\n\\t<p>MCQs will have four choices A, B, C, D, out of which only one answer is correct. To choose the correct answer, the candidate will have to click on the radio button placed before the choice. I case of NAT questions, a numerical answer must be entered using the virtual numeric key pad.<\\/p>\\r\\n\\t<\\/li>\\r\\n<\\/ul>\\r\\n\\r\\n<p><strong><em>&nbsp;<\\/em><\\/strong><\\/p>\\r\\n\",\"type\":\"textarea\",\"extra\":\"\",\"tool_tip\":\"pattren\"},\"pricing\":{\"value\":\"<p>* Pricing does not reflect any promotional offers or reduced pricing for Microsoft Imagine Academy program members, Microsoft Certified Trainers, and Microsoft Partner Network program members. Pricing is subject to change without notice. Pricing does not include applicable taxes. Please confirm exact pricing with the exam provider before registering to take an exam.<br \\/>\\r\\n<br \\/>\\r\\nEffective May 1, 2017, the existing cancellation policy will be replaced in its entirety with the following policy: Cancelling or rescheduling your exam within 5 business days of your registered exam time is subject to a fee. Failing to show up for your exam appointment or not rescheduling or cancelling your appointment at least 24 hours prior to your scheduled appointment forfeits your entire exam fee.<\\/p>\\r\\n\\r\\n<p>&nbsp;<\\/p>\\r\\n\\r\\n<p>The key point in CAT exam syllabus 2018 is that there is no repetition of CAT questions in any CAT exam although difficulty level of the questions in CAT exam would not go out of CAT exam syllabus.&nbsp;IIM entrance exam syllabus or CAT 2018 exam Syllabus is not pre-defined by CAT 2018 convening IIM nor the CAT syllabus was outlined earlier also by the CAT exam convening IIM Bangalore, Ahmedabad, Indore, Kozhikode or Lucknow.<\\/p>\\r\\n\",\"type\":\"textarea\",\"extra\":\"\",\"tool_tip\":\"pricing\"},\"syllabus\":{\"value\":\"<h1>CAT 2018 Syllabus<\\/h1>\\r\\n\\r\\n<p>Once you know about the CAT Pattern 2018, your next step for CAT preparation is to scan the CAT Syllabus 2018. In fact, CAT Exam Syllabus has never had any boundaries and this fact also applies to define the CAT 2018 exam syllabus.&nbsp;CAT 2018 exam syllabus is based on the past trend of CAT exams and putting it the right way, the CAT syllabus is the outcome of the topics which have earlier appeared in CAT exam although the type of questions, their composition, format, and number may change in each subsequent CAT exam.<\\/p>\\r\\n\\r\\n<p>&nbsp;<\\/p>\\r\\n\\r\\n<p>The key point in CAT exam syllabus 2018 is that there is no repetition of CAT questions in any CAT exam although difficulty level of the questions in the CAT exam would not go out of CAT exam syllabus.&nbsp;IIM entrance exam syllabus or CAT 2018 exam Syllabus is not pre-defined by CAT 2018 convening IIM nor the CAT syllabus was outlined earlier also by the CAT exam convening IIM Bangalore, Ahmedabad, Indore, Kozhikode or Lucknow.<\\/p>\\r\\n\\r\\n<p>&nbsp;<\\/p>\\r\\n\\r\\n<p>CAT 2018 exam syllabus is based on the mentioned guidelines and current structure of the CAT exam. Past tendencies reflect that CAT exam syllabus and pattern overall tests the candidate on Verbal Ability &amp; Reading Comprehension; Quantitative Aptitude; Data Interpretation &amp; Logical Reasoning. CAT exam Syllabus covers all the major topics on these three test sections which are further divided into sub-sections.<\\/p>\\r\\n\\r\\n<p>&nbsp;<\\/p>\\r\\n\\r\\n<p><strong>Sectional Sub-division of CAT 2018 Syllabus<\\/strong><br \\/>\\r\\nCAT syllabus 2018 is further subdivided. This sectional sub-division in CAT syllabus makes CAT 2018 as an exam with 5 effective sections as VARC is divided into topics on Verbal Ability and Reading Comprehension; DILR syllabus is also divided into an equal number of questions based on Data Interpretation and Logical Reasoning. CAT 2018 exam syllabus is thus based on the past paper patterns which contain questions from all these sections.<\\/p>\\r\\n\\r\\n<p>&nbsp;<\\/p>\\r\\n\\r\\n<p><strong>No CAT preparation without CAT Syllabus<\\/strong><br \\/>\\r\\nThe fact is that you will find it difficult to proceed with CAT preparation even if you have all the CAT preparation material unless you know the CAT exam syllabus. CAT MBA exam syllabus is much wider than one can anticipate.&nbsp;IIMs CAT syllabus does not leave any study topic untouched. The glimpses of CAT syllabus 2018 for MBA admission 2019-21 in IIMs and other top B-schools is a testimony to this fact.<\\/p>\\r\\n\\r\\n<p>&nbsp;<\\/p>\\r\\n\\r\\n<p>If you go through the CAT exam syllabus, it will help you to decide when to begin CAT preparation? How to prepare for CAT 2018? What important topics covered in CAT syllabus need your focused attention in CAT preparation and so on so forth. Going by the past trends and past CAT exam pattern, CAT complete syllabus for each section of Common Admission Test (CAT) is shared below to help the CAT 2018 aspirants in CAT 2018 preparation in accordance with the CAT 2018 exam syllabus.&nbsp;&nbsp;<\\/p>\\r\\n\\r\\n<p>&nbsp;<\\/p>\\r\\n\\r\\n<p><strong>CAT Syllabus 2018 for VARC&nbsp;<\\/strong><br \\/>\\r\\nCommon Admission Test (CAT) exam Syllabus for VARC section in CAT 2018 is divided into 2 parts. The 1st part of CAT 2018 syllabus covers questions based on Reading Comprehension passages and the 2nd part of CAT 2018 exam syllabus on VARC is based on questions on different topics on Verbal Ability.<\\/p>\\r\\n\\r\\n<p>&nbsp;<\\/p>\\r\\n\\r\\n<p>The past trend in CAT exam syllabus for VARC shows that there are 34 questions in this section. These questions are further divided into 24 MCQs and 10 Non-MCQs in VARC section of CAT exam. Major topics covered in CAT 2018 syllabus for VARC&nbsp; and Key features of CAT syllabus for VARC are as under-&nbsp;<\\/p>\\r\\n\\r\\n<p>&nbsp;<\\/p>\\r\\n\\r\\n<p><strong>Part-1: Reading Comprehension (RC)<\\/strong><\\/p>\\r\\n\\r\\n<ul>\\r\\n\\t<li>Share of Reading Comprehension in VARC section of CAT exam: 70%<\\/li>\\r\\n\\t<li>Total RC passages:&nbsp; 5<\\/li>\\r\\n\\t<li>Topics on which RC passages are based: Current affairs; Social and Economic issues; Literature; Science &amp; Culture; Abstract topics; history &amp; fiction.<\\/li>\\r\\n\\t<li>The topics are only indicative and not exhaustive. There is no clear cut definition of RC topics in CAT exam syllabus. RC passage on any topic under the Sun can be placed in CAT 2017 exam.&nbsp;&nbsp;<\\/li>\\r\\n\\t<li>Total questions based on RC passages: 24<\\/li>\\r\\n\\t<li>Type of RC passages: 3 Long and 2 shorter<\\/li>\\r\\n\\t<li>Division of questions: 6 questions based on each long passage and 3 questions based on each shorter passage<\\/li>\\r\\n\\t<li>Type of Questions: All of MCQ type with penalty of 1\\/3rd negative marking<\\/li>\\r\\n\\t<li>Format of questions: Questions based on information in RC passage; explanation of the words &amp; phrases as used in the passage; In context of the passage &ndash;True\\/false statements; Author&rsquo;s view on various issues raised in the RC passage; Inference from the passage; main idea of RC passage; Purpose of the RC passage<\\/li>\\r\\n\\t<li>Length of RC passages: CAT exam has 3 longer RC passages of around 900 words; shorter passages are of around 600 words in CAT exam syllabus as reflected in last 3 years.<\\/li>\\r\\n\\t<li>Past trends of topics: Status of Languages in 2115; Education System; Sustainable Economic Development; Anthropology \\/Excruciating Rituals &amp; Reasons; Govt. Definition of Poverty and treatment of Household work&nbsp;<\\/li>\\r\\n<\\/ul>\\r\\n\\r\\n<p><strong>Part-2: Verbal Ability<\\/strong><\\/p>\\r\\n\\r\\n<ul>\\r\\n\\t<li>Share of Verbal Ability (VA)&nbsp; questions in&nbsp; VARC section of CAT exam: 30%<\\/li>\\r\\n\\t<li>Total VA based questions: 10<\\/li>\\r\\n\\t<li><strong>Topics on which VA questions are based:<\\/strong><\\/li>\\r\\n\\t<li>Essence of short paragraph\\/Para summary - (3-4 questions);<\\/li>\\r\\n\\t<li>Jumbled Paragraphs (3-4 questions)<\\/li>\\r\\n\\t<li>Jumbled paragraphs with out of context sentence (2-3)<\\/li>\\r\\n\\t<li>The topics are only indicative and not exhaustive.<\\/li>\\r\\n\\t<li>Type of Questions: All of Non-MCQ type with No penalty for wrong answer<\\/li>\\r\\n\\t<li>Format of questions: Essence of paragraph questions are based on around 5-6 sentences; questions on Jumbled paragraphs and out of context jumbled paragraphs have 4 -5 jumbled sentences which are to be placed in a coherent manner. The out of context sentence has to be picked out.<\\/li>\\r\\n<\\/ul>\\r\\n\\r\\n<p><strong>Other expected type of questions in Verbal Ability<\\/strong><\\/p>\\r\\n\\r\\n<p>Till three years ago, following type of questions also formed the part of CAT exam syllabus. Since these topics are still the part of syllabus for CAT exam, it is possible you may see these questions again in CAT 2018:<\\/p>\\r\\n\\r\\n<ul>\\r\\n\\t<li>English Usage &amp; Sentence Correction;<\\/li>\\r\\n\\t<li>&nbsp;Fill in the blanks;<\\/li>\\r\\n\\t<li>Vocabulary-Usage in context<\\/li>\\r\\n<\\/ul>\\r\\n\\r\\n<p><strong>CAT Syllabus 2018 for DILR<\\/strong><br \\/>\\r\\nData Interpretation and Logical Reasoning (DILR) as a separate section in CAT exam was re-originated after keeping the section in abeyance for 4 years. During this period the DILR questions were clubbed to Quant and Verbal Ability sections respectively.<\\/p>\\r\\n\\r\\n<p>&nbsp;<\\/p>\\r\\n\\r\\n<p>In 2015 IIM Ahmedabad, the then CAT convening IIM decided to re-introduce the DILR as a separate 3rd section. The pattern was followed by IIM Bangalore in 2016 and by IIM Lucknow in 2017 also.<\\/p>\\r\\n\\r\\n<p>&nbsp;<\\/p>\\r\\n\\r\\n<p>CAT exam Syllabus for DILR section in CAT 2018 is divided in 2 parts &ndash; Data Interpretation and Logical Reasoning. The 1st part of CAT 2018 syllabus covers questions based on Data Interpretation (DI) and the 2nd part of CAT 2018 exam syllabus on DILR is based on questions on different topics on Logical Reasoning.<\\/p>\\r\\n\\r\\n<p>&nbsp;<\\/p>\\r\\n\\r\\n<p>The past 2 years trend in CAT syllabus for DILR shows that there are 24 MCQs and 8 Non- MCQs in DILR section of CAT exam. Major topics covered in CAT 2018 syllabus for DILR&nbsp; and Key features of CAT syllabus for DILR are as under-&nbsp;<\\/p>\\r\\n\\r\\n<p>&nbsp;<\\/p>\\r\\n\\r\\n<p><strong>Part-1: Syllabus for Data Interpretation (DI)<\\/strong><\\/p>\\r\\n\\r\\n<ul>\\r\\n\\t<li>Share of DI questions in DILR section of CAT exam: 50%<\\/li>\\r\\n\\t<li>Total DI questions: 16<\\/li>\\r\\n\\t<li>Number of MCQs: 12<\\/li>\\r\\n\\t<li>Number of Non MCQs: 4<\\/li>\\r\\n\\t<li>Topics on which DI questions are based: Data Tables, Data charts, Bar diagrams, Pie charts, Graphs, Data analysis and comparison among others<\\/li>\\r\\n\\t<li>Questions are in the set of 4 questions. Questions on interpretation and analysis of data based on text, tables, graphs (line, area), charts (column, bar, pie), venn diagram, are asked. Data could be given in form of tables, charts or graphs. In this section it is tested that how candidates can interpret the given data and answer questions based on it.<\\/li>\\r\\n\\t<li>Past trend of topics: Table (Student Pass percentages over 5 years; Comprehension &ndash; Marks in Two sections of papers; Films, Launch, Completion, Release and Profits; Table on Consumption of Veg and Non-Veg Protein; Happiness Index: 4 questions based on Table; Kids Learning in Rural Areas: Data table based 4 questions; Flight operation<\\/li>\\r\\n\\t<li>The topics are only indicative and not exhaustive.<\\/li>\\r\\n<\\/ul>\\r\\n\\r\\n<p><strong>Part-2: CAT exam Syllabus for Logical Reasoning (LR)<\\/strong><\\/p>\\r\\n\\r\\n<ul>\\r\\n\\t<li>Share of LR questions in DILR section of CAT exam: 50%<\\/li>\\r\\n\\t<li>Total LR questions in CAT syllabus for 2018 exam: 16<\\/li>\\r\\n\\t<li>Number of MCQs: 12<\\/li>\\r\\n\\t<li>Number of Non MCQs: 4&nbsp;<\\/li>\\r\\n\\t<li>Topics covered in CAT test syllabus 2018 on which LR questions are based: Clocks, Calendars, binary logic, seating arrangement, blood relations, logical sequence,&nbsp;Assumption, premise, conclusion, linear and matrix arrangement<\\/li>\\r\\n\\t<li>CAT entrance exam syllabus defines that questions in LR section can be individual or can be in the set of 4 questions.<\\/li>\\r\\n\\t<li>Past trend of topics in CAT IIM Syllabus: Distribution\\/Arrangement; Venn Diagrams;&nbsp; Arrangement of files in folders; Students using various Trains and the fares for the same; Seating Arrangement; Direction sense for Cars; Ordering items; Burgers\\/Fries\\/ Ice Cream<\\/li>\\r\\n\\t<li>The topics in CAT syllabus 2017 are only indicative and not exhaustive.<\\/li>\\r\\n<\\/ul>\\r\\n\\r\\n<p><strong>CAT Syllabus 2018 for Quantitative Aptitude&nbsp;<\\/strong><br \\/>\\r\\nCAT exam syllabus 2018 for Quant section is very wide. Quantitative Aptitude (Quant) is the 3rd and last section in the revamped CAT exam pattern.&nbsp; CAT syllabus 2018 for Quant is vast and covers everything in Mathematics that you may or may not expect.&nbsp;CAT exam syllabus 2018 on Quant is based on questions on different topics on Arithmetic, Algebra, Modern Math, Geometry, Mensuration, Trignometry among others.&nbsp;<\\/p>\\r\\n\\r\\n<p>&nbsp;<\\/p>\\r\\n\\r\\n<p>The past 2 years trend in CAT exam syllabus for Quant shows that there are 24 to 27 MCQs and 7 to 10 Non-MCQs in Quant section of CAT exam. Major topics covered in CAT 2018 syllabus for Quant and Key features of CAT syllabus for Quant are as under:&nbsp;<\\/p>\\r\\n\\r\\n<ul>\\r\\n\\t<li>Total questions: 34<\\/li>\\r\\n\\t<li>Number of MCQs: 24 to 27<\\/li>\\r\\n\\t<li>Number of Non-MCQs: 7 to 10<\\/li>\\r\\n\\t<li>CAT Syllabus &amp; Number of questions in Arithmetic: 10 to 12; more emphasis on Arithmetic to promote academic diversity. Major topics are LCM and HCF; Percentages; Profit and Loss; Interest (Simple and Compound); Speed, Time and Distance; Time and Work; Averages; Ratio and Proportion and others<\\/li>\\r\\n\\t<li>Other key areas in CAT 2018 Quant syllabus: Numbers (3-4) questions; Algebra (5-7 questions); Geometry\\/Mensuration (6-8 questions); Pure Math (1-2 questions); Venn diagrams and other topic-based questions are 2-3 apart from above.<\\/li>\\r\\n\\t<li>Key topics covered: Linear Equations; Quadratic Equations; Complex Numbers; Logarithm; Progressions; Binomial Theorem; Surds and Indices; Inequalities; Permutation and Combination; Probability Functions; Set Theory; Mixtures and Alligations; Geometry; Co-ordinate Geometry; Trigonometry; Mensuration<\\/li>\\r\\n\\t<li>The topics in CAT exam 2018 syllabus for Quant are only indicative and not exhaustive.<\\/li>\\r\\n<\\/ul>\\r\\n\",\"type\":\"textarea\",\"extra\":\"\",\"tool_tip\":\"Syllabus\"},\"about-us\":{\"value\":\"<p><strong>About Us<\\/strong><\\/p>\\r\\n\\r\\n<p>Menorah OES&nbsp;is a leading online source of daily news and analysis about the MenorahOES industry. We cover a wide scope. Areas of coverage include advancements in power and cooling technology, processor and server architecture, networks, storage, the colocation industry and MenorahOES company stocks, cloud, and&nbsp;developments in modern hyper-scale MenorahOES space, edge computing, infrastructure for machine learning, and virtual and augmented reality.<\\/p>\\r\\n\\r\\n<p>Each month, hundreds of thousands of&nbsp;MenorahOES professionals (C-level, business, IT, and facilities decision makers) turn to MenorahOES to help them develop MenorahOES strategies, and\\/or design, build, and manage&nbsp;world-class MenorahOESs. These buyers and decision-makers rely on MenorahOES as a trusted source of breaking news and expertise on these specialized facilities.<\\/p>\\r\\n\\r\\n<p><strong>About Our Team<\\/strong><\\/p>\\r\\n\\r\\n<p>The Menorah OES team is comprised of a dedicated group of reporters, editors, analysts, and MenorahOES industry professionals&nbsp;who work continuously to cover the industry&rsquo;s ever-changing landscape. More on our Staff and Contributors&nbsp;page.<\\/p>\\r\\n\\r\\n<p><strong>Submit Your News<\\/strong><\\/p>\\r\\n\\r\\n<p>Send news tips to our editor.&nbsp;Due to the high volume of inquiries, we have set up some PR Guidelines. You&rsquo;ll find those on the Submit Your News&nbsp;page, which is also where you&rsquo;ll find the right contact information.<\\/p>\\r\\n\\r\\n<p><strong>Keep Updated Via Multiple Channels<\\/strong><\\/p>\\r\\n\\r\\n<p>Stay current on our latest headlines by subscribing to our daily email updates&nbsp;or RSS feed.<\\/p>\\r\\n\\r\\n<p><strong>Social Media<\\/strong><\\/p>\\r\\n\\r\\n<p>Join your colleagues on MenorahOES&rsquo;s Facebook page&nbsp;for another way to stay updated on industry developments. Our LinkedIn Group&nbsp;provides another way to discuss the news and trends of the day. &ldquo;Like&rdquo; us on Facebook and ask for an invite to the LinkedIn Group. If&nbsp;cool videos of MenorahOES tours&nbsp;are what you seek, check out our MenorahOES video archive and the MenorahOES Videos channel&nbsp;on&nbsp;YouTube.<\\/p>\\r\\n\\r\\n<p><strong>MenorahOES is Part of the Knowledge &amp; Networking Group Within Informa<\\/strong><\\/p>\\r\\n\\r\\n<p>MenorahOES is a global brand within the MenorahOES Vertical of Informa&rsquo;s Knowledge &amp; Networking Group. The vertical also includes MenorahOES World conferences, the AFCOM &nbsp;membership organization, and the MenorahOES Institute think tank.<\\/p>\\r\\n\\r\\n<p><strong>Contact Us By Mail:<\\/strong><\\/p>\\r\\n\\r\\n<p>Menorah OES\\/Informa<br \\/>\\r\\n101 2nd Street, Suite 350<br \\/>\\r\\nSan Francisco, CA 94105<\\/p>\\r\\n\",\"type\":\"textarea\",\"extra\":\"\",\"tool_tip\":\"About Us Page\"},\"privacy-policy\":{\"value\":\"<h1>Privacy and Policy<\\/h1>\\r\\n\\r\\n<p>only five centuries, but also the leap into electronic typesetting, remaining essentially unchanged. It was popularised in the 1960s with the release of Letraset sheets containing Lorem Ipsum passages, and more recently with desktop publishing software like Aldus PageMaker including versions of Lorem Ipsum<\\/p>\\r\\n\\r\\n<p>as opposed to using Content here, content here, making it look like readable English. Many desktop publishing packages and web page editors now use Lorem Ipsum as their default model text, and a search for lorem ipsum will uncover many web sites still in their infancy. Various versions have evolved over the years, sometimes by accident, sometimes on purpose (injected humour and the like).<\\/p>\\r\\n\\r\\n<p>A more sophisticated version of this document is available on website: <a href=\\\"javascript:void(0);\\\">privacy and cookies policy.<\\/a><\\/p>\\r\\n\\r\\n<p>More Information About Privacy Policies:<\\/p>\\r\\n\\r\\n<p>categories of personal information collected by the website<\\/p>\\r\\n\\r\\n<p>categories of personal information collected by the website<\\/p>\\r\\n\\r\\n<p>categories of personal information collected by the website<\\/p>\\r\\n\\r\\n<p>categories of personal information collected by the website<\\/p>\\r\\n\\r\\n<p>categories of personal information collected by the website<\\/p>\\r\\n\\r\\n<p>only five centuries, but also the leap into electronic typesetting, remaining essentially unchanged. It was popularised in the 1960s with the release of Letraset sheets containing Lorem Ipsum passages, and more recently with desktop publishing software like Aldus PageMaker including versions of Lorem Ipsum<\\/p>\\r\\n\\r\\n<p>as opposed to using Content here, content here, making it look like readable English. Many desktop publishing packages and web page editors now use Lorem Ipsum as their default model text, and a search for lorem ipsum will uncover many web sites still in their infancy. Various versions have evolved over the years, sometimes by accident, sometimes on purpose (injected humour and the like).<\\/p>\\r\\n<!-- <p class=\\\"dual-btns\\\"> <a href=\\\"#\\\" class=\\\"btn-demo\\\">Download<\\/a> <a href=\\\"#\\\" class=\\\"btn-buy\\\">Get Licence<\\/a> <\\/p>-->\\r\\n\\r\\n<p><strong>Note:<\\/strong>If you use the free privacy policy, you must retain the credit for OES. However, if you purchase the equivalent document on website, you will get access to a copy of the document that omits the credit.<\\/p>\\r\\n\",\"type\":\"textarea\",\"extra\":\"\",\"tool_tip\":\"Privacy Policy Page\"},\"terms-conditions\":{\"value\":\"<h1>Terms and Conditions<\\/h1>\\r\\n\\r\\n<p>General<\\/p>\\r\\n\\r\\n<p>only five centuries, but also the leap into electronic typesetting, remaining essentially unchanged. It was popularised in the 1960s with the release of Letraset sheets containing Lorem Ipsum passages, and more recently with desktop publishing software like Aldus PageMaker including versions of Lorem Ipsum<\\/p>\\r\\n\\r\\n<p>as opposed to using Content here, content here, making it look like readable English. Many desktop publishing packages and web page editors now use Lorem Ipsum as their default model text, and a search for lorem ipsum will uncover many web sites still in their infancy. Various versions have evolved over the years, sometimes by accident, sometimes on purpose (injected humour and the like).<\\/p>\\r\\n\\r\\n<p>Contrary to popular belief, Lorem Ipsum is not simply random text. It has roots in a piece of classical Latin literature from 45 BC, making it over 2000 years old. Richard McClintock, a Latin professor at Hampden-Sydney College in Virginia, looked up one of the more obscure Latin words, consectetur, from a Lorem Ipsum passage, and going through the cites of the word in classical literature, discovered the undoubtable source. Lorem Ipsum comes from sections 1.10.32 and 1.10.33 of &quot;de Finibus Bonorum et Malorum&quot;<\\/p>\\r\\n\\r\\n<p>Services<\\/p>\\r\\n\\r\\n<p>only five centuries, but also the leap into electronic typesetting, remaining essentially unchanged. It was popularised in the 1960s with the release of Letraset sheets containing Lorem Ipsum passages, and more recently with desktop publishing software like Aldus PageMaker including versions of Lorem Ipsum<\\/p>\\r\\n\\r\\n<p>as opposed to using Content here, content here, making it look like readable English. Many desktop publishing packages and web page editors now use Lorem Ipsum as their default model text, and a search for lorem ipsum will uncover many web sites still in their infancy. Various versions have evolved over the years, sometimes by accident, sometimes on purpose (injected humour and the like).<\\/p>\\r\\n\\r\\n<p>Contrary to popular belief, Lorem Ipsum is not simply random text. It has roots in a piece of classical Latin literature from 45 BC, making it over 2000 years old. Richard McClintock, a Latin professor at Hampden-Sydney College in Virginia, looked up one of the more obscure Latin words, consectetur, from a Lorem Ipsum passage, and going through the cites of the word in classical literature, discovered the undoubtable source. Lorem Ipsum comes from sections 1.10.32 and 1.10.33 of &quot;de Finibus Bonorum et Malorum&quot;<\\/p>\\r\\n\\r\\n<p>Service Fees \\/ Payments \\/ Invoices<\\/p>\\r\\n\\r\\n<p>only five centuries, but also the leap into electronic typesetting, remaining essentially unchanged. It was popularised in the 1960s with the release of Letraset sheets containing Lorem Ipsum passages, and more recently with desktop publishing software like Aldus PageMaker including versions of Lorem Ipsum<\\/p>\\r\\n\\r\\n<p>as opposed to using Content here, content here, making it look like readable English. Many desktop publishing packages and web page editors now use Lorem Ipsum as their default model text, and a search for lorem ipsum will uncover many web sites still in their infancy. Various versions have evolved over the years, sometimes by accident, sometimes on purpose (injected humour and the like).<\\/p>\\r\\n\\r\\n<p>Contrary to popular belief, Lorem Ipsum is not simply random text. It has roots in a piece of classical Latin literature from 45 BC, making it over 2000 years old. Richard McClintock, a Latin professor at Hampden-Sydney College in Virginia, looked up one of the more obscure Latin words, consectetur, from a Lorem Ipsum passage, and going through the cites of the word in classical literature, discovered the undoubtable source. Lorem Ipsum comes from sections 1.10.32 and 1.10.33 of &quot;de Finibus Bonorum et Malorum&quot;<\\/p>\\r\\n\\r\\n<p>Termination \\/ Plan Change \\/ Refund Policy<\\/p>\\r\\n\\r\\n<p>only five centuries, but also the leap into electronic typesetting, remaining essentially unchanged. It was popularised in the 1960s with the release of Letraset sheets containing Lorem Ipsum passages, and more recently with desktop publishing software like Aldus PageMaker including versions of Lorem Ipsum<\\/p>\\r\\n\\r\\n<p>as opposed to using Content here, content here, making it look like readable English. Many desktop publishing packages and web page editors now use Lorem Ipsum as their default model text, and a search for lorem ipsum will uncover many web sites still in their infancy. Various versions have evolved over the years, sometimes by accident, sometimes on purpose (injected humour and the like).<\\/p>\\r\\n\\r\\n<p>Contrary to popular belief, Lorem Ipsum is not simply random text. It has roots in a piece of classical Latin literature from 45 BC, making it over 2000 years old. Richard McClintock, a Latin professor at Hampden-Sydney College in Virginia, looked up one of the more obscure Latin words, consectetur, from a Lorem Ipsum passage, and going through the cites of the word in classical literature, discovered the undoubtable source. Lorem Ipsum comes from sections 1.10.32 and 1.10.33 of &quot;de Finibus Bonorum et Malorum&quot;<\\/p>\\r\\n\\r\\n<p>Subscriber Responsibility<\\/p>\\r\\n\\r\\n<p>only five centuries, but also the leap into electronic typesetting, remaining essentially unchanged. It was popularised in the 1960s with the release of Letraset sheets containing Lorem Ipsum passages, and more recently with desktop publishing software like Aldus PageMaker including versions of Lorem Ipsum<\\/p>\\r\\n\\r\\n<p>as opposed to using Content here, content here, making it look like readable English. Many desktop publishing packages and web page editors now use Lorem Ipsum as their default model text, and a search for lorem ipsum will uncover many web sites still in their infancy. Various versions have evolved over the years, sometimes by accident, sometimes on purpose (injected humour and the like).<\\/p>\\r\\n\\r\\n<p>Contrary to popular belief, Lorem Ipsum is not simply random text. It has roots in a piece of classical Latin literature from 45 BC, making it over 2000 years old. Richard McClintock, a Latin professor at Hampden-Sydney College in Virginia, looked up one of the more obscure Latin words, consectetur, from a Lorem Ipsum passage, and going through the cites of the word in classical literature, discovered the undoubtable source. Lorem Ipsum comes from sections 1.10.32 and 1.10.33 of &quot;de Finibus Bonorum et Malorum&quot;<\\/p>\\r\\n\\r\\n<p>Entire Agreement<\\/p>\\r\\n\\r\\n<p>only five centuries, but also the leap into electronic typesetting, remaining essentially unchanged. It was popularised in the 1960s with the release of Letraset sheets containing Lorem Ipsum passages, and more recently with desktop publishing software like Aldus PageMaker including versions of Lorem Ipsum<\\/p>\\r\\n\\r\\n<p>as opposed to using Content here, content here, making it look like readable English. Many desktop publishing packages and web page editors now use Lorem Ipsum as their default model text, and a search for lorem ipsum will uncover many web sites still in their infancy. Various versions have evolved over the years, sometimes by accident, sometimes on purpose (injected humour and the like).<\\/p>\\r\\n\\r\\n<p>Contrary to popular belief, Lorem Ipsum is not simply random text. It has roots in a piece of classical Latin literature from 45 BC, making it over 2000 years old. Richard McClintock, a Latin professor at Hampden-Sydney College in Virginia, looked up one of the more obscure Latin words, consectetur, from a Lorem Ipsum passage, and going through the cites of the word in classical literature, discovered the undoubtable source. Lorem Ipsum comes from sections 1.10.32 and 1.10.33 of &quot;de Finibus Bonorum et Malorum&quot;<\\/p>\\r\\n\",\"type\":\"textarea\",\"extra\":\"\",\"tool_tip\":\"Terms & Conditions page\"},\"theme_color\":{\"value\":\"blueheader\",\"type\":\"select\",\"extra\":{\"total_options\":\"5\",\"options\":{\"blueheader\":\"Blue Header\",\"bluenavbar\":\"Blue Navigation Bar\",\"darkheader\":\"Dark Header\",\"darktheme\":\"Dark Theme\",\"whitecolor\":\"default\"}},\"tool_tip\":\"Block user if user canot reach minimum total CPD points\"}}',	NULL,	1,	'blueheader',	'2018-03-24 00:00:00',	'2019-06-10 13:14:55');

DROP TABLE IF EXISTS `topics`;
CREATE TABLE `topics` (
  `id` bigint(20) unsigned NOT NULL AUTO_INCREMENT,
  `subject_id` bigint(20) unsigned NOT NULL,
  `parent_id` bigint(20) NOT NULL DEFAULT '0',
  `topic_name` varchar(255) COLLATE utf8_unicode_ci NOT NULL,
  `slug` varchar(50) COLLATE utf8_unicode_ci NOT NULL,
  `description` text COLLATE utf8_unicode_ci NOT NULL,
  `sort_order` int(11) NOT NULL DEFAULT '1',
  `created_at` timestamp NULL DEFAULT NULL,
  `updated_at` timestamp NULL DEFAULT NULL,
  PRIMARY KEY (`id`),
  UNIQUE KEY `slug` (`slug`),
  KEY `subject_id` (`subject_id`),
  CONSTRAINT `topics_ibfk_1` FOREIGN KEY (`subject_id`) REFERENCES `subjects` (`id`) ON DELETE CASCADE ON UPDATE CASCADE
) ENGINE=InnoDB DEFAULT CHARSET=utf8 COLLATE=utf8_unicode_ci;

INSERT INTO `topics` (`id`, `subject_id`, `parent_id`, `topic_name`, `slug`, `description`, `sort_order`, `created_at`, `updated_at`) VALUES
(1,	1,	0,	'Chapter 1',	'60ffd2f51325844d02f96b806ab8ad2571e2466b',	'Contains all the basics',	1,	'2018-04-03 09:31:00',	'2018-04-03 09:31:00'),
(2,	2,	0,	'Chapter 1',	'09056c089197b536c05209b5096493b5e865b580-1',	'Contains all the basics',	1,	'2018-04-03 09:31:00',	'2018-04-03 09:31:00'),
(3,	3,	0,	'Chapter 1',	'c301b03a6b1a30d552874c50fbc658b2500c2244-2',	'Contains all the basics',	1,	'2018-04-03 09:31:00',	'2018-04-03 09:31:00'),
(5,	5,	0,	'Chapter 1',	'b711ff67336d9a01a69e30128eadd73b20fdd843-4',	'Contains all the basics',	1,	'2018-04-03 09:31:00',	'2018-04-03 09:31:00'),
(6,	6,	0,	'Chapter 1',	'0f216ccc9e928ee57e27f046883bb6d808f06ec6-5',	'Contains all the basics',	1,	'2018-04-03 09:31:00',	'2018-04-03 09:31:00'),
(7,	7,	0,	'Chapter 1',	'c4d09e1aae39f713c84ee1856b4d44184bafa76f-6',	'Contains all the basics',	1,	'2018-04-03 09:31:00',	'2018-04-03 09:31:00'),
(9,	7,	0,	'Reasoning',	'reasoning-7',	'Contains all the basics	\r\n',	1,	'2018-04-04 09:01:14',	'2019-06-03 11:34:28'),
(10,	10,	0,	'Mathjax',	'mathjax-7',	'',	1,	'2019-06-04 04:31:36',	'2019-06-04 04:31:36');

DROP TABLE IF EXISTS `total_attempted`;
CREATE TABLE `total_attempted` (
  `id` int(10) unsigned NOT NULL AUTO_INCREMENT,
  `total_attempted` int(20) NOT NULL DEFAULT '0',
  `created_at` timestamp NULL DEFAULT NULL,
  `updated_at` timestamp NULL DEFAULT NULL,
  PRIMARY KEY (`id`)
) ENGINE=InnoDB DEFAULT CHARSET=utf8;


DROP TABLE IF EXISTS `users`;
CREATE TABLE `users` (
  `id` bigint(20) unsigned NOT NULL AUTO_INCREMENT,
  `name` varchar(255) COLLATE utf8_unicode_ci NOT NULL,
  `username` varchar(255) COLLATE utf8_unicode_ci NOT NULL,
  `email` varchar(255) COLLATE utf8_unicode_ci NOT NULL,
  `password` varchar(255) COLLATE utf8_unicode_ci NOT NULL,
  `slug` varchar(50) COLLATE utf8_unicode_ci NOT NULL,
  `login_enabled` tinyint(1) NOT NULL DEFAULT '1',
  `role_id` int(11) NOT NULL,
  `parent_id` int(11) DEFAULT NULL,
  `image` varchar(255) COLLATE utf8_unicode_ci NOT NULL,
  `phone` varchar(50) COLLATE utf8_unicode_ci DEFAULT NULL,
  `address` text COLLATE utf8_unicode_ci NOT NULL,
  `stripe_active` tinyint(1) NOT NULL DEFAULT '0',
  `stripe_id` varchar(250) COLLATE utf8_unicode_ci DEFAULT NULL,
  `stripe_plan` varchar(30) COLLATE utf8_unicode_ci DEFAULT NULL,
  `paypal_email` varchar(50) COLLATE utf8_unicode_ci DEFAULT NULL,
  `card_brand` varchar(50) COLLATE utf8_unicode_ci DEFAULT NULL,
  `card_last_four` varchar(50) COLLATE utf8_unicode_ci DEFAULT NULL,
  `trial_ends_at` timestamp NULL DEFAULT NULL,
  `subscription_ends_at` timestamp NULL DEFAULT NULL,
  `remember_token` varchar(100) COLLATE utf8_unicode_ci DEFAULT NULL,
  `settings` text COLLATE utf8_unicode_ci,
  `deleted_at` timestamp NULL DEFAULT NULL,
  `created_at` timestamp NULL DEFAULT NULL,
  `updated_at` timestamp NULL DEFAULT NULL,
  `is_verified` tinyint(4) NOT NULL DEFAULT '0',
  `activation_code` varchar(255) COLLATE utf8_unicode_ci DEFAULT NULL,
  `qualification` varchar(255) COLLATE utf8_unicode_ci DEFAULT NULL,
  `department` varchar(255) COLLATE utf8_unicode_ci DEFAULT NULL,
  `college_name` varchar(255) COLLATE utf8_unicode_ci DEFAULT NULL,
  `college_place` varchar(255) COLLATE utf8_unicode_ci DEFAULT NULL,
  `state` varchar(255) COLLATE utf8_unicode_ci DEFAULT NULL,
  `country` varchar(255) COLLATE utf8_unicode_ci DEFAULT NULL,
  `field_of_interest` text COLLATE utf8_unicode_ci,
  `subject_taught` text COLLATE utf8_unicode_ci,
  `gender` enum('Male','Female') COLLATE utf8_unicode_ci DEFAULT NULL,
  `dob` date DEFAULT NULL,
  `marital_status` enum('Married','Unmarried') COLLATE utf8_unicode_ci DEFAULT NULL,
  `nationality` varchar(255) COLLATE utf8_unicode_ci DEFAULT NULL,
  `father_name` varchar(255) COLLATE utf8_unicode_ci DEFAULT NULL,
  `linguistic_ability` varchar(255) COLLATE utf8_unicode_ci DEFAULT NULL,
  `passport_number` varchar(255) COLLATE utf8_unicode_ci DEFAULT NULL,
  `present_address` varchar(255) COLLATE utf8_unicode_ci DEFAULT NULL,
  `personal_strength` varchar(255) COLLATE utf8_unicode_ci DEFAULT NULL,
  `roll_no` varchar(255) COLLATE utf8_unicode_ci DEFAULT NULL,
  `device_id` varchar(512) COLLATE utf8_unicode_ci DEFAULT NULL,
  `career_objective` varchar(1000) COLLATE utf8_unicode_ci DEFAULT NULL,
  `declaration` varchar(1000) COLLATE utf8_unicode_ci DEFAULT NULL,
  PRIMARY KEY (`id`),
  UNIQUE KEY `users_email_unique` (`email`),
  KEY `id` (`id`)
) ENGINE=InnoDB DEFAULT CHARSET=utf8 COLLATE=utf8_unicode_ci;

INSERT INTO `users` (`id`, `name`, `username`, `email`, `password`, `slug`, `login_enabled`, `role_id`, `parent_id`, `image`, `phone`, `address`, `stripe_active`, `stripe_id`, `stripe_plan`, `paypal_email`, `card_brand`, `card_last_four`, `trial_ends_at`, `subscription_ends_at`, `remember_token`, `settings`, `deleted_at`, `created_at`, `updated_at`, `is_verified`, `activation_code`, `qualification`, `department`, `college_name`, `college_place`, `state`, `country`, `field_of_interest`, `subject_taught`, `gender`, `dob`, `marital_status`, `nationality`, `father_name`, `linguistic_ability`, `passport_number`, `present_address`, `personal_strength`, `roll_no`, `device_id`, `career_objective`, `declaration`) VALUES
(1,	'owner',	'owner',	'owner@owner.com',	'$2y$10$lhv.EE91oejqsnHNHkTO6uU7LjKPhONBFOFNX4bJcXPRR.sUtA4EW',	'owner',	1,	1,	NULL,	'',	'7897897897',	'8929 Fremont Court \r\nMchenry, \r\nIL 60050',	0,	NULL,	NULL,	NULL,	NULL,	NULL,	NULL,	NULL,	'qV42XChF25uSvJZtoxATRH19sdbRGs4WEEbUJMRTj2JU62rIS5dWQ0n9iMIa',	NULL,	NULL,	'2018-04-03 07:42:27',	'2019-06-10 13:18:41',	1,	NULL,	NULL,	NULL,	NULL,	NULL,	NULL,	NULL,	NULL,	NULL,	NULL,	NULL,	NULL,	NULL,	NULL,	NULL,	NULL,	NULL,	NULL,	NULL,	NULL,	NULL,	NULL),
(7,	'John',	'Student',	'student@student.com',	'$2y$10$lhv.EE91oejqsnHNHkTO6uU7LjKPhONBFOFNX4bJcXPRR.sUtA4EW',	'john-17',	1,	5,	10,	'7.jpeg',	'7897897897',	'4089 Charles Street\r\nDexter, MI 48130',	0,	NULL,	NULL,	NULL,	NULL,	NULL,	NULL,	NULL,	'BpRVxYmEVnzKGTb5byS0nEm2WpGB4lm66r9rfJsH1LDHOxbZq8pmDaSvf0XX',	'{\"user_preferences\":{\"quiz_categories\":[1,3,4,5,6,7],\"lms_categories\":[1,2,3,4,5,6]}}',	NULL,	'2018-04-03 08:59:59',	'2019-06-11 04:46:12',	1,	NULL,	'M.Tech',	'Electronics and Communications',	'University of Hyderabad',	'Hyderabad',	'Telangana',	'India',	'\r\n\r\n    Greeted and proactively assisted visitors in a timely manner\r\n    Guaranteed prompt delivery of incoming mail to appropriate recipients\r\n    Streamlined processes to effectively track, order, and maintain inventory\r\n\r\n',	'\r\n\r\n    Greeted and proactively assisted visitors in a timely manner\r\n    Guaranteed prompt delivery of incoming mail to appropriate recipients\r\n    Streamlined processes to effectively track, order, and maintain inventory\r\n\r\n',	'Male',	'2016-06-17',	'Unmarried',	'Indian',	'David',	'Hindi,English, Telugu',	'PAS45645',	'101 School Drive\r\nSimpsonville, SC 29680',	'Compassion.\r\nOptimism or Realism.\r\nCommitment and Loyalty.\r\nResilience.\r\nSelf-confidence.\r\nSelf-Control.\r\nSense of direction',	NULL,	NULL,	'Looking for a challenging role in a reputable organization to utilize my technical, database, and management skills for the growth of the organization as well as to enhance my knowledge about new and emerging trends in the IT sector.',	'I hereby declare that the information furnished above is true to the best of my knowledge. I do hereby declare that above particulars of information and facts stated are true, correct and complete to the best of my knowledge and belief.'),
(10,	'Parent',	'Parent',	'parent@parent.com',	'$2y$10$lhv.EE91oejqsnHNHkTO6uU7LjKPhONBFOFNX4bJcXPRR.sUtA4EW',	'parent-9',	1,	6,	NULL,	'',	'7897897897',	'This is my Test Address',	0,	NULL,	NULL,	NULL,	NULL,	NULL,	NULL,	NULL,	'fcWjxmWienDppMhboFLsyTi2xOMJJYtXDA1fFmmGqYVg4PH72Wgb0ombSeQe',	'{\"user_preferences\":{\"quiz_categories\":[1,2,3,4,5],\"lms_categories\":[1,2,3,4,5,6]}}',	NULL,	'2018-04-03 10:51:01',	'2018-04-03 12:54:43',	1,	NULL,	NULL,	NULL,	NULL,	NULL,	NULL,	NULL,	NULL,	NULL,	NULL,	NULL,	NULL,	NULL,	NULL,	NULL,	NULL,	NULL,	NULL,	NULL,	NULL,	NULL,	NULL),
(12,	'Admin',	'admin',	'admin@admin.com',	'$2y$10$YrAdizSQHZ.hvn00Du0EOuA/Rp.WF1G5t5PJSxtQQClALdnfIHV6i',	'admin-11',	1,	2,	NULL,	'',	'9966874626',	'Hyderabad',	0,	NULL,	NULL,	NULL,	NULL,	NULL,	NULL,	NULL,	'41D7Gy2aqYRbtLTtb3eSU6zcADYbYcjDWrcZEnUT3t8Tkh2pxzGT5eUaWsMf',	NULL,	NULL,	'2019-05-21 23:16:25',	'2019-05-21 23:16:25',	1,	NULL,	NULL,	NULL,	NULL,	NULL,	NULL,	NULL,	NULL,	NULL,	NULL,	NULL,	NULL,	NULL,	NULL,	NULL,	NULL,	NULL,	NULL,	NULL,	NULL,	NULL,	NULL),
(17,	'Chrissy',	'cyeld0',	'cbrisard0@fotki.com',	'$2y$10$ALChnwxtoplX4oW/.K82Gukr72ZPKoDmsDONStMO0m9LEbLZTGmQy',	'chrissy-4',	1,	5,	NULL,	'17.jpeg',	'9309236136',	'38676 Farragut Parkway',	0,	NULL,	NULL,	NULL,	NULL,	NULL,	NULL,	NULL,	'2jKRCdLWtUwkzXK4oaPydRI3nIOIOn4ylr19M0Uu8ljNNCnHblnFe0B4FjSv',	NULL,	NULL,	'2019-06-03 11:31:15',	'2019-06-10 11:57:20',	1,	NULL,	NULL,	NULL,	NULL,	NULL,	NULL,	NULL,	NULL,	NULL,	NULL,	NULL,	NULL,	NULL,	NULL,	NULL,	NULL,	NULL,	NULL,	NULL,	NULL,	NULL,	NULL),
(18,	'Bayard',	'bgirodon1',	'bdovidian1@dropbox.com',	'$2y$10$wWz7VoPC3u6W6w05Z/119uNNbGAMUokVaTDk0rh6e5CV.OWSiPyze',	'bayard-5',	1,	5,	NULL,	'',	'955-654-7711',	'6 Old Shore Park',	0,	NULL,	NULL,	NULL,	NULL,	NULL,	NULL,	NULL,	NULL,	NULL,	NULL,	'2019-06-03 11:31:15',	'2019-06-03 11:31:15',	0,	NULL,	NULL,	NULL,	NULL,	NULL,	NULL,	NULL,	NULL,	NULL,	NULL,	NULL,	NULL,	NULL,	NULL,	NULL,	NULL,	NULL,	NULL,	NULL,	NULL,	NULL,	NULL),
(19,	'Ivan',	'imorkham2',	'iblackaller2@dailymail.co.uk',	'$2y$10$Zf/S9z6iir66WyJWYIyZ8uYvCOzg0q105GtzNNmuIunU9MzOWDfeG',	'ivan-6',	1,	5,	NULL,	'19.jpeg',	'2222327440',	'33 Bunker Hill Court',	0,	NULL,	NULL,	NULL,	NULL,	NULL,	NULL,	NULL,	'IehgZ4CnQJm4ps0EJS4fjbU2pazpkiABqJa7mZKfVpfAdwiLGjLmt9jtzIre',	NULL,	NULL,	'2019-06-03 11:31:15',	'2019-06-10 11:56:44',	1,	NULL,	NULL,	NULL,	NULL,	NULL,	NULL,	NULL,	NULL,	NULL,	NULL,	NULL,	NULL,	NULL,	NULL,	NULL,	NULL,	NULL,	NULL,	NULL,	NULL,	NULL,	NULL),
(20,	'Martino',	'mkislingbury3',	'mtomkin3@dion.ne.jp',	'$2y$10$fSJH9I3zxHmwRGTUfoscCu/jsj82zyiSO66nJ.rbAd.sZVFSSPgnu',	'martino-7',	1,	5,	NULL,	'20.jpeg',	'9283499765',	'66 Gulseth Trail',	0,	NULL,	NULL,	NULL,	NULL,	NULL,	NULL,	NULL,	'27bUdpvHCsAb5A2PH7eC2Lg9l1sIqXaWkP75fAEODF0dpgfbXc8icYFNPgnf',	NULL,	NULL,	'2019-06-03 11:31:15',	'2019-06-10 11:58:19',	1,	NULL,	NULL,	NULL,	NULL,	NULL,	NULL,	NULL,	NULL,	NULL,	NULL,	NULL,	NULL,	NULL,	NULL,	NULL,	NULL,	NULL,	NULL,	NULL,	NULL,	NULL,	NULL),
(21,	'Erhard',	'egarbert4',	'eroskrug4@ed.gov',	'$2y$10$3Htxfu8S0VpswD15hs.yqukTCWjOVikuo31VfH396HpinaebIBO4i',	'erhard-8',	1,	5,	NULL,	'',	'672-239-3126',	'555 Summerview Plaza',	0,	NULL,	NULL,	NULL,	NULL,	NULL,	NULL,	NULL,	NULL,	NULL,	NULL,	'2019-06-03 11:31:16',	'2019-06-03 11:31:16',	0,	NULL,	NULL,	NULL,	NULL,	NULL,	NULL,	NULL,	NULL,	NULL,	NULL,	NULL,	NULL,	NULL,	NULL,	NULL,	NULL,	NULL,	NULL,	NULL,	NULL,	NULL,	NULL),
(22,	'Raddy',	'rcaine5',	'rmcguckin5@nytimes.com',	'$2y$10$WYLHr6JQyQZJOAhbllb8eO5HZ7ndenSXYY.Zkosokq7jeEto.NDBa',	'raddy-9',	1,	5,	NULL,	'',	'217-609-8401',	'45019 Stone Corner Street',	0,	NULL,	NULL,	NULL,	NULL,	NULL,	NULL,	NULL,	NULL,	NULL,	NULL,	'2019-06-03 11:31:16',	'2019-06-03 11:31:16',	0,	NULL,	NULL,	NULL,	NULL,	NULL,	NULL,	NULL,	NULL,	NULL,	NULL,	NULL,	NULL,	NULL,	NULL,	NULL,	NULL,	NULL,	NULL,	NULL,	NULL,	NULL,	NULL),
(23,	'Dennis',	'dpaulon6',	'dwhitticks6@walmart.com',	'$2y$10$Xr6Qrws8H0OxnEyest/jSesrnfAyrW14GsST4vuOmYMEtYcZJeqVm',	'dennis-10',	1,	5,	NULL,	'',	'653-623-9004',	'5670 Arkansas Hill',	0,	NULL,	NULL,	NULL,	NULL,	NULL,	NULL,	NULL,	NULL,	NULL,	NULL,	'2019-06-03 11:31:16',	'2019-06-03 11:31:16',	1,	NULL,	NULL,	NULL,	NULL,	NULL,	NULL,	NULL,	NULL,	NULL,	NULL,	NULL,	NULL,	NULL,	NULL,	NULL,	NULL,	NULL,	NULL,	NULL,	NULL,	NULL,	NULL),
(24,	'Myer',	'mbeldam7',	'mtrevarthen7@usa.gov',	'$2y$10$slJybVuZdd4TEjnq/avREedd9rWUl9FzyDZF0tkcgT79s2dGI1w12',	'myer-11',	1,	5,	NULL,	'',	'162-127-0386',	'25006 Melrose Drive',	0,	NULL,	NULL,	NULL,	NULL,	NULL,	NULL,	NULL,	NULL,	NULL,	NULL,	'2019-06-03 11:31:16',	'2019-06-03 11:31:16',	0,	NULL,	NULL,	NULL,	NULL,	NULL,	NULL,	NULL,	NULL,	NULL,	NULL,	NULL,	NULL,	NULL,	NULL,	NULL,	NULL,	NULL,	NULL,	NULL,	NULL,	NULL,	NULL),
(25,	'Dud',	'dpuller8',	'dmckerley8@phoca.cz',	'$2y$10$y1izImJJSlFtoH1/UJ3UPuSXovUMoDQ/bCuLipwI/2/mNwFXy1CGe',	'dud-12',	1,	5,	NULL,	'',	'792-597-7244',	'3968 Birchwood Alley',	0,	NULL,	NULL,	NULL,	NULL,	NULL,	NULL,	NULL,	NULL,	NULL,	NULL,	'2019-06-03 11:31:16',	'2019-06-03 11:31:16',	0,	NULL,	NULL,	NULL,	NULL,	NULL,	NULL,	NULL,	NULL,	NULL,	NULL,	NULL,	NULL,	NULL,	NULL,	NULL,	NULL,	NULL,	NULL,	NULL,	NULL,	NULL,	NULL),
(26,	'Alic',	'ashelper9',	'avalerius9@discovery.com',	'$2y$10$q8NHk7AfFZgPBDZR/8foBO0HlkSU8ViUVGiPAG964kWwf3K9OuSUm',	'alic-13',	1,	5,	NULL,	'',	'716-707-4998',	'527 Beilfuss Street',	0,	NULL,	NULL,	NULL,	NULL,	NULL,	NULL,	NULL,	'tOvyhna92d3HJankqRglwtmpVDyMXoZDcsIW5Jvn6665mYCaDjFztFQGqzpO',	NULL,	NULL,	'2019-06-03 11:31:16',	'2019-06-10 04:45:55',	0,	NULL,	NULL,	NULL,	NULL,	NULL,	NULL,	NULL,	NULL,	NULL,	NULL,	NULL,	NULL,	NULL,	NULL,	NULL,	NULL,	NULL,	NULL,	NULL,	NULL,	NULL,	NULL),
(27,	'Lewiss',	'lpymera',	'lstillinga@geocities.com',	'$2y$10$bltYm8kn2NUPx3WLruboPeRwy2NwfyvEZWyzByUhDxLBdgw9LgtLK',	'lewiss-14',	1,	5,	NULL,	'',	'183-221-7063',	'3753 Carpenter Road',	0,	NULL,	NULL,	NULL,	NULL,	NULL,	NULL,	NULL,	NULL,	NULL,	NULL,	'2019-06-03 11:31:16',	'2019-06-03 11:31:16',	0,	NULL,	NULL,	NULL,	NULL,	NULL,	NULL,	NULL,	NULL,	NULL,	NULL,	NULL,	NULL,	NULL,	NULL,	NULL,	NULL,	NULL,	NULL,	NULL,	NULL,	NULL,	NULL),
(28,	'Kiel',	'kbilfootb',	'kpoelb@mtv.com',	'$2y$10$hf0rSIu5j.1q7mCngi.yPuWU89fm2qFvoTylA6AgHlKzexlvR3D4i',	'kiel-15',	1,	5,	NULL,	'',	'231-954-1992',	'941 Eastwood Pass',	0,	NULL,	NULL,	NULL,	NULL,	NULL,	NULL,	NULL,	NULL,	NULL,	NULL,	'2019-06-03 11:31:16',	'2019-06-03 11:31:16',	0,	NULL,	NULL,	NULL,	NULL,	NULL,	NULL,	NULL,	NULL,	NULL,	NULL,	NULL,	NULL,	NULL,	NULL,	NULL,	NULL,	NULL,	NULL,	NULL,	NULL,	NULL,	NULL),
(29,	'Rand',	'rabramowitchc',	'rinstockc@gnu.org',	'$2y$10$WEKtg0gBz.JkdjXyI/YAYu4UEmCDy5HRmmbU3FNxQB477uqkv4mpq',	'rand-16',	1,	5,	NULL,	'',	'374-463-3218',	'96179 Hanson Way',	0,	NULL,	NULL,	NULL,	NULL,	NULL,	NULL,	NULL,	NULL,	NULL,	NULL,	'2019-06-03 11:31:16',	'2019-06-03 11:31:16',	0,	NULL,	NULL,	NULL,	NULL,	NULL,	NULL,	NULL,	NULL,	NULL,	NULL,	NULL,	NULL,	NULL,	NULL,	NULL,	NULL,	NULL,	NULL,	NULL,	NULL,	NULL,	NULL),
(47,	'Rahul',	'Rahul',	'rahul@gmail.com',	'$2y$10$6nL2cY9Wjw3J7giR2WoifOXbgJVHedMcDni9Md/CQiTLtDK9q5G2K',	'rahul-17',	1,	5,	NULL,	'',	'1231231232',	'Hyderabad',	0,	NULL,	NULL,	NULL,	NULL,	NULL,	NULL,	NULL,	NULL,	NULL,	NULL,	'2019-06-10 09:08:41',	'2019-06-10 09:08:41',	0,	'aNDqmHebxUWfpNXzO2W3RSfkYoL9gW',	NULL,	NULL,	NULL,	NULL,	NULL,	NULL,	NULL,	NULL,	NULL,	NULL,	NULL,	NULL,	NULL,	NULL,	NULL,	NULL,	NULL,	NULL,	NULL,	NULL,	NULL),
(48,	'Roy',	'Roy',	'roy@gmail.com',	'$2y$10$5kU8Y2BLmIbf8PEJoeKiOOoNtcau7cYI/XQiMDhrHd965F8AfwHtO',	'roy-18',	1,	5,	NULL,	'',	'1231231232',	'Hyderabad',	0,	NULL,	NULL,	NULL,	NULL,	NULL,	NULL,	NULL,	NULL,	NULL,	NULL,	'2019-06-10 09:08:41',	'2019-06-10 09:08:41',	0,	'4wkV5ukO9FjLywYziQv8Zn9A1n02uu',	NULL,	NULL,	NULL,	NULL,	NULL,	NULL,	NULL,	NULL,	NULL,	NULL,	NULL,	NULL,	NULL,	NULL,	NULL,	NULL,	NULL,	NULL,	NULL,	NULL,	NULL),
(49,	'Dravid',	'Dravid',	'dravid@gmail.com',	'$2y$10$Fj2sNXd3AGTkjnxspN2v3.2/.pW4VqTuYvus6HeUzunvAAqwctldq',	'dravid-19',	1,	5,	NULL,	'',	'1231231232',	'Hyderabad',	0,	NULL,	NULL,	NULL,	NULL,	NULL,	NULL,	NULL,	NULL,	NULL,	NULL,	'2019-06-10 09:08:41',	'2019-06-10 09:08:41',	0,	'efa3G2WCNtBnUjuo9RZCPsRkk7gn0d',	NULL,	NULL,	NULL,	NULL,	NULL,	NULL,	NULL,	NULL,	NULL,	NULL,	NULL,	NULL,	NULL,	NULL,	NULL,	NULL,	NULL,	NULL,	NULL,	NULL,	NULL),
(50,	'Susan D. Jones',	'Susan',	'Susan@oes.com',	'$2y$10$g5vganGnH/kYnShBAEj0pOIOzBKRs5uF9ZkxPfh7.FqVj1/LylwCS',	'susan-d-jones-20',	1,	5,	NULL,	'',	'7142625702',	'4699 Angie Drive\r\nIrvine, CA 92664',	0,	NULL,	NULL,	NULL,	NULL,	NULL,	NULL,	NULL,	NULL,	NULL,	NULL,	'2019-06-12 05:53:08',	'2019-06-12 05:53:08',	0,	'3wtUy8QI18WLYTnPSTxSDnGLdXASKm',	NULL,	NULL,	NULL,	NULL,	NULL,	NULL,	NULL,	NULL,	NULL,	NULL,	NULL,	NULL,	NULL,	NULL,	NULL,	NULL,	NULL,	NULL,	NULL,	NULL,	NULL),
(51,	'Alissa M. Morrison',	'Alissa',	'Alissa@oes.com',	'$2y$10$9BceI594Ulfxpnz8.xmze.hsXcXWbFGPs8r2imnvwnnopWpTafEmC',	'alissa-m-morrison-21',	1,	5,	10,	'',	'7706406456',	'3876 Lakeland Park Drive\r\nRoswell, GA 30075\r\n',	0,	NULL,	NULL,	NULL,	NULL,	NULL,	NULL,	NULL,	'sJuvqhyKiVQvdAIZ9ZXQtRPlvtXylFPpzg8edZY5SSG5ysh1hgRW0c9jOH7N',	'{\"user_preferences\":{\"quiz_categories\":[1,3,4,5,6,7],\"lms_categories\":[1,2,3,4,5,6]}}',	NULL,	'2019-06-12 05:58:24',	'2019-06-12 06:00:56',	1,	'V2LSfixwr8TcJbi7xKLVak6Jys6egb',	NULL,	NULL,	NULL,	NULL,	NULL,	NULL,	NULL,	NULL,	NULL,	NULL,	NULL,	NULL,	NULL,	NULL,	NULL,	NULL,	NULL,	NULL,	NULL,	NULL,	NULL);

DROP TABLE IF EXISTS `workexperience`;
CREATE TABLE `workexperience` (
  `id` int(10) unsigned NOT NULL AUTO_INCREMENT,
  `user_id` bigint(20) unsigned DEFAULT NULL,
  `work_experience` text COLLATE utf8_unicode_ci,
  `from_date` varchar(20) COLLATE utf8_unicode_ci DEFAULT NULL,
  `to_date` varchar(20) COLLATE utf8_unicode_ci DEFAULT NULL,
  `created_at` timestamp NULL DEFAULT NULL,
  `updated_at` timestamp NULL DEFAULT NULL,
  PRIMARY KEY (`id`)
) ENGINE=InnoDB DEFAULT CHARSET=utf8 COLLATE=utf8_unicode_ci;

INSERT INTO `workexperience` (`id`, `user_id`, `work_experience`, `from_date`, `to_date`, `created_at`, `updated_at`) VALUES
(11,	7,	'IT Professional with Ten Years of Experience in Software Support\n\n    Skilled at operating in a wide range of platforms.\n    Experience training interns and new hires in various software.\n    Capable of explaining complex software issues in easy-to-understand terms.',	'2017-03-29',	'Present',	'2019-06-10 05:51:41',	'2019-06-10 05:51:41');

-- 2019-06-12 07:40:25
